experimento,fecha_bloque,algoritmo,semilla,lambda,colapso,metrica_sla,costo_por_pedido,unidades_bloque
1,2028-12-01,ACS,1,1.0000,true,,,6061
1,2028-12-01,ACS,2,1.0000,true,,,6061
1,2028-12-01,ACS,3,1.0000,true,,,6061
1,2028-12-01,ACS,4,1.0000,true,,,6061
1,2028-12-01,ACS,5,1.0000,true,,,6061
1,2028-12-01,GRASP_VNS,1,1.0000,true,,,6061
1,2028-12-01,GRASP_VNS,2,1.0000,true,,,6061
1,2028-12-01,GRASP_VNS,3,1.0000,true,,,6061
1,2028-12-01,GRASP_VNS,4,1.0000,true,,,6061
1,2028-12-01,GRASP_VNS,5,1.0000,true,,,6061
1,2028-12-03,ACS,1,1.0000,true,,,5772
1,2028-12-03,ACS,2,1.0000,true,,,5772
1,2028-12-03,ACS,3,1.0000,true,,,5772
1,2028-12-03,ACS,4,1.0000,true,,,5772
1,2028-12-03,ACS,5,1.0000,true,,,5772
1,2028-12-03,GRASP_VNS,1,1.0000,true,,,5772
1,2028-12-03,GRASP_VNS,2,1.0000,true,,,5772
1,2028-12-03,GRASP_VNS,3,1.0000,true,,,5772
1,2028-12-03,GRASP_VNS,4,1.0000,true,,,5772
1,2028-12-03,GRASP_VNS,5,1.0000,true,,,5772
1,2028-11-03,ACS,1,1.0000,true,,,5708
1,2028-11-03,ACS,2,1.0000,true,,,5708
1,2028-11-03,ACS,3,1.0000,true,,,5708
1,2028-11-03,ACS,4,1.0000,true,,,5708
1,2028-11-03,ACS,5,1.0000,true,,,5708
1,2028-11-03,GRASP_VNS,1,1.0000,true,,,5708
1,2028-11-03,GRASP_VNS,2,1.0000,true,,,5708
1,2028-11-03,GRASP_VNS,3,1.0000,true,,,5708
1,2028-11-03,GRASP_VNS,4,1.0000,true,,,5708
1,2028-11-03,GRASP_VNS,5,1.0000,true,,,5708
1,2028-10-02,ACS,1,1.0000,true,,,5661
1,2028-10-02,ACS,2,1.0000,true,,,5661
1,2028-10-02,ACS,3,1.0000,true,,,5661
1,2028-10-02,ACS,4,1.0000,true,,,5661
1,2028-10-02,ACS,5,1.0000,true,,,5661
1,2028-10-02,GRASP_VNS,1,1.0000,true,,,5661
1,2028-10-02,GRASP_VNS,2,1.0000,true,,,5661
1,2028-10-02,GRASP_VNS,3,1.0000,true,,,5661
1,2028-10-02,GRASP_VNS,4,1.0000,true,,,5661
1,2028-10-02,GRASP_VNS,5,1.0000,true,,,5661
1,2028-08-04,ACS,1,1.0000,true,,,5077
1,2028-08-04,ACS,2,1.0000,true,,,5077
1,2028-08-04,ACS,3,1.0000,true,,,5077
1,2028-08-04,ACS,4,1.0000,true,,,5077
1,2028-08-04,ACS,5,1.0000,true,,,5077
1,2028-08-04,GRASP_VNS,1,1.0000,true,,,5077
1,2028-08-04,GRASP_VNS,2,1.0000,true,,,5077
1,2028-08-04,GRASP_VNS,3,1.0000,true,,,5077
1,2028-08-04,GRASP_VNS,4,1.0000,true,,,5077
1,2028-08-04,GRASP_VNS,5,1.0000,true,,,5077
1,2028-08-01,ACS,1,1.0000,true,,,5039
1,2028-08-01,ACS,2,1.0000,true,,,5039
1,2028-08-01,ACS,3,1.0000,true,,,5039
1,2028-08-01,ACS,4,1.0000,true,,,5039
1,2028-08-01,ACS,5,1.0000,true,,,5039
1,2028-08-01,GRASP_VNS,1,1.0000,true,,,5039
1,2028-08-01,GRASP_VNS,2,1.0000,true,,,5039
1,2028-08-01,GRASP_VNS,3,1.0000,true,,,5039
1,2028-08-01,GRASP_VNS,4,1.0000,true,,,5039
1,2028-08-01,GRASP_VNS,5,1.0000,true,,,5039
1,2028-12-02,ACS,1,1.0000,true,,,5025
1,2028-12-02,ACS,2,1.0000,true,,,5025
1,2028-12-02,ACS,3,1.0000,true,,,5025
1,2028-12-02,ACS,4,1.0000,true,,,5025
1,2028-12-02,ACS,5,1.0000,true,,,5025
1,2028-12-02,GRASP_VNS,1,1.0000,true,,,5025
1,2028-12-02,GRASP_VNS,2,1.0000,true,,,5025
1,2028-12-02,GRASP_VNS,3,1.0000,true,,,5025
1,2028-12-02,GRASP_VNS,4,1.0000,true,,,5025
1,2028-12-02,GRASP_VNS,5,1.0000,true,,,5025
1,2028-11-04,ACS,1,1.0000,true,,,4992
1,2028-11-04,ACS,2,1.0000,true,,,4992
1,2028-11-04,ACS,3,1.0000,true,,,4992
1,2028-11-04,ACS,4,1.0000,true,,,4992
1,2028-11-04,ACS,5,1.0000,true,,,4992
1,2028-11-04,GRASP_VNS,1,1.0000,true,,,4992
1,2028-11-04,GRASP_VNS,2,1.0000,true,,,4992
1,2028-11-04,GRASP_VNS,3,1.0000,true,,,4992
1,2028-11-04,GRASP_VNS,4,1.0000,true,,,4992
1,2028-11-04,GRASP_VNS,5,1.0000,true,,,4992
1,2028-06-05,ACS,1,1.0000,true,,,4884
1,2028-06-05,ACS,2,1.0000,true,,,4884
1,2028-06-05,ACS,3,1.0000,true,,,4884
1,2028-06-05,ACS,4,1.0000,true,,,4884
1,2028-06-05,ACS,5,1.0000,true,,,4884
1,2028-06-05,GRASP_VNS,1,1.0000,true,,,4884
1,2028-06-05,GRASP_VNS,2,1.0000,true,,,4884
1,2028-06-05,GRASP_VNS,3,1.0000,true,,,4884
1,2028-06-05,GRASP_VNS,4,1.0000,true,,,4884
1,2028-06-05,GRASP_VNS,5,1.0000,true,,,4884
1,2028-09-04,ACS,1,1.0000,true,,,4826
1,2028-09-04,ACS,2,1.0000,true,,,4826
1,2028-09-04,ACS,3,1.0000,true,,,4826
1,2028-09-04,ACS,4,1.0000,true,,,4826
1,2028-09-04,ACS,5,1.0000,true,,,4826
1,2028-09-04,GRASP_VNS,1,1.0000,true,,,4826
1,2028-09-04,GRASP_VNS,2,1.0000,true,,,4826
1,2028-09-04,GRASP_VNS,3,1.0000,true,,,4826
1,2028-09-04,GRASP_VNS,4,1.0000,true,,,4826
1,2028-09-04,GRASP_VNS,5,1.0000,true,,,4826
1,2028-09-02,ACS,1,1.0000,true,,,4941
1,2028-09-02,ACS,2,1.0000,true,,,4941
1,2028-09-02,ACS,3,1.0000,true,,,4941
1,2028-09-02,ACS,4,1.0000,true,,,4941
1,2028-09-02,ACS,5,1.0000,true,,,4941
1,2028-09-02,GRASP_VNS,1,1.0000,true,,,4941
1,2028-09-02,GRASP_VNS,2,1.0000,true,,,4941
1,2028-09-02,GRASP_VNS,3,1.0000,true,,,4941
1,2028-09-02,GRASP_VNS,4,1.0000,true,,,4941
1,2028-09-02,GRASP_VNS,5,1.0000,true,,,4941
1,2028-10-01,ACS,1,1.0000,true,,,4706
1,2028-10-01,ACS,2,1.0000,true,,,4706
1,2028-10-01,ACS,3,1.0000,true,,,4706
1,2028-10-01,ACS,4,1.0000,true,,,4706
1,2028-10-01,ACS,5,1.0000,true,,,4706
1,2028-10-01,GRASP_VNS,1,1.0000,true,,,4706
1,2028-10-01,GRASP_VNS,2,1.0000,true,,,4706
1,2028-10-01,GRASP_VNS,3,1.0000,true,,,4706
1,2028-10-01,GRASP_VNS,4,1.0000,true,,,4706
1,2028-10-01,GRASP_VNS,5,1.0000,true,,,4706
1,2028-10-06,ACS,1,1.0000,true,,,4684
1,2028-10-06,ACS,2,1.0000,true,,,4684
1,2028-10-06,ACS,3,1.0000,true,,,4684
1,2028-10-06,ACS,4,1.0000,true,,,4684
1,2028-10-06,ACS,5,1.0000,true,,,4684
1,2028-10-06,GRASP_VNS,1,1.0000,true,,,4684
1,2028-10-06,GRASP_VNS,2,1.0000,true,,,4684
1,2028-10-06,GRASP_VNS,3,1.0000,true,,,4684
1,2028-10-06,GRASP_VNS,4,1.0000,true,,,4684
1,2028-10-06,GRASP_VNS,5,1.0000,true,,,4684
1,2028-12-04,ACS,1,1.0000,true,,,4919
1,2028-12-04,ACS,2,1.0000,true,,,4919
1,2028-12-04,ACS,3,1.0000,true,,,4919
1,2028-12-04,ACS,4,1.0000,true,,,4919
1,2028-12-04,ACS,5,1.0000,true,,,4919
1,2028-12-04,GRASP_VNS,1,1.0000,true,,,4919
1,2028-12-04,GRASP_VNS,2,1.0000,true,,,4919
1,2028-12-04,GRASP_VNS,3,1.0000,true,,,4919
1,2028-12-04,GRASP_VNS,4,1.0000,true,,,4919
1,2028-12-04,GRASP_VNS,5,1.0000,true,,,4919
1,2028-06-04,ACS,1,1.0000,true,,,4877
1,2028-06-04,ACS,2,1.0000,true,,,4877
1,2028-06-04,ACS,3,1.0000,true,,,4877
1,2028-06-04,ACS,4,1.0000,true,,,4877
1,2028-06-04,ACS,5,1.0000,true,,,4877
1,2028-06-04,GRASP_VNS,1,1.0000,true,,,4877
1,2028-06-04,GRASP_VNS,2,1.0000,true,,,4877
1,2028-06-04,GRASP_VNS,3,1.0000,true,,,4877
1,2028-06-04,GRASP_VNS,4,1.0000,true,,,4877
1,2028-06-04,GRASP_VNS,5,1.0000,true,,,4877
1,2028-11-05,ACS,1,1.0000,true,,,4706
1,2028-11-05,ACS,2,1.0000,true,,,4706
1,2028-11-05,ACS,3,1.0000,true,,,4706
1,2028-11-05,ACS,4,1.0000,true,,,4706
1,2028-11-05,ACS,5,1.0000,true,,,4706
1,2028-11-05,GRASP_VNS,1,1.0000,true,,,4706
1,2028-11-05,GRASP_VNS,2,1.0000,true,,,4706
1,2028-11-05,GRASP_VNS,3,1.0000,true,,,4706
1,2028-11-05,GRASP_VNS,4,1.0000,true,,,4706
1,2028-11-05,GRASP_VNS,5,1.0000,true,,,4706
1,2028-09-06,ACS,1,1.0000,true,,,4572
1,2028-09-06,ACS,2,1.0000,true,,,4572
1,2028-09-06,ACS,3,1.0000,true,,,4572
1,2028-09-06,ACS,4,1.0000,true,,,4572
1,2028-09-06,ACS,5,1.0000,true,,,4572
1,2028-09-06,GRASP_VNS,1,1.0000,true,,,4572
1,2028-09-06,GRASP_VNS,2,1.0000,true,,,4572
1,2028-09-06,GRASP_VNS,3,1.0000,true,,,4572
1,2028-09-06,GRASP_VNS,4,1.0000,true,,,4572
1,2028-09-06,GRASP_VNS,5,1.0000,true,,,4572
1,2028-11-01,ACS,1,1.0000,true,,,4543
1,2028-11-01,ACS,2,1.0000,true,,,4543
1,2028-11-01,ACS,3,1.0000,true,,,4543
1,2028-11-01,ACS,4,1.0000,true,,,4543
1,2028-11-01,ACS,5,1.0000,true,,,4543
1,2028-11-01,GRASP_VNS,1,1.0000,true,,,4543
1,2028-11-01,GRASP_VNS,2,1.0000,true,,,4543
1,2028-11-01,GRASP_VNS,3,1.0000,true,,,4543
1,2028-11-01,GRASP_VNS,4,1.0000,true,,,4543
1,2028-11-01,GRASP_VNS,5,1.0000,true,,,4543
1,2028-11-02,ACS,1,1.0000,true,,,4585
1,2028-11-02,ACS,2,1.0000,true,,,4585
1,2028-11-02,ACS,3,1.0000,true,,,4585
1,2028-11-02,ACS,4,1.0000,true,,,4585
1,2028-11-02,ACS,5,1.0000,true,,,4585
1,2028-11-02,GRASP_VNS,1,1.0000,true,,,4585
1,2028-11-02,GRASP_VNS,2,1.0000,true,,,4585
1,2028-11-02,GRASP_VNS,3,1.0000,true,,,4585
1,2028-11-02,GRASP_VNS,4,1.0000,true,,,4585
1,2028-11-02,GRASP_VNS,5,1.0000,true,,,4585
1,2028-06-02,ACS,1,1.0000,true,,,4506
1,2028-06-02,ACS,2,1.0000,true,,,4506
1,2028-06-02,ACS,3,1.0000,true,,,4506
1,2028-06-02,ACS,4,1.0000,true,,,4506
1,2028-06-02,ACS,5,1.0000,true,,,4506
1,2028-06-02,GRASP_VNS,1,1.0000,true,,,4506
1,2028-06-02,GRASP_VNS,2,1.0000,true,,,4506
1,2028-06-02,GRASP_VNS,3,1.0000,true,,,4506
1,2028-06-02,GRASP_VNS,4,1.0000,true,,,4506
1,2028-06-02,GRASP_VNS,5,1.0000,true,,,4506
1,2028-04-04,ACS,1,1.0000,true,,,4496
1,2028-04-04,ACS,2,1.0000,true,,,4496
1,2028-04-04,ACS,3,1.0000,true,,,4496
1,2028-04-04,ACS,4,1.0000,true,,,4496
1,2028-04-04,ACS,5,1.0000,true,,,4496
1,2028-04-04,GRASP_VNS,1,1.0000,true,,,4496
1,2028-04-04,GRASP_VNS,2,1.0000,true,,,4496
1,2028-04-04,GRASP_VNS,3,1.0000,true,,,4496
1,2028-04-04,GRASP_VNS,4,1.0000,true,,,4496
1,2028-04-04,GRASP_VNS,5,1.0000,true,,,4496
1,2028-07-04,ACS,1,1.0000,true,,,4519
1,2028-07-04,ACS,2,1.0000,true,,,4519
1,2028-07-04,ACS,3,1.0000,true,,,4519
1,2028-07-04,ACS,4,1.0000,true,,,4519
1,2028-07-04,ACS,5,1.0000,true,,,4519
1,2028-07-04,GRASP_VNS,1,1.0000,true,,,4519
1,2028-07-04,GRASP_VNS,2,1.0000,true,,,4519
1,2028-07-04,GRASP_VNS,3,1.0000,true,,,4519
1,2028-07-04,GRASP_VNS,4,1.0000,true,,,4519
1,2028-07-04,GRASP_VNS,5,1.0000,true,,,4519
1,2028-07-03,ACS,1,1.0000,true,,,4363
1,2028-07-03,ACS,2,1.0000,true,,,4363
1,2028-07-03,ACS,3,1.0000,true,,,4363
1,2028-07-03,ACS,4,1.0000,true,,,4363
1,2028-07-03,ACS,5,1.0000,true,,,4363
1,2028-07-03,GRASP_VNS,1,1.0000,true,,,4363
1,2028-07-03,GRASP_VNS,2,1.0000,true,,,4363
1,2028-07-03,GRASP_VNS,3,1.0000,true,,,4363
1,2028-07-03,GRASP_VNS,4,1.0000,true,,,4363
1,2028-07-03,GRASP_VNS,5,1.0000,true,,,4363
1,2028-05-05,ACS,1,1.0000,true,,,4406
1,2028-05-05,ACS,2,1.0000,true,,,4406
1,2028-05-05,ACS,3,1.0000,true,,,4406
1,2028-05-05,ACS,4,1.0000,true,,,4406
1,2028-05-05,ACS,5,1.0000,true,,,4406
1,2028-05-05,GRASP_VNS,1,1.0000,true,,,4406
1,2028-05-05,GRASP_VNS,2,1.0000,true,,,4406
1,2028-05-05,GRASP_VNS,3,1.0000,true,,,4406
1,2028-05-05,GRASP_VNS,4,1.0000,true,,,4406
1,2028-05-05,GRASP_VNS,5,1.0000,true,,,4406
1,2028-09-01,ACS,1,1.0000,true,,,4400
1,2028-09-01,ACS,2,1.0000,true,,,4400
1,2028-09-01,ACS,3,1.0000,true,,,4400
1,2028-09-01,ACS,4,1.0000,true,,,4400
1,2028-09-01,ACS,5,1.0000,true,,,4400
1,2028-09-01,GRASP_VNS,1,1.0000,true,,,4400
1,2028-09-01,GRASP_VNS,2,1.0000,true,,,4400
1,2028-09-01,GRASP_VNS,3,1.0000,true,,,4400
1,2028-09-01,GRASP_VNS,4,1.0000,true,,,4400
1,2028-09-01,GRASP_VNS,5,1.0000,true,,,4400
1,2028-04-01,ACS,1,1.0000,true,,,4326
1,2028-04-01,ACS,2,1.0000,true,,,4326
1,2028-04-01,ACS,3,1.0000,true,,,4326
1,2028-04-01,ACS,4,1.0000,true,,,4326
1,2028-04-01,ACS,5,1.0000,true,,,4326
1,2028-04-01,GRASP_VNS,1,1.0000,true,,,4326
1,2028-04-01,GRASP_VNS,2,1.0000,true,,,4326
1,2028-04-01,GRASP_VNS,3,1.0000,true,,,4326
1,2028-04-01,GRASP_VNS,4,1.0000,true,,,4326
1,2028-04-01,GRASP_VNS,5,1.0000,true,,,4326
1,2028-06-06,ACS,1,1.0000,true,,,4273
1,2028-06-06,ACS,2,1.0000,true,,,4273
1,2028-06-06,ACS,3,1.0000,true,,,4273
1,2028-06-06,ACS,4,1.0000,true,,,4273
1,2028-06-06,ACS,5,1.0000,true,,,4273
1,2028-06-06,GRASP_VNS,1,1.0000,true,,,4273
1,2028-06-06,GRASP_VNS,2,1.0000,true,,,4273
1,2028-06-06,GRASP_VNS,3,1.0000,true,,,4273
1,2028-06-06,GRASP_VNS,4,1.0000,true,,,4273
1,2028-06-06,GRASP_VNS,5,1.0000,true,,,4273
1,2028-09-05,ACS,1,1.0000,true,,,4385
1,2028-09-05,ACS,2,1.0000,true,,,4385
1,2028-09-05,ACS,3,1.0000,true,,,4385
1,2028-09-05,ACS,4,1.0000,true,,,4385
1,2028-09-05,ACS,5,1.0000,true,,,4385
1,2028-09-05,GRASP_VNS,1,1.0000,true,,,4385
1,2028-09-05,GRASP_VNS,2,1.0000,true,,,4385
1,2028-09-05,GRASP_VNS,3,1.0000,true,,,4385
1,2028-09-05,GRASP_VNS,4,1.0000,true,,,4385
1,2028-09-05,GRASP_VNS,5,1.0000,true,,,4385
1,2028-07-06,ACS,1,1.0000,true,,,4279
1,2028-07-06,ACS,2,1.0000,true,,,4279
1,2028-07-06,ACS,3,1.0000,true,,,4279
1,2028-07-06,ACS,4,1.0000,true,,,4279
1,2028-07-06,ACS,5,1.0000,true,,,4279
1,2028-07-06,GRASP_VNS,1,1.0000,true,,,4279
1,2028-07-06,GRASP_VNS,2,1.0000,true,,,4279
1,2028-07-06,GRASP_VNS,3,1.0000,true,,,4279
1,2028-07-06,GRASP_VNS,4,1.0000,true,,,4279
1,2028-07-06,GRASP_VNS,5,1.0000,true,,,4279
1,2028-04-03,ACS,1,1.0000,true,,,4193
1,2028-04-03,ACS,2,1.0000,true,,,4193
1,2028-04-03,ACS,3,1.0000,true,,,4193
1,2028-04-03,ACS,4,1.0000,true,,,4193
1,2028-04-03,ACS,5,1.0000,true,,,4193
1,2028-04-03,GRASP_VNS,1,1.0000,true,,,4193
1,2028-04-03,GRASP_VNS,2,1.0000,true,,,4193
1,2028-04-03,GRASP_VNS,3,1.0000,true,,,4193
1,2028-04-03,GRASP_VNS,4,1.0000,true,,,4193
1,2028-04-03,GRASP_VNS,5,1.0000,true,,,4193
1,2028-12-05,ACS,1,1.0000,true,,,4135
1,2028-12-05,ACS,2,1.0000,true,,,4135
1,2028-12-05,ACS,3,1.0000,true,,,4135
1,2028-12-05,ACS,4,1.0000,true,,,4135
1,2028-12-05,ACS,5,1.0000,true,,,4135
1,2028-12-05,GRASP_VNS,1,1.0000,true,,,4135
1,2028-12-05,GRASP_VNS,2,1.0000,true,,,4135
1,2028-12-05,GRASP_VNS,3,1.0000,true,,,4135
1,2028-12-05,GRASP_VNS,4,1.0000,true,,,4135
1,2028-12-05,GRASP_VNS,5,1.0000,true,,,4135
1,2028-08-02,ACS,1,1.0000,true,,,3984
1,2028-08-02,ACS,2,1.0000,true,,,3984
1,2028-08-02,ACS,3,1.0000,true,,,3984
1,2028-08-02,ACS,4,1.0000,true,,,3984
1,2028-08-02,ACS,5,1.0000,true,,,3984
1,2028-08-02,GRASP_VNS,1,1.0000,true,,,3984
1,2028-08-02,GRASP_VNS,2,1.0000,true,,,3984
1,2028-08-02,GRASP_VNS,3,1.0000,true,,,3984
1,2028-08-02,GRASP_VNS,4,1.0000,true,,,3984
1,2028-08-02,GRASP_VNS,5,1.0000,true,,,3984
1,2028-10-03,ACS,1,1.0000,true,,,4149
1,2028-10-03,ACS,2,1.0000,true,,,4149
1,2028-10-03,ACS,3,1.0000,true,,,4149
1,2028-10-03,ACS,4,1.0000,true,,,4149
1,2028-10-03,ACS,5,1.0000,true,,,4149
1,2028-10-03,GRASP_VNS,1,1.0000,true,,,4149
1,2028-10-03,GRASP_VNS,2,1.0000,true,,,4149
1,2028-10-03,GRASP_VNS,3,1.0000,true,,,4149
1,2028-10-03,GRASP_VNS,4,1.0000,true,,,4149
1,2028-10-03,GRASP_VNS,5,1.0000,true,,,4149
1,2028-02-07,ACS,1,1.0000,true,,,3936
1,2028-02-07,ACS,2,1.0000,true,,,3936
1,2028-02-07,ACS,3,1.0000,true,,,3936
1,2028-02-07,ACS,4,1.0000,true,,,3936
1,2028-02-07,ACS,5,1.0000,true,,,3936
1,2028-02-07,GRASP_VNS,1,1.0000,true,,,3936
1,2028-02-07,GRASP_VNS,2,1.0000,true,,,3936
1,2028-02-07,GRASP_VNS,3,1.0000,true,,,3936
1,2028-02-07,GRASP_VNS,4,1.0000,true,,,3936
1,2028-02-07,GRASP_VNS,5,1.0000,true,,,3936
1,2028-07-01,ACS,1,1.0000,true,,,4125
1,2028-07-01,ACS,2,1.0000,true,,,4125
1,2028-07-01,ACS,3,1.0000,true,,,4125
1,2028-07-01,ACS,4,1.0000,true,,,4125
1,2028-07-01,ACS,5,1.0000,true,,,4125
1,2028-07-01,GRASP_VNS,1,1.0000,true,,,4125
1,2028-07-01,GRASP_VNS,2,1.0000,true,,,4125
1,2028-07-01,GRASP_VNS,3,1.0000,true,,,4125
1,2028-07-01,GRASP_VNS,4,1.0000,true,,,4125
1,2028-07-01,GRASP_VNS,5,1.0000,true,,,4125
1,2028-10-04,ACS,1,1.0000,true,,,3975
1,2028-10-04,ACS,2,1.0000,true,,,3975
1,2028-10-04,ACS,3,1.0000,true,,,3975
1,2028-10-04,ACS,4,1.0000,true,,,3975
1,2028-10-04,ACS,5,1.0000,true,,,3975
1,2028-10-04,GRASP_VNS,1,1.0000,true,,,3975
1,2028-10-04,GRASP_VNS,2,1.0000,true,,,3975
1,2028-10-04,GRASP_VNS,3,1.0000,true,,,3975
1,2028-10-04,GRASP_VNS,4,1.0000,true,,,3975
1,2028-10-04,GRASP_VNS,5,1.0000,true,,,3975
1,2028-06-03,ACS,1,1.0000,true,,,3882
1,2028-06-03,ACS,2,1.0000,true,,,3882
1,2028-06-03,ACS,3,1.0000,true,,,3882
1,2028-06-03,ACS,4,1.0000,true,,,3882
1,2028-06-03,ACS,5,1.0000,true,,,3882
1,2028-06-03,GRASP_VNS,1,1.0000,true,,,3882
1,2028-06-03,GRASP_VNS,2,1.0000,true,,,3882
1,2028-06-03,GRASP_VNS,3,1.0000,true,,,3882
1,2028-06-03,GRASP_VNS,4,1.0000,true,,,3882
1,2028-06-03,GRASP_VNS,5,1.0000,true,,,3882
1,2028-05-06,ACS,1,1.0000,true,,,3977
1,2028-05-06,ACS,2,1.0000,true,,,3977
1,2028-05-06,ACS,3,1.0000,true,,,3977
1,2028-05-06,ACS,4,1.0000,true,,,3977
1,2028-05-06,ACS,5,1.0000,true,,,3977
1,2028-05-06,GRASP_VNS,1,1.0000,true,,,3977
1,2028-05-06,GRASP_VNS,2,1.0000,true,,,3977
1,2028-05-06,GRASP_VNS,3,1.0000,true,,,3977
1,2028-05-06,GRASP_VNS,4,1.0000,true,,,3977
1,2028-05-06,GRASP_VNS,5,1.0000,true,,,3977
1,2028-09-03,ACS,1,1.0000,true,,,3951
1,2028-09-03,ACS,2,1.0000,true,,,3951
1,2028-09-03,ACS,3,1.0000,true,,,3951
1,2028-09-03,ACS,4,1.0000,true,,,3951
1,2028-09-03,ACS,5,1.0000,true,,,3951
1,2028-09-03,GRASP_VNS,1,1.0000,true,,,3951
1,2028-09-03,GRASP_VNS,2,1.0000,true,,,3951
1,2028-09-03,GRASP_VNS,3,1.0000,true,,,3951
1,2028-09-03,GRASP_VNS,4,1.0000,true,,,3951
1,2028-09-03,GRASP_VNS,5,1.0000,true,,,3951
1,2028-02-03,ACS,1,1.0000,true,,,3932
1,2028-02-03,ACS,2,1.0000,true,,,3932
1,2028-02-03,ACS,3,1.0000,true,,,3932
1,2028-02-03,ACS,4,1.0000,true,,,3932
1,2028-02-03,ACS,5,1.0000,true,,,3932
1,2028-02-03,GRASP_VNS,1,1.0000,true,,,3932
1,2028-02-03,GRASP_VNS,2,1.0000,true,,,3932
1,2028-02-03,GRASP_VNS,3,1.0000,true,,,3932
1,2028-02-03,GRASP_VNS,4,1.0000,true,,,3932
1,2028-02-03,GRASP_VNS,5,1.0000,true,,,3932
1,2028-07-05,ACS,1,1.0000,true,,,3936
1,2028-07-05,ACS,2,1.0000,true,,,3936
1,2028-07-05,ACS,3,1.0000,true,,,3936
1,2028-07-05,ACS,4,1.0000,true,,,3936
1,2028-07-05,ACS,5,1.0000,true,,,3936
1,2028-07-05,GRASP_VNS,1,1.0000,true,,,3936
1,2028-07-05,GRASP_VNS,2,1.0000,true,,,3936
1,2028-07-05,GRASP_VNS,3,1.0000,true,,,3936
1,2028-07-05,GRASP_VNS,4,1.0000,true,,,3936
1,2028-07-05,GRASP_VNS,5,1.0000,true,,,3936
1,2028-10-05,ACS,1,1.0000,true,,,3917
1,2028-10-05,ACS,2,1.0000,true,,,3917
1,2028-10-05,ACS,3,1.0000,true,,,3917
1,2028-10-05,ACS,4,1.0000,true,,,3917
1,2028-10-05,ACS,5,1.0000,true,,,3917
1,2028-10-05,GRASP_VNS,1,1.0000,true,,,3917
1,2028-10-05,GRASP_VNS,2,1.0000,true,,,3917
1,2028-10-05,GRASP_VNS,3,1.0000,true,,,3917
1,2028-10-05,GRASP_VNS,4,1.0000,true,,,3917
1,2028-10-05,GRASP_VNS,5,1.0000,true,,,3917
1,2028-05-07,ACS,1,1.0000,true,,,3808
1,2028-05-07,ACS,2,1.0000,true,,,3808
1,2028-05-07,ACS,3,1.0000,true,,,3808
1,2028-05-07,ACS,4,1.0000,true,,,3808
1,2028-05-07,ACS,5,1.0000,true,,,3808
1,2028-05-07,GRASP_VNS,1,1.0000,true,,,3808
1,2028-05-07,GRASP_VNS,2,1.0000,true,,,3808
1,2028-05-07,GRASP_VNS,3,1.0000,true,,,3808
1,2028-05-07,GRASP_VNS,4,1.0000,true,,,3808
1,2028-05-07,GRASP_VNS,5,1.0000,true,,,3808
1,2028-08-03,ACS,1,1.0000,true,,,3659
1,2028-08-03,ACS,2,1.0000,true,,,3659
1,2028-08-03,ACS,3,1.0000,true,,,3659
1,2028-08-03,ACS,4,1.0000,true,,,3659
1,2028-08-03,ACS,5,1.0000,true,,,3659
1,2028-08-03,GRASP_VNS,1,1.0000,true,,,3659
1,2028-08-03,GRASP_VNS,2,1.0000,true,,,3659
1,2028-08-03,GRASP_VNS,3,1.0000,true,,,3659
1,2028-08-03,GRASP_VNS,4,1.0000,true,,,3659
1,2028-08-03,GRASP_VNS,5,1.0000,true,,,3659
1,2028-05-01,ACS,1,1.0000,true,,,3870
1,2028-05-01,ACS,2,1.0000,true,,,3870
1,2028-05-01,ACS,3,1.0000,true,,,3870
1,2028-05-01,ACS,4,1.0000,true,,,3870
1,2028-05-01,ACS,5,1.0000,true,,,3870
1,2028-05-01,GRASP_VNS,1,1.0000,true,,,3870
1,2028-05-01,GRASP_VNS,2,1.0000,true,,,3870
1,2028-05-01,GRASP_VNS,3,1.0000,true,,,3870
1,2028-05-01,GRASP_VNS,4,1.0000,true,,,3870
1,2028-05-01,GRASP_VNS,5,1.0000,true,,,3870
1,2028-08-05,ACS,1,1.0000,true,,,3960
1,2028-08-05,ACS,2,1.0000,true,,,3960
1,2028-08-05,ACS,3,1.0000,true,,,3960
1,2028-08-05,ACS,4,1.0000,true,,,3960
1,2028-08-05,ACS,5,1.0000,true,,,3960
1,2028-08-05,GRASP_VNS,1,1.0000,true,,,3960
1,2028-08-05,GRASP_VNS,2,1.0000,true,,,3960
1,2028-08-05,GRASP_VNS,3,1.0000,true,,,3960
1,2028-08-05,GRASP_VNS,4,1.0000,true,,,3960
1,2028-08-05,GRASP_VNS,5,1.0000,true,,,3960
1,2028-02-02,ACS,1,1.0000,true,,,3794
1,2028-02-02,ACS,2,1.0000,true,,,3794
1,2028-02-02,ACS,3,1.0000,true,,,3794
1,2028-02-02,ACS,4,1.0000,true,,,3794
1,2028-02-02,ACS,5,1.0000,true,,,3794
1,2028-02-02,GRASP_VNS,1,1.0000,true,,,3794
1,2028-02-02,GRASP_VNS,2,1.0000,true,,,3794
1,2028-02-02,GRASP_VNS,3,1.0000,true,,,3794
1,2028-02-02,GRASP_VNS,4,1.0000,true,,,3794
1,2028-02-02,GRASP_VNS,5,1.0000,true,,,3794
1,2028-05-03,ACS,1,1.0000,true,,,3773
1,2028-05-03,ACS,2,1.0000,true,,,3773
1,2028-05-03,ACS,3,1.0000,true,,,3773
1,2028-05-03,ACS,4,1.0000,true,,,3773
1,2028-05-03,ACS,5,1.0000,true,,,3773
1,2028-05-03,GRASP_VNS,1,1.0000,true,,,3773
1,2028-05-03,GRASP_VNS,2,1.0000,true,,,3773
1,2028-05-03,GRASP_VNS,3,1.0000,true,,,3773
1,2028-05-03,GRASP_VNS,4,1.0000,true,,,3773
1,2028-05-03,GRASP_VNS,5,1.0000,true,,,3773
1,2028-05-02,ACS,1,1.0000,true,,,3599
1,2028-05-02,ACS,2,1.0000,true,,,3599
1,2028-05-02,ACS,3,1.0000,true,,,3599
1,2028-05-02,ACS,4,1.0000,true,,,3599
1,2028-05-02,ACS,5,1.0000,true,,,3599
1,2028-05-02,GRASP_VNS,1,1.0000,true,,,3599
1,2028-05-02,GRASP_VNS,2,1.0000,true,,,3599
1,2028-05-02,GRASP_VNS,3,1.0000,true,,,3599
1,2028-05-02,GRASP_VNS,4,1.0000,true,,,3599
1,2028-05-02,GRASP_VNS,5,1.0000,true,,,3599
1,2028-08-06,ACS,1,1.0000,true,,,3642
1,2028-08-06,ACS,2,1.0000,true,,,3642
1,2028-08-06,ACS,3,1.0000,true,,,3642
1,2028-08-06,ACS,4,1.0000,true,,,3642
1,2028-08-06,ACS,5,1.0000,true,,,3642
1,2028-08-06,GRASP_VNS,1,1.0000,true,,,3642
1,2028-08-06,GRASP_VNS,2,1.0000,true,,,3642
1,2028-08-06,GRASP_VNS,3,1.0000,true,,,3642
1,2028-08-06,GRASP_VNS,4,1.0000,true,,,3642
1,2028-08-06,GRASP_VNS,5,1.0000,true,,,3642
1,2028-06-01,ACS,1,1.0000,true,,,3642
1,2028-06-01,ACS,2,1.0000,true,,,3642
1,2028-06-01,ACS,3,1.0000,true,,,3642
1,2028-06-01,ACS,4,1.0000,true,,,3642
1,2028-06-01,ACS,5,1.0000,true,,,3642
1,2028-06-01,GRASP_VNS,1,1.0000,true,,,3642
1,2028-06-01,GRASP_VNS,2,1.0000,true,,,3642
1,2028-06-01,GRASP_VNS,3,1.0000,true,,,3642
1,2028-06-01,GRASP_VNS,4,1.0000,true,,,3642
1,2028-06-01,GRASP_VNS,5,1.0000,true,,,3642
1,2028-04-06,ACS,1,1.0000,true,,,3720
1,2028-04-06,ACS,2,1.0000,true,,,3720
1,2028-04-06,ACS,3,1.0000,true,,,3720
1,2028-04-06,ACS,4,1.0000,true,,,3720
1,2028-04-06,ACS,5,1.0000,true,,,3720
1,2028-04-06,GRASP_VNS,1,1.0000,true,,,3720
1,2028-04-06,GRASP_VNS,2,1.0000,true,,,3720
1,2028-04-06,GRASP_VNS,3,1.0000,true,,,3720
1,2028-04-06,GRASP_VNS,4,1.0000,true,,,3720
1,2028-04-06,GRASP_VNS,5,1.0000,true,,,3720
1,2028-07-02,ACS,1,1.0000,true,,,3565
1,2028-07-02,ACS,2,1.0000,true,,,3565
1,2028-07-02,ACS,3,1.0000,true,,,3565
1,2028-07-02,ACS,4,1.0000,true,,,3565
1,2028-07-02,ACS,5,1.0000,true,,,3565
1,2028-07-02,GRASP_VNS,1,1.0000,true,,,3565
1,2028-07-02,GRASP_VNS,2,1.0000,true,,,3565
1,2028-07-02,GRASP_VNS,3,1.0000,true,,,3565
1,2028-07-02,GRASP_VNS,4,1.0000,true,,,3565
1,2028-07-02,GRASP_VNS,5,1.0000,true,,,3565
1,2028-05-04,ACS,1,1.0000,true,,,3612
1,2028-05-04,ACS,2,1.0000,true,,,3612
1,2028-05-04,ACS,3,1.0000,true,,,3612
1,2028-05-04,ACS,4,1.0000,true,,,3612
1,2028-05-04,ACS,5,1.0000,true,,,3612
1,2028-05-04,GRASP_VNS,1,1.0000,false,76.9477,228.3787,3612
1,2028-05-04,GRASP_VNS,2,1.0000,false,74.1218,226.4946,3612
1,2028-05-04,GRASP_VNS,3,1.0000,false,74.7742,225.0711,3612
1,2028-05-04,GRASP_VNS,4,1.0000,false,75.7473,228.6090,3612
1,2028-05-04,GRASP_VNS,5,1.0000,false,74.7775,225.8099,3612
1,2027-12-07,ACS,1,1.0000,true,,,3430
1,2027-12-07,ACS,2,1.0000,true,,,3430
1,2027-12-07,ACS,3,1.0000,true,,,3430
1,2027-12-07,ACS,4,1.0000,true,,,3430
1,2027-12-07,ACS,5,1.0000,true,,,3430
1,2027-12-07,GRASP_VNS,1,1.0000,true,,,3430
1,2027-12-07,GRASP_VNS,2,1.0000,true,,,3430
1,2027-12-07,GRASP_VNS,3,1.0000,true,,,3430
1,2027-12-07,GRASP_VNS,4,1.0000,true,,,3430
1,2027-12-07,GRASP_VNS,5,1.0000,true,,,3430
1,2028-03-04,ACS,1,1.0000,true,,,3541
1,2028-03-04,ACS,2,1.0000,true,,,3541
1,2028-03-04,ACS,3,1.0000,true,,,3541
1,2028-03-04,ACS,4,1.0000,true,,,3541
1,2028-03-04,ACS,5,1.0000,true,,,3541
1,2028-03-04,GRASP_VNS,1,1.0000,true,,,3541
1,2028-03-04,GRASP_VNS,2,1.0000,true,,,3541
1,2028-03-04,GRASP_VNS,3,1.0000,true,,,3541
1,2028-03-04,GRASP_VNS,4,1.0000,true,,,3541
1,2028-03-04,GRASP_VNS,5,1.0000,true,,,3541
1,2028-03-01,ACS,1,1.0000,true,,,3533
1,2028-03-01,ACS,2,1.0000,true,,,3533
1,2028-03-01,ACS,3,1.0000,true,,,3533
1,2028-03-01,ACS,4,1.0000,true,,,3533
1,2028-03-01,ACS,5,1.0000,true,,,3533
1,2028-03-01,GRASP_VNS,1,1.0000,false,76.4204,223.4937,3533
1,2028-03-01,GRASP_VNS,2,1.0000,true,,,3533
1,2028-03-01,GRASP_VNS,3,1.0000,true,,,3533
1,2028-03-01,GRASP_VNS,4,1.0000,false,76.6658,224.7722,3533
1,2028-03-01,GRASP_VNS,5,1.0000,true,,,3533
1,2027-11-06,ACS,1,1.0000,true,,,3439
1,2027-11-06,ACS,2,1.0000,true,,,3439
1,2027-11-06,ACS,3,1.0000,true,,,3439
1,2027-11-06,ACS,4,1.0000,true,,,3439
1,2027-11-06,ACS,5,1.0000,true,,,3439
1,2027-11-06,GRASP_VNS,1,1.0000,false,72.2441,224.4730,3439
1,2027-11-06,GRASP_VNS,2,1.0000,false,73.1377,234.6048,3439
1,2027-11-06,GRASP_VNS,3,1.0000,false,72.3584,228.0143,3439
1,2027-11-06,GRASP_VNS,4,1.0000,false,71.9316,232.7286,3439
1,2027-11-06,GRASP_VNS,5,1.0000,false,71.6636,229.6857,3439
1,2028-01-01,ACS,1,1.0000,true,,,3435
1,2028-01-01,ACS,2,1.0000,true,,,3435
1,2028-01-01,ACS,3,1.0000,true,,,3435
1,2028-01-01,ACS,4,1.0000,true,,,3435
1,2028-01-01,ACS,5,1.0000,true,,,3435
1,2028-01-01,GRASP_VNS,1,1.0000,true,,,3435
1,2028-01-01,GRASP_VNS,2,1.0000,true,,,3435
1,2028-01-01,GRASP_VNS,3,1.0000,true,,,3435
1,2028-01-01,GRASP_VNS,4,1.0000,true,,,3435
1,2028-01-01,GRASP_VNS,5,1.0000,true,,,3435
1,2027-12-05,ACS,1,1.0000,true,,,3413
1,2027-12-05,ACS,2,1.0000,true,,,3413
1,2027-12-05,ACS,3,1.0000,true,,,3413
1,2027-12-05,ACS,4,1.0000,true,,,3413
1,2027-12-05,ACS,5,1.0000,true,,,3413
1,2027-12-05,GRASP_VNS,1,1.0000,false,69.7497,221.3137,3413
1,2027-12-05,GRASP_VNS,2,1.0000,false,74.2741,223.9761,3413
1,2027-12-05,GRASP_VNS,3,1.0000,false,72.5834,226.3424,3413
1,2027-12-05,GRASP_VNS,4,1.0000,false,72.0922,222.6545,3413
1,2027-12-05,GRASP_VNS,5,1.0000,false,73.5802,218.8105,3413
1,2028-03-03,ACS,1,1.0000,true,,,3511
1,2028-03-03,ACS,2,1.0000,true,,,3511
1,2028-03-03,ACS,3,1.0000,true,,,3511
1,2028-03-03,ACS,4,1.0000,true,,,3511
1,2028-03-03,ACS,5,1.0000,true,,,3511
1,2028-03-03,GRASP_VNS,1,1.0000,false,75.5812,229.0433,3511
1,2028-03-03,GRASP_VNS,2,1.0000,true,,,3511
1,2028-03-03,GRASP_VNS,3,1.0000,false,75.9119,229.4038,3511
1,2028-03-03,GRASP_VNS,4,1.0000,true,,,3511
1,2028-03-03,GRASP_VNS,5,1.0000,true,,,3511
1,2027-11-08,ACS,1,1.0000,true,,,3466
1,2027-11-08,ACS,2,1.0000,true,,,3466
1,2027-11-08,ACS,3,1.0000,true,,,3466
1,2027-11-08,ACS,4,1.0000,true,,,3466
1,2027-11-08,ACS,5,1.0000,true,,,3466
1,2027-11-08,GRASP_VNS,1,1.0000,true,,,3466
1,2027-11-08,GRASP_VNS,2,1.0000,true,,,3466
1,2027-11-08,GRASP_VNS,3,1.0000,true,,,3466
1,2027-11-08,GRASP_VNS,4,1.0000,true,,,3466
1,2027-11-08,GRASP_VNS,5,1.0000,true,,,3466
1,2028-04-02,ACS,1,1.0000,true,,,3338
1,2028-04-02,ACS,2,1.0000,true,,,3338
1,2028-04-02,ACS,3,1.0000,true,,,3338
1,2028-04-02,ACS,4,1.0000,true,,,3338
1,2028-04-02,ACS,5,1.0000,true,,,3338
1,2028-04-02,GRASP_VNS,1,1.0000,false,72.9696,232.1210,3338
1,2028-04-02,GRASP_VNS,2,1.0000,false,70.9314,233.4355,3338
1,2028-04-02,GRASP_VNS,3,1.0000,false,68.4562,225.4306,3338
1,2028-04-02,GRASP_VNS,4,1.0000,false,69.3465,228.9903,3338
1,2028-04-02,GRASP_VNS,5,1.0000,false,70.7226,228.7000,3338
1,2028-02-08,ACS,1,1.0000,true,,,3470
1,2028-02-08,ACS,2,1.0000,true,,,3470
1,2028-02-08,ACS,3,1.0000,true,,,3470
1,2028-02-08,ACS,4,1.0000,true,,,3470
1,2028-02-08,ACS,5,1.0000,true,,,3470
1,2028-02-08,GRASP_VNS,1,1.0000,false,68.1997,227.0618,3470
1,2028-02-08,GRASP_VNS,2,1.0000,true,,,3470
1,2028-02-08,GRASP_VNS,3,1.0000,false,71.5711,235.1024,3470
1,2028-02-08,GRASP_VNS,4,1.0000,false,68.2701,232.0618,3470
1,2028-02-08,GRASP_VNS,5,1.0000,false,68.8858,234.3073,3470
1,2028-01-02,ACS,1,1.0000,true,,,3368
1,2028-01-02,ACS,2,1.0000,true,,,3368
1,2028-01-02,ACS,3,1.0000,true,,,3368
1,2028-01-02,ACS,4,1.0000,true,,,3368
1,2028-01-02,ACS,5,1.0000,true,,,3368
1,2028-01-02,GRASP_VNS,1,1.0000,true,,,3368
1,2028-01-02,GRASP_VNS,2,1.0000,true,,,3368
1,2028-01-02,GRASP_VNS,3,1.0000,true,,,3368
1,2028-01-02,GRASP_VNS,4,1.0000,true,,,3368
1,2028-01-02,GRASP_VNS,5,1.0000,true,,,3368
1,2028-02-06,ACS,1,1.0000,true,,,3370
1,2028-02-06,ACS,2,1.0000,true,,,3370
1,2028-02-06,ACS,3,1.0000,true,,,3370
1,2028-02-06,ACS,4,1.0000,true,,,3370
1,2028-02-06,ACS,5,1.0000,true,,,3370
1,2028-02-06,GRASP_VNS,1,1.0000,true,,,3370
1,2028-02-06,GRASP_VNS,2,1.0000,true,,,3370
1,2028-02-06,GRASP_VNS,3,1.0000,true,,,3370
1,2028-02-06,GRASP_VNS,4,1.0000,true,,,3370
1,2028-02-06,GRASP_VNS,5,1.0000,false,73.9613,229.8760,3370
1,2028-02-05,ACS,1,1.0000,true,,,3271
1,2028-02-05,ACS,2,1.0000,true,,,3271
1,2028-02-05,ACS,3,1.0000,true,,,3271
1,2028-02-05,ACS,4,1.0000,true,,,3271
1,2028-02-05,ACS,5,1.0000,true,,,3271
1,2028-02-05,GRASP_VNS,1,1.0000,true,,,3271
1,2028-02-05,GRASP_VNS,2,1.0000,true,,,3271
1,2028-02-05,GRASP_VNS,3,1.0000,false,74.8549,232.5973,3271
1,2028-02-05,GRASP_VNS,4,1.0000,false,75.7234,230.6306,3271
1,2028-02-05,GRASP_VNS,5,1.0000,false,75.0162,229.8286,3271
1,2027-12-06,ACS,1,1.0000,true,,,3242
1,2027-12-06,ACS,2,1.0000,true,,,3242
1,2027-12-06,ACS,3,1.0000,true,,,3242
1,2027-12-06,ACS,4,1.0000,true,,,3242
1,2027-12-06,ACS,5,1.0000,true,,,3242
1,2027-12-06,GRASP_VNS,1,1.0000,false,69.3496,234.6572,3242
1,2027-12-06,GRASP_VNS,2,1.0000,false,69.5185,232.4314,3242
1,2027-12-06,GRASP_VNS,3,1.0000,false,71.1327,235.6639,3242
1,2027-12-06,GRASP_VNS,4,1.0000,false,69.6411,229.5368,3242
1,2027-12-06,GRASP_VNS,5,1.0000,true,,,3242
1,2028-01-08,ACS,1,1.0000,true,,,3383
1,2028-01-08,ACS,2,1.0000,true,,,3383
1,2028-01-08,ACS,3,1.0000,true,,,3383
1,2028-01-08,ACS,4,1.0000,true,,,3383
1,2028-01-08,ACS,5,1.0000,true,,,3383
1,2028-01-08,GRASP_VNS,1,1.0000,false,73.5726,235.0936,3383
1,2028-01-08,GRASP_VNS,2,1.0000,false,73.0456,231.9264,3383
1,2028-01-08,GRASP_VNS,3,1.0000,false,72.6589,229.5284,3383
1,2028-01-08,GRASP_VNS,4,1.0000,false,75.2740,231.8746,3383
1,2028-01-08,GRASP_VNS,5,1.0000,false,72.8534,231.6906,3383
1,2027-11-07,ACS,1,1.0000,true,,,3225
1,2027-11-07,ACS,2,1.0000,true,,,3225
1,2027-11-07,ACS,3,1.0000,true,,,3225
1,2027-11-07,ACS,4,1.0000,true,,,3225
1,2027-11-07,ACS,5,1.0000,true,,,3225
1,2027-11-07,GRASP_VNS,1,1.0000,false,71.4792,229.3915,3225
1,2027-11-07,GRASP_VNS,2,1.0000,false,69.7182,228.8983,3225
1,2027-11-07,GRASP_VNS,3,1.0000,false,69.3056,235.1254,3225
1,2027-11-07,GRASP_VNS,4,1.0000,false,70.2020,231.9695,3225
1,2027-11-07,GRASP_VNS,5,1.0000,false,68.9264,228.1051,3225
1,2027-10-03,ACS,1,1.0000,true,,,3134
1,2027-10-03,ACS,2,1.0000,true,,,3134
1,2027-10-03,ACS,3,1.0000,true,,,3134
1,2027-10-03,ACS,4,1.0000,false,50.5309,139.8557,3134
1,2027-10-03,ACS,5,1.0000,true,,,3134
1,2027-10-03,GRASP_VNS,1,1.0000,false,61.3240,226.3124,3134
1,2027-10-03,GRASP_VNS,2,1.0000,false,60.9561,226.4295,3134
1,2027-10-03,GRASP_VNS,3,1.0000,false,63.3972,235.8302,3134
1,2027-10-03,GRASP_VNS,4,1.0000,false,62.6984,231.9338,3134
1,2027-10-03,GRASP_VNS,5,1.0000,false,62.5181,227.7029,3134
1,2028-01-07,ACS,1,1.0000,true,,,3232
1,2028-01-07,ACS,2,1.0000,true,,,3232
1,2028-01-07,ACS,3,1.0000,true,,,3232
1,2028-01-07,ACS,4,1.0000,true,,,3232
1,2028-01-07,ACS,5,1.0000,true,,,3232
1,2028-01-07,GRASP_VNS,1,1.0000,true,,,3232
1,2028-01-07,GRASP_VNS,2,1.0000,false,70.7468,228.6212,3232
1,2028-01-07,GRASP_VNS,3,1.0000,false,71.3023,235.0137,3232
1,2028-01-07,GRASP_VNS,4,1.0000,false,70.2342,229.7406,3232
1,2028-01-07,GRASP_VNS,5,1.0000,false,69.7556,221.6587,3232
1,2027-10-09,ACS,1,1.0000,true,,,3192
1,2027-10-09,ACS,2,1.0000,true,,,3192
1,2027-10-09,ACS,3,1.0000,true,,,3192
1,2027-10-09,ACS,4,1.0000,true,,,3192
1,2027-10-09,ACS,5,1.0000,true,,,3192
1,2027-10-09,GRASP_VNS,1,1.0000,false,66.4422,233.8818,3192
1,2027-10-09,GRASP_VNS,2,1.0000,false,68.4445,238.3596,3192
1,2027-10-09,GRASP_VNS,3,1.0000,false,69.0533,237.1575,3192
1,2027-10-09,GRASP_VNS,4,1.0000,false,66.5612,233.2295,3192
1,2027-10-09,GRASP_VNS,5,1.0000,false,65.0136,231.0634,3192
1,2028-04-05,ACS,1,1.0000,true,,,3247
1,2028-04-05,ACS,2,1.0000,true,,,3247
1,2028-04-05,ACS,3,1.0000,true,,,3247
1,2028-04-05,ACS,4,1.0000,true,,,3247
1,2028-04-05,ACS,5,1.0000,true,,,3247
1,2028-04-05,GRASP_VNS,1,1.0000,false,71.0313,235.6368,3247
1,2028-04-05,GRASP_VNS,2,1.0000,false,71.3426,236.3339,3247
1,2028-04-05,GRASP_VNS,3,1.0000,false,74.1423,234.8176,3247
1,2028-04-05,GRASP_VNS,4,1.0000,false,72.6246,237.3580,3247
1,2028-04-05,GRASP_VNS,5,1.0000,false,70.9627,231.5026,3247
1,2028-01-04,ACS,1,1.0000,true,,,3294
1,2028-01-04,ACS,2,1.0000,true,,,3294
1,2028-01-04,ACS,3,1.0000,true,,,3294
1,2028-01-04,ACS,4,1.0000,true,,,3294
1,2028-01-04,ACS,5,1.0000,true,,,3294
1,2028-01-04,GRASP_VNS,1,1.0000,false,64.6729,233.0952,3294
1,2028-01-04,GRASP_VNS,2,1.0000,false,61.0240,233.1176,3294
1,2028-01-04,GRASP_VNS,3,1.0000,false,62.5354,228.5986,3294
1,2028-01-04,GRASP_VNS,4,1.0000,false,62.4771,234.2370,3294
1,2028-01-04,GRASP_VNS,5,1.0000,false,61.4588,235.0606,3294
1,2027-10-07,ACS,1,1.0000,true,,,3160
1,2027-10-07,ACS,2,1.0000,true,,,3160
1,2027-10-07,ACS,3,1.0000,true,,,3160
1,2027-10-07,ACS,4,1.0000,true,,,3160
1,2027-10-07,ACS,5,1.0000,true,,,3160
1,2027-10-07,GRASP_VNS,1,1.0000,true,,,3160
1,2027-10-07,GRASP_VNS,2,1.0000,true,,,3160
1,2027-10-07,GRASP_VNS,3,1.0000,false,63.5259,230.2278,3160
1,2027-10-07,GRASP_VNS,4,1.0000,false,63.3314,224.7461,3160
1,2027-10-07,GRASP_VNS,5,1.0000,false,62.9086,227.9322,3160
1,2028-04-07,ACS,1,1.0000,true,,,3162
1,2028-04-07,ACS,2,1.0000,true,,,3162
1,2028-04-07,ACS,3,1.0000,true,,,3162
1,2028-04-07,ACS,4,1.0000,true,,,3162
1,2028-04-07,ACS,5,1.0000,true,,,3162
1,2028-04-07,GRASP_VNS,1,1.0000,false,69.9409,238.3380,3162
1,2028-04-07,GRASP_VNS,2,1.0000,true,,,3162
1,2028-04-07,GRASP_VNS,3,1.0000,true,,,3162
1,2028-04-07,GRASP_VNS,4,1.0000,true,,,3162
1,2028-04-07,GRASP_VNS,5,1.0000,false,71.1109,232.2452,3162
1,2028-03-06,ACS,1,1.0000,false,51.1400,148.9632,3153
1,2028-03-06,ACS,2,1.0000,false,50.9688,150.8333,3153
1,2028-03-06,ACS,3,1.0000,true,,,3153
1,2028-03-06,ACS,4,1.0000,false,52.9539,151.4070,3153
1,2028-03-06,ACS,5,1.0000,false,54.3482,149.8386,3153
1,2028-03-06,GRASP_VNS,1,1.0000,false,64.4064,239.7877,3153
1,2028-03-06,GRASP_VNS,2,1.0000,false,63.4475,242.0351,3153
1,2028-03-06,GRASP_VNS,3,1.0000,false,64.1810,243.3123,3153
1,2028-03-06,GRASP_VNS,4,1.0000,false,61.6263,233.2053,3153
1,2028-03-06,GRASP_VNS,5,1.0000,false,62.8822,241.7596,3153
1,2028-03-02,ACS,1,1.0000,true,,,3126
1,2028-03-02,ACS,2,1.0000,true,,,3126
1,2028-03-02,ACS,3,1.0000,true,,,3126
1,2028-03-02,ACS,4,1.0000,true,,,3126
1,2028-03-02,ACS,5,1.0000,true,,,3126
1,2028-03-02,GRASP_VNS,1,1.0000,false,63.4999,234.1779,3126
1,2028-03-02,GRASP_VNS,2,1.0000,false,62.5222,231.8897,3126
1,2028-03-02,GRASP_VNS,3,1.0000,false,63.9583,241.6690,3126
1,2028-03-02,GRASP_VNS,4,1.0000,false,63.2720,238.1210,3126
1,2028-03-02,GRASP_VNS,5,1.0000,false,62.0758,228.1050,3126
1,2027-12-01,ACS,1,1.0000,false,52.3540,151.2186,3142
1,2027-12-01,ACS,2,1.0000,true,,,3142
1,2027-12-01,ACS,3,1.0000,true,,,3142
1,2027-12-01,ACS,4,1.0000,true,,,3142
1,2027-12-01,ACS,5,1.0000,true,,,3142
1,2027-12-01,GRASP_VNS,1,1.0000,false,61.8088,243.2616,3142
1,2027-12-01,GRASP_VNS,2,1.0000,false,62.4568,240.3710,3142
1,2027-12-01,GRASP_VNS,3,1.0000,false,61.3428,239.0717,3142
1,2027-12-01,GRASP_VNS,4,1.0000,false,62.3149,242.2706,3142
1,2027-12-01,GRASP_VNS,5,1.0000,false,62.6437,242.5663,3142
1,2028-03-05,ACS,1,1.0000,true,,,3007
1,2028-03-05,ACS,2,1.0000,true,,,3007
1,2028-03-05,ACS,3,1.0000,false,49.4045,144.5466,3007
1,2028-03-05,ACS,4,1.0000,true,,,3007
1,2028-03-05,ACS,5,1.0000,false,49.5419,142.8459,3007
1,2028-03-05,GRASP_VNS,1,1.0000,false,59.1496,238.2222,3007
1,2028-03-05,GRASP_VNS,2,1.0000,false,62.2115,242.7599,3007
1,2028-03-05,GRASP_VNS,3,1.0000,false,59.6399,238.8799,3007
1,2028-03-05,GRASP_VNS,4,1.0000,false,60.4965,237.6398,3007
1,2028-03-05,GRASP_VNS,5,1.0000,false,61.1331,241.0591,3007
1,2028-03-07,ACS,1,1.0000,true,,,2996
1,2028-03-07,ACS,2,1.0000,true,,,2996
1,2028-03-07,ACS,3,1.0000,true,,,2996
1,2028-03-07,ACS,4,1.0000,true,,,2996
1,2028-03-07,ACS,5,1.0000,true,,,2996
1,2028-03-07,GRASP_VNS,1,1.0000,false,60.5841,233.2168,2996
1,2028-03-07,GRASP_VNS,2,1.0000,false,61.8553,230.4839,2996
1,2028-03-07,GRASP_VNS,3,1.0000,false,61.9713,234.9391,2996
1,2028-03-07,GRASP_VNS,4,1.0000,false,61.6286,227.2276,2996
1,2028-03-07,GRASP_VNS,5,1.0000,false,61.2712,239.1039,2996
1,2027-10-10,ACS,1,1.0000,true,,,2998
1,2027-10-10,ACS,2,1.0000,true,,,2998
1,2027-10-10,ACS,3,1.0000,true,,,2998
1,2027-10-10,ACS,4,1.0000,true,,,2998
1,2027-10-10,ACS,5,1.0000,true,,,2998
1,2027-10-10,GRASP_VNS,1,1.0000,false,67.5146,233.5333,2998
1,2027-10-10,GRASP_VNS,2,1.0000,false,65.4560,228.2000,2998
1,2027-10-10,GRASP_VNS,3,1.0000,false,66.5055,234.6468,2998
1,2027-10-10,GRASP_VNS,4,1.0000,false,68.5154,232.3207,2998
1,2027-10-10,GRASP_VNS,5,1.0000,false,67.2440,227.2396,2998
1,2028-01-05,ACS,1,1.0000,true,,,3223
1,2028-01-05,ACS,2,1.0000,true,,,3223
1,2028-01-05,ACS,3,1.0000,true,,,3223
1,2028-01-05,ACS,4,1.0000,true,,,3223
1,2028-01-05,ACS,5,1.0000,true,,,3223
1,2028-01-05,GRASP_VNS,1,1.0000,false,63.9850,239.6679,3223
1,2028-01-05,GRASP_VNS,2,1.0000,false,63.6454,240.0758,3223
1,2028-01-05,GRASP_VNS,3,1.0000,false,61.2533,239.1011,3223
1,2028-01-05,GRASP_VNS,4,1.0000,false,61.3181,241.0776,3223
1,2028-01-05,GRASP_VNS,5,1.0000,false,62.2431,238.8827,3223
1,2027-11-03,ACS,1,1.0000,true,,,3027
1,2027-11-03,ACS,2,1.0000,true,,,3027
1,2027-11-03,ACS,3,1.0000,true,,,3027
1,2027-11-03,ACS,4,1.0000,true,,,3027
1,2027-11-03,ACS,5,1.0000,false,50.0869,145.8788,3027
1,2027-11-03,GRASP_VNS,1,1.0000,false,59.7401,229.6275,3027
1,2027-11-03,GRASP_VNS,2,1.0000,false,60.8669,235.9548,3027
1,2027-11-03,GRASP_VNS,3,1.0000,false,58.5256,231.8969,3027
1,2027-11-03,GRASP_VNS,4,1.0000,false,59.9628,236.6890,3027
1,2027-11-03,GRASP_VNS,5,1.0000,false,58.5348,229.3490,3027
1,2028-03-08,ACS,1,1.0000,true,,,3024
1,2028-03-08,ACS,2,1.0000,false,53.7389,150.6431,3024
1,2028-03-08,ACS,3,1.0000,true,,,3024
1,2028-03-08,ACS,4,1.0000,true,,,3024
1,2028-03-08,ACS,5,1.0000,true,,,3024
1,2028-03-08,GRASP_VNS,1,1.0000,false,60.8719,233.6793,3024
1,2028-03-08,GRASP_VNS,2,1.0000,false,63.1207,238.5380,3024
1,2028-03-08,GRASP_VNS,3,1.0000,false,65.6116,244.7083,3024
1,2028-03-08,GRASP_VNS,4,1.0000,false,63.2144,239.3949,3024
1,2028-03-08,GRASP_VNS,5,1.0000,false,61.5880,235.9112,3024
1,2027-09-03,ACS,1,1.0000,true,,,3039
1,2027-09-03,ACS,2,1.0000,true,,,3039
1,2027-09-03,ACS,3,1.0000,false,51.1481,148.8984,3039
1,2027-09-03,ACS,4,1.0000,true,,,3039
1,2027-09-03,ACS,5,1.0000,true,,,3039
1,2027-09-03,GRASP_VNS,1,1.0000,false,64.9866,245.8494,3039
1,2027-09-03,GRASP_VNS,2,1.0000,false,60.3172,235.8221,3039
1,2027-09-03,GRASP_VNS,3,1.0000,false,62.4428,233.0889,3039
1,2027-09-03,GRASP_VNS,4,1.0000,false,64.4993,242.5699,3039
1,2027-09-03,GRASP_VNS,5,1.0000,false,63.3858,242.3721,3039
1,2027-09-06,ACS,1,1.0000,true,,,3092
1,2027-09-06,ACS,2,1.0000,true,,,3092
1,2027-09-06,ACS,3,1.0000,true,,,3092
1,2027-09-06,ACS,4,1.0000,true,,,3092
1,2027-09-06,ACS,5,1.0000,true,,,3092
1,2027-09-06,GRASP_VNS,1,1.0000,false,59.7269,238.9355,3092
1,2027-09-06,GRASP_VNS,2,1.0000,false,59.1233,239.6427,3092
1,2027-09-06,GRASP_VNS,3,1.0000,false,61.6348,239.5359,3092
1,2027-09-06,GRASP_VNS,4,1.0000,false,60.1321,240.2339,3092
1,2027-09-06,GRASP_VNS,5,1.0000,false,57.4518,237.5378,3092
1,2027-11-09,ACS,1,1.0000,true,,,3029
1,2027-11-09,ACS,2,1.0000,true,,,3029
1,2027-11-09,ACS,3,1.0000,true,,,3029
1,2027-11-09,ACS,4,1.0000,false,46.4085,149.4586,3029
1,2027-11-09,ACS,5,1.0000,true,,,3029
1,2027-11-09,GRASP_VNS,1,1.0000,false,57.2570,230.3168,3029
1,2027-11-09,GRASP_VNS,2,1.0000,false,56.9586,230.3076,3029
1,2027-11-09,GRASP_VNS,3,1.0000,false,54.5801,231.1842,3029
1,2027-11-09,GRASP_VNS,4,1.0000,false,58.2421,230.4530,3029
1,2027-11-09,GRASP_VNS,5,1.0000,false,58.2091,231.1547,3029
1,2028-01-06,ACS,1,1.0000,false,47.3635,149.6089,2981
1,2028-01-06,ACS,2,1.0000,true,,,2981
1,2028-01-06,ACS,3,1.0000,false,47.9701,147.9795,2981
1,2028-01-06,ACS,4,1.0000,false,50.2788,151.1080,2981
1,2028-01-06,ACS,5,1.0000,false,47.6851,150.1657,2981
1,2028-01-06,GRASP_VNS,1,1.0000,false,57.8803,237.0838,2981
1,2028-01-06,GRASP_VNS,2,1.0000,false,55.3096,236.2197,2981
1,2028-01-06,GRASP_VNS,3,1.0000,false,58.2372,241.7039,2981
1,2028-01-06,GRASP_VNS,4,1.0000,false,58.2946,235.1676,2981
1,2028-01-06,GRASP_VNS,5,1.0000,false,60.7757,241.3911,2981
1,2028-02-01,ACS,1,1.0000,true,,,2934
1,2028-02-01,ACS,2,1.0000,true,,,2934
1,2028-02-01,ACS,3,1.0000,false,50.8826,151.2241,2934
1,2028-02-01,ACS,4,1.0000,true,,,2934
1,2028-02-01,ACS,5,1.0000,false,52.1186,150.6513,2934
1,2028-02-01,GRASP_VNS,1,1.0000,false,58.6631,235.9636,2934
1,2028-02-01,GRASP_VNS,2,1.0000,false,56.7308,233.4981,2934
1,2028-02-01,GRASP_VNS,3,1.0000,false,58.8942,237.0307,2934
1,2028-02-01,GRASP_VNS,4,1.0000,false,55.0158,231.0517,2934
1,2028-02-01,GRASP_VNS,5,1.0000,false,58.5863,230.6992,2934
1,2027-08-03,ACS,1,1.0000,false,47.0042,149.4538,2885
1,2027-08-03,ACS,2,1.0000,false,45.1056,150.8596,2885
1,2027-08-03,ACS,3,1.0000,false,46.3370,150.3346,2885
1,2027-08-03,ACS,4,1.0000,false,46.9558,149.8788,2885
1,2027-08-03,ACS,5,1.0000,true,,,2885
1,2027-08-03,GRASP_VNS,1,1.0000,false,53.5751,237.8308,2885
1,2027-08-03,GRASP_VNS,2,1.0000,false,51.9772,231.2404,2885
1,2027-08-03,GRASP_VNS,3,1.0000,false,51.4668,228.3231,2885
1,2027-08-03,GRASP_VNS,4,1.0000,false,52.4996,232.6846,2885
1,2027-08-03,GRASP_VNS,5,1.0000,false,53.7620,235.1077,2885
1,2028-02-04,ACS,1,1.0000,true,,,2972
1,2028-02-04,ACS,2,1.0000,true,,,2972
1,2028-02-04,ACS,3,1.0000,false,54.8809,157.5665,2972
1,2028-02-04,ACS,4,1.0000,true,,,2972
1,2028-02-04,ACS,5,1.0000,true,,,2972
1,2028-02-04,GRASP_VNS,1,1.0000,false,61.7140,241.5376,2972
1,2028-02-04,GRASP_VNS,2,1.0000,false,62.2358,242.2697,2972
1,2028-02-04,GRASP_VNS,3,1.0000,false,62.8370,240.6320,2972
1,2028-02-04,GRASP_VNS,4,1.0000,false,62.2114,245.2042,2972
1,2028-02-04,GRASP_VNS,5,1.0000,false,65.7639,244.6647,2972
1,2027-08-05,ACS,1,1.0000,true,,,2849
1,2027-08-05,ACS,2,1.0000,true,,,2849
1,2027-08-05,ACS,3,1.0000,true,,,2849
1,2027-08-05,ACS,4,1.0000,true,,,2849
1,2027-08-05,ACS,5,1.0000,true,,,2849
1,2027-08-05,GRASP_VNS,1,1.0000,false,62.8397,238.8168,2849
1,2027-08-05,GRASP_VNS,2,1.0000,false,58.6680,232.6082,2849
1,2027-08-05,GRASP_VNS,3,1.0000,false,60.1702,237.9805,2849
1,2027-08-05,GRASP_VNS,4,1.0000,false,62.9236,237.1891,2849
1,2027-08-05,GRASP_VNS,5,1.0000,false,60.6904,241.3821,2849
1,2028-01-03,ACS,1,1.0000,false,46.2515,155.2126,2830
1,2028-01-03,ACS,2,1.0000,false,45.5522,153.2087,2830
1,2028-01-03,ACS,3,1.0000,false,47.4475,156.4508,2830
1,2028-01-03,ACS,4,1.0000,false,48.3351,155.3799,2830
1,2028-01-03,ACS,5,1.0000,false,47.3949,153.6457,2830
1,2028-01-03,GRASP_VNS,1,1.0000,false,54.3763,240.5945,2830
1,2028-01-03,GRASP_VNS,2,1.0000,false,53.5055,234.9173,2830
1,2028-01-03,GRASP_VNS,3,1.0000,false,54.4897,230.8051,2830
1,2028-01-03,GRASP_VNS,4,1.0000,false,55.0065,235.9193,2830
1,2028-01-03,GRASP_VNS,5,1.0000,false,52.7155,232.9075,2830
1,2028-07-07,ACS,1,1.0000,false,47.7278,155.0906,2769
1,2028-07-07,ACS,2,1.0000,false,48.3334,155.6398,2769
1,2028-07-07,ACS,3,1.0000,false,47.9095,155.6063,2769
1,2028-07-07,ACS,4,1.0000,false,46.7489,152.8169,2769
1,2028-07-07,ACS,5,1.0000,false,47.5182,152.1693,2769
1,2028-07-07,GRASP_VNS,1,1.0000,false,54.8008,238.3307,2769
1,2028-07-07,GRASP_VNS,2,1.0000,false,54.9373,238.2913,2769
1,2028-07-07,GRASP_VNS,3,1.0000,false,54.4395,239.5866,2769
1,2028-07-07,GRASP_VNS,4,1.0000,false,54.2102,238.2165,2769
1,2028-07-07,GRASP_VNS,5,1.0000,false,54.7779,241.3583,2769
1,2027-09-07,ACS,1,1.0000,true,,,2730
1,2027-09-07,ACS,2,1.0000,true,,,2730
1,2027-09-07,ACS,3,1.0000,true,,,2730
1,2027-09-07,ACS,4,1.0000,true,,,2730
1,2027-09-07,ACS,5,1.0000,false,49.1776,152.7968,2730
1,2027-09-07,GRASP_VNS,1,1.0000,false,59.0912,233.8757,2730
1,2027-09-07,GRASP_VNS,2,1.0000,false,59.1904,235.5483,2730
1,2027-09-07,GRASP_VNS,3,1.0000,false,58.0623,230.7041,2730
1,2027-09-07,GRASP_VNS,4,1.0000,false,55.9907,228.9349,2730
1,2027-09-07,GRASP_VNS,5,1.0000,false,58.3034,235.2544,2730
1,2027-12-09,ACS,1,1.0000,true,,,2665
1,2027-12-09,ACS,2,1.0000,true,,,2665
1,2027-12-09,ACS,3,1.0000,true,,,2665
1,2027-12-09,ACS,4,1.0000,true,,,2665
1,2027-12-09,ACS,5,1.0000,false,44.9859,155.1215,2665
1,2027-12-09,GRASP_VNS,1,1.0000,false,50.8793,239.0219,2665
1,2027-12-09,GRASP_VNS,2,1.0000,false,52.3371,242.8924,2665
1,2027-12-09,GRASP_VNS,3,1.0000,false,52.6206,238.1096,2665
1,2027-12-09,GRASP_VNS,4,1.0000,false,49.5179,231.7291,2665
1,2027-12-09,GRASP_VNS,5,1.0000,false,51.0666,240.9701,2665
1,2027-11-04,ACS,1,1.0000,true,,,2859
1,2027-11-04,ACS,2,1.0000,false,47.8110,154.4890,2859
1,2027-11-04,ACS,3,1.0000,false,47.8143,152.5369,2859
1,2027-11-04,ACS,4,1.0000,true,,,2859
1,2027-11-04,ACS,5,1.0000,true,,,2859
1,2027-11-04,GRASP_VNS,1,1.0000,false,55.9995,245.8822,2859
1,2027-11-04,GRASP_VNS,2,1.0000,false,54.5577,238.5269,2859
1,2027-11-04,GRASP_VNS,3,1.0000,false,53.0629,235.6986,2859
1,2027-11-04,GRASP_VNS,4,1.0000,false,55.6895,244.7804,2859
1,2027-11-04,GRASP_VNS,5,1.0000,false,56.0754,249.2016,2859
1,2027-08-01,ACS,1,1.0000,false,41.6368,152.5870,2703
1,2027-08-01,ACS,2,1.0000,false,39.7876,150.8846,2703
1,2027-08-01,ACS,3,1.0000,false,41.6420,155.7773,2703
1,2027-08-01,ACS,4,1.0000,false,41.2856,149.6822,2703
1,2027-08-01,ACS,5,1.0000,false,40.6602,148.6964,2703
1,2027-08-01,GRASP_VNS,1,1.0000,false,46.8665,230.3725,2703
1,2027-08-01,GRASP_VNS,2,1.0000,false,49.1368,237.3320,2703
1,2027-08-01,GRASP_VNS,3,1.0000,false,47.0386,226.1842,2703
1,2027-08-01,GRASP_VNS,4,1.0000,false,48.6159,238.7632,2703
1,2027-08-01,GRASP_VNS,5,1.0000,false,49.1362,236.5891,2703
1,2027-11-02,ACS,1,1.0000,false,47.5091,152.5854,2759
1,2027-11-02,ACS,2,1.0000,true,,,2759
1,2027-11-02,ACS,3,1.0000,false,46.4397,151.7154,2759
1,2027-11-02,ACS,4,1.0000,false,45.6397,151.9350,2759
1,2027-11-02,ACS,5,1.0000,true,,,2759
1,2027-11-02,GRASP_VNS,1,1.0000,false,54.0880,234.0020,2759
1,2027-11-02,GRASP_VNS,2,1.0000,false,54.7957,233.8028,2759
1,2027-11-02,GRASP_VNS,3,1.0000,false,56.2339,237.0183,2759
1,2027-11-02,GRASP_VNS,4,1.0000,false,53.9113,230.7724,2759
1,2027-11-02,GRASP_VNS,5,1.0000,false,55.4209,233.7663,2759
1,2027-12-02,ACS,1,1.0000,false,41.4994,153.7187,2633
1,2027-12-02,ACS,2,1.0000,false,43.2159,154.4004,2633
1,2027-12-02,ACS,3,1.0000,false,43.4912,154.4723,2633
1,2027-12-02,ACS,4,1.0000,false,43.4973,153.8501,2633
1,2027-12-02,ACS,5,1.0000,false,42.8890,153.5257,2633
1,2027-12-02,GRASP_VNS,1,1.0000,false,48.7342,221.9959,2633
1,2027-12-02,GRASP_VNS,2,1.0000,false,48.3595,229.0493,2633
1,2027-12-02,GRASP_VNS,3,1.0000,false,47.5926,225.4908,2633
1,2027-12-02,GRASP_VNS,4,1.0000,false,50.0773,224.4887,2633
1,2027-12-02,GRASP_VNS,5,1.0000,false,50.4830,229.1047,2633
1,2027-12-04,ACS,1,1.0000,false,45.1780,158.9443,2732
1,2027-12-04,ACS,2,1.0000,false,43.4384,159.3753,2732
1,2027-12-04,ACS,3,1.0000,false,44.1753,159.6330,2732
1,2027-12-04,ACS,4,1.0000,true,,,2732
1,2027-12-04,ACS,5,1.0000,true,,,2732
1,2027-12-04,GRASP_VNS,1,1.0000,false,53.5915,241.8103,2732
1,2027-12-04,GRASP_VNS,2,1.0000,false,52.0660,242.7835,2732
1,2027-12-04,GRASP_VNS,3,1.0000,false,50.1352,231.5464,2732
1,2027-12-04,GRASP_VNS,4,1.0000,false,53.1898,232.7959,2732
1,2027-12-04,GRASP_VNS,5,1.0000,false,52.2196,236.8639,2732
1,2027-08-07,ACS,1,1.0000,false,42.1839,157.0537,2741
1,2027-08-07,ACS,2,1.0000,false,42.3370,156.6240,2741
1,2027-08-07,ACS,3,1.0000,false,41.4535,156.5785,2741
1,2027-08-07,ACS,4,1.0000,false,42.3282,156.4442,2741
1,2027-08-07,ACS,5,1.0000,false,40.6523,156.0558,2741
1,2027-08-07,GRASP_VNS,1,1.0000,false,46.3668,233.3760,2741
1,2027-08-07,GRASP_VNS,2,1.0000,false,45.3957,231.8161,2741
1,2027-08-07,GRASP_VNS,3,1.0000,false,47.5423,234.4091,2741
1,2027-08-07,GRASP_VNS,4,1.0000,false,45.8187,232.8595,2741
1,2027-08-07,GRASP_VNS,5,1.0000,false,46.6733,235.5083,2741
1,2027-10-05,ACS,1,1.0000,false,44.6586,153.0103,2618
1,2027-10-05,ACS,2,1.0000,false,42.1470,150.9256,2618
1,2027-10-05,ACS,3,1.0000,false,41.2631,150.9835,2618
1,2027-10-05,ACS,4,1.0000,false,42.4795,150.9008,2618
1,2027-10-05,ACS,5,1.0000,false,42.4691,150.9360,2618
1,2027-10-05,GRASP_VNS,1,1.0000,false,49.1868,227.5165,2618
1,2027-10-05,GRASP_VNS,2,1.0000,false,52.1943,236.3574,2618
1,2027-10-05,GRASP_VNS,3,1.0000,false,48.5526,230.8678,2618
1,2027-10-05,GRASP_VNS,4,1.0000,false,47.1928,228.7025,2618
1,2027-10-05,GRASP_VNS,5,1.0000,false,50.4463,226.4690,2618
1,2027-12-03,ACS,1,1.0000,false,41.5207,146.2381,2599
1,2027-12-03,ACS,2,1.0000,false,39.5414,144.7412,2599
1,2027-12-03,ACS,3,1.0000,false,38.8803,145.6998,2599
1,2027-12-03,ACS,4,1.0000,false,39.6746,145.4534,2599
1,2027-12-03,ACS,5,1.0000,false,40.0368,143.0352,2599
1,2027-12-03,GRASP_VNS,1,1.0000,false,47.8663,233.5197,2599
1,2027-12-03,GRASP_VNS,2,1.0000,false,47.6510,228.5797,2599
1,2027-12-03,GRASP_VNS,3,1.0000,false,45.2444,225.0083,2599
1,2027-12-03,GRASP_VNS,4,1.0000,false,47.9166,227.3996,2599
1,2027-12-03,GRASP_VNS,5,1.0000,false,49.2786,229.0497,2599
1,2028-11-06,ACS,1,1.0000,false,43.4576,150.4141,2629
1,2028-11-06,ACS,2,1.0000,false,46.0380,154.4679,2629
1,2028-11-06,ACS,3,1.0000,false,43.7011,155.0290,2629
1,2028-11-06,ACS,4,1.0000,false,44.4754,154.2464,2629
1,2028-11-06,ACS,5,1.0000,false,45.0344,154.5921,2629
1,2028-11-06,GRASP_VNS,1,1.0000,false,51.0050,234.9027,2629
1,2028-11-06,GRASP_VNS,2,1.0000,false,47.9741,225.6770,2629
1,2028-11-06,GRASP_VNS,3,1.0000,false,49.1791,228.2257,2629
1,2028-11-06,GRASP_VNS,4,1.0000,false,52.0463,234.4845,2629
1,2028-11-06,GRASP_VNS,5,1.0000,false,49.6315,235.2774,2629
1,2027-09-05,ACS,1,1.0000,false,40.0894,148.8942,2671
1,2027-09-05,ACS,2,1.0000,false,40.5325,145.3651,2671
1,2027-09-05,ACS,3,1.0000,false,39.0108,144.0830,2671
1,2027-09-05,ACS,4,1.0000,false,41.8789,148.7801,2671
1,2027-09-05,ACS,5,1.0000,false,41.7558,147.2116,2671
1,2027-09-05,GRASP_VNS,1,1.0000,false,48.8564,233.7801,2671
1,2027-09-05,GRASP_VNS,2,1.0000,false,46.8875,233.2635,2671
1,2027-09-05,GRASP_VNS,3,1.0000,false,48.4401,236.6971,2671
1,2027-09-05,GRASP_VNS,4,1.0000,false,48.0245,239.4834,2671
1,2027-09-05,GRASP_VNS,5,1.0000,false,47.5007,231.4689,2671
1,2027-07-04,ACS,1,1.0000,false,43.9624,150.4917,2637
1,2027-07-04,ACS,2,1.0000,false,43.6699,150.0604,2637
1,2027-07-04,ACS,3,1.0000,true,,,2637
1,2027-07-04,ACS,4,1.0000,false,44.3038,147.7729,2637
1,2027-07-04,ACS,5,1.0000,false,41.8076,148.4167,2637
1,2027-07-04,GRASP_VNS,1,1.0000,false,47.9053,228.8375,2637
1,2027-07-04,GRASP_VNS,2,1.0000,false,47.8292,228.3646,2637
1,2027-07-04,GRASP_VNS,3,1.0000,false,47.9656,231.0688,2637
1,2027-07-04,GRASP_VNS,4,1.0000,false,48.3800,223.7438,2637
1,2027-07-04,GRASP_VNS,5,1.0000,false,49.7836,228.0646,2637
1,2027-09-04,ACS,1,1.0000,false,39.4031,147.6785,2586
1,2027-09-04,ACS,2,1.0000,false,41.2795,147.8017,2586
1,2027-09-04,ACS,3,1.0000,false,40.9105,151.3236,2586
1,2027-09-04,ACS,4,1.0000,false,39.7811,150.3528,2586
1,2027-09-04,ACS,5,1.0000,false,38.9678,147.3674,2586
1,2027-09-04,GRASP_VNS,1,1.0000,false,48.7021,227.6660,2586
1,2027-09-04,GRASP_VNS,2,1.0000,false,46.2210,230.9248,2586
1,2027-09-04,GRASP_VNS,3,1.0000,false,47.9834,225.8831,2586
1,2027-09-04,GRASP_VNS,4,1.0000,false,46.1296,229.1858,2586
1,2027-09-04,GRASP_VNS,5,1.0000,false,46.2774,228.5929,2586
1,2027-12-08,ACS,1,1.0000,false,41.5269,153.3792,2544
1,2027-12-08,ACS,2,1.0000,false,43.9696,153.5148,2544
1,2027-12-08,ACS,3,1.0000,false,41.8367,153.6377,2544
1,2027-12-08,ACS,4,1.0000,false,40.9263,149.4449,2544
1,2027-12-08,ACS,5,1.0000,false,41.1007,154.2203,2544
1,2027-12-08,GRASP_VNS,1,1.0000,false,47.7658,228.5000,2544
1,2027-12-08,GRASP_VNS,2,1.0000,false,47.4595,232.6525,2544
1,2027-12-08,GRASP_VNS,3,1.0000,false,46.4655,225.6886,2544
1,2027-12-08,GRASP_VNS,4,1.0000,false,45.6528,227.7458,2544
1,2027-12-08,GRASP_VNS,5,1.0000,false,44.3643,225.9068,2544
1,2027-06-09,ACS,1,1.0000,false,38.7321,153.5610,2530
1,2027-06-09,ACS,2,1.0000,false,37.8367,156.7859,2530
1,2027-06-09,ACS,3,1.0000,false,38.6112,151.3233,2530
1,2027-06-09,ACS,4,1.0000,false,39.0504,156.0278,2530
1,2027-06-09,ACS,5,1.0000,false,38.3481,152.8266,2530
1,2027-06-09,GRASP_VNS,1,1.0000,false,41.7502,222.9358,2530
1,2027-06-09,GRASP_VNS,2,1.0000,false,43.7034,237.4711,2530
1,2027-06-09,GRASP_VNS,3,1.0000,false,45.5730,241.5075,2530
1,2027-06-09,GRASP_VNS,4,1.0000,false,44.5168,238.1221,2530
1,2027-06-09,GRASP_VNS,5,1.0000,false,43.5733,234.2612,2530
1,2027-07-08,ACS,1,1.0000,false,43.6867,153.6510,2501
1,2027-07-08,ACS,2,1.0000,false,43.6549,155.4797,2501
1,2027-07-08,ACS,3,1.0000,false,44.8751,157.7259,2501
1,2027-07-08,ACS,4,1.0000,false,43.9281,157.0707,2501
1,2027-07-08,ACS,5,1.0000,false,44.5521,155.3640,2501
1,2027-07-08,GRASP_VNS,1,1.0000,false,48.4849,237.7495,2501
1,2027-07-08,GRASP_VNS,2,1.0000,false,47.7594,229.4711,2501
1,2027-07-08,GRASP_VNS,3,1.0000,false,49.6665,233.8951,2501
1,2027-07-08,GRASP_VNS,4,1.0000,false,48.8196,230.3662,2501
1,2027-07-08,GRASP_VNS,5,1.0000,false,48.5877,233.0064,2501
1,2027-07-11,ACS,1,1.0000,false,39.0161,152.8972,2551
1,2027-07-11,ACS,2,1.0000,false,39.8343,154.8544,2551
1,2027-07-11,ACS,3,1.0000,false,42.7260,155.7709,2551
1,2027-07-11,ACS,4,1.0000,false,41.1682,153.4240,2551
1,2027-07-11,ACS,5,1.0000,false,40.7319,155.2719,2551
1,2027-07-11,GRASP_VNS,1,1.0000,false,46.8270,230.4090,2551
1,2027-07-11,GRASP_VNS,2,1.0000,false,46.0974,230.3469,2551
1,2027-07-11,GRASP_VNS,3,1.0000,false,44.1223,222.5375,2551
1,2027-07-11,GRASP_VNS,4,1.0000,false,44.1287,226.9957,2551
1,2027-07-11,GRASP_VNS,5,1.0000,false,42.5190,222.7516,2551
1,2027-07-03,ACS,1,1.0000,false,41.9804,158.5944,2613
1,2027-07-03,ACS,2,1.0000,false,42.3357,160.1094,2613
1,2027-07-03,ACS,3,1.0000,false,42.1265,158.6524,2613
1,2027-07-03,ACS,4,1.0000,false,42.2297,157.1266,2613
1,2027-07-03,ACS,5,1.0000,false,42.2145,161.1824,2613
1,2027-07-03,GRASP_VNS,1,1.0000,false,48.6761,238.5429,2613
1,2027-07-03,GRASP_VNS,2,1.0000,false,49.9795,235.4356,2613
1,2027-07-03,GRASP_VNS,3,1.0000,false,49.6170,244.1781,2613
1,2027-07-03,GRASP_VNS,4,1.0000,false,47.0387,234.9807,2613
1,2027-07-03,GRASP_VNS,5,1.0000,false,50.4812,246.6760,2613
1,2027-10-06,ACS,1,1.0000,false,40.8640,154.5560,2591
1,2027-10-06,ACS,2,1.0000,false,39.9362,154.1228,2591
1,2027-10-06,ACS,3,1.0000,false,39.9362,150.8534,2591
1,2027-10-06,ACS,4,1.0000,false,40.5268,155.3168,2591
1,2027-10-06,ACS,5,1.0000,false,40.6170,155.2328,2591
1,2027-10-06,GRASP_VNS,1,1.0000,false,44.1774,228.0388,2591
1,2027-10-06,GRASP_VNS,2,1.0000,false,46.2577,230.0388,2591
1,2027-10-06,GRASP_VNS,3,1.0000,false,46.5631,231.7716,2591
1,2027-10-06,GRASP_VNS,4,1.0000,false,47.7992,233.8103,2591
1,2027-10-06,GRASP_VNS,5,1.0000,false,44.1580,230.0323,2591
1,2027-11-05,ACS,1,1.0000,false,37.4263,155.9914,2412
1,2027-11-05,ACS,2,1.0000,false,34.8295,149.8056,2412
1,2027-11-05,ACS,3,1.0000,false,36.7708,153.6393,2412
1,2027-11-05,ACS,4,1.0000,false,36.3221,152.4104,2412
1,2027-11-05,ACS,5,1.0000,false,35.9182,152.5702,2412
1,2027-11-05,GRASP_VNS,1,1.0000,false,41.7005,223.8402,2412
1,2027-11-05,GRASP_VNS,2,1.0000,false,41.8649,231.9460,2412
1,2027-11-05,GRASP_VNS,3,1.0000,false,41.3661,226.4730,2412
1,2027-11-05,GRASP_VNS,4,1.0000,false,42.5293,239.4168,2412
1,2027-11-05,GRASP_VNS,5,1.0000,false,44.6656,237.9654,2412
1,2027-06-11,ACS,1,1.0000,false,38.8418,151.0087,2468
1,2027-06-11,ACS,2,1.0000,false,38.1003,149.5961,2468
1,2027-06-11,ACS,3,1.0000,false,38.2817,148.5546,2468
1,2027-06-11,ACS,4,1.0000,false,37.4890,148.5742,2468
1,2027-06-11,ACS,5,1.0000,false,37.1521,153.6943,2468
1,2027-06-11,GRASP_VNS,1,1.0000,false,44.2199,226.5022,2468
1,2027-06-11,GRASP_VNS,2,1.0000,false,41.9040,221.5611,2468
1,2027-06-11,GRASP_VNS,3,1.0000,false,45.5952,222.4694,2468
1,2027-06-11,GRASP_VNS,4,1.0000,false,41.5955,219.6616,2468
1,2027-06-11,GRASP_VNS,5,1.0000,false,43.6545,230.4192,2468
1,2027-07-02,ACS,1,1.0000,false,39.4322,154.3537,2486
1,2027-07-02,ACS,2,1.0000,false,37.0338,151.2686,2486
1,2027-07-02,ACS,3,1.0000,false,38.0348,151.3559,2486
1,2027-07-02,ACS,4,1.0000,false,36.5242,150.2424,2486
1,2027-07-02,ACS,5,1.0000,false,37.3455,151.9520,2486
1,2027-07-02,GRASP_VNS,1,1.0000,false,44.4672,231.6157,2486
1,2027-07-02,GRASP_VNS,2,1.0000,false,45.2346,237.7031,2486
1,2027-07-02,GRASP_VNS,3,1.0000,false,43.8593,231.5262,2486
1,2027-07-02,GRASP_VNS,4,1.0000,false,45.3999,235.1790,2486
1,2027-07-02,GRASP_VNS,5,1.0000,false,43.5055,229.0895,2486
1,2027-10-08,ACS,1,1.0000,false,39.8330,163.5349,2511
1,2027-10-08,ACS,2,1.0000,false,40.3201,158.3843,2511
1,2027-10-08,ACS,3,1.0000,false,41.5364,158.0677,2511
1,2027-10-08,ACS,4,1.0000,false,41.5432,163.8079,2511
1,2027-10-08,ACS,5,1.0000,false,40.1230,161.3777,2511
1,2027-10-08,GRASP_VNS,1,1.0000,false,47.6670,238.5895,2511
1,2027-10-08,GRASP_VNS,2,1.0000,false,45.0911,233.4498,2511
1,2027-10-08,GRASP_VNS,3,1.0000,false,45.6381,235.5830,2511
1,2027-10-08,GRASP_VNS,4,1.0000,false,45.1504,232.3188,2511
1,2027-10-08,GRASP_VNS,5,1.0000,false,45.2984,231.4716,2511
2,2028-01-03,ACS,1,2.0000,true,,,2830
2,2028-01-03,ACS,2,2.0000,true,,,2830
2,2028-01-03,ACS,3,2.0000,true,,,2830
2,2028-01-03,ACS,4,2.0000,true,,,2830
2,2028-01-03,ACS,5,2.0000,true,,,2830
2,2028-01-03,ACS,1,1.5000,true,,,2830
2,2028-01-03,ACS,2,1.5000,true,,,2830
2,2028-01-03,ACS,3,1.5000,true,,,2830
2,2028-01-03,ACS,4,1.5000,true,,,2830
2,2028-01-03,ACS,5,1.5000,true,,,2830
2,2028-01-03,ACS,1,1.2500,true,,,2830
2,2028-01-03,ACS,2,1.2500,true,,,2830
2,2028-01-03,ACS,3,1.2500,true,,,2830
2,2028-01-03,ACS,4,1.2500,true,,,2830
2,2028-01-03,ACS,5,1.2500,true,,,2830
2,2028-01-03,ACS,1,1.1250,true,,,2830
2,2028-01-03,ACS,2,1.1250,true,,,2830
2,2028-01-03,ACS,3,1.1250,true,,,2830
2,2028-01-03,ACS,4,1.1250,true,,,2830
2,2028-01-03,ACS,5,1.1250,false,55.1412,178.6693,2830
2,2028-01-03,ACS,1,1.0625,true,,,2830
2,2028-01-03,ACS,2,1.0625,true,,,2830
2,2028-01-03,ACS,3,1.0625,true,,,2830
2,2028-01-03,ACS,4,1.0625,false,52.5344,172.9764,2830
2,2028-01-03,ACS,5,1.0625,false,53.0575,171.5610,2830
2,2028-01-03,ACS,1,1.0313,true,,,2830
2,2028-01-03,ACS,2,1.0313,true,,,2830
2,2028-01-03,ACS,3,1.0313,true,,,2830
2,2028-01-03,ACS,4,1.0313,false,52.5344,172.9764,2830
2,2028-01-03,ACS,5,1.0313,false,53.0575,171.5610,2830
2,2028-01-03,ACS,1,1.1000,true,,,2830
2,2028-01-03,ACS,2,1.1000,true,,,2830
2,2028-01-03,ACS,3,1.1000,true,,,2830
2,2028-01-03,ACS,4,1.1000,false,52.5344,172.9764,2830
2,2028-01-03,ACS,5,1.1000,false,53.0575,171.5610,2830
2,2028-01-03,ACS,1,1.2000,true,,,2830
2,2028-01-03,ACS,2,1.2000,true,,,2830
2,2028-01-03,ACS,3,1.2000,true,,,2830
2,2028-01-03,ACS,4,1.2000,true,,,2830
2,2028-01-03,ACS,5,1.2000,false,56.1336,179.7362,2830
2,2028-01-03,GRASP_VNS,1,2.0000,true,,,2830
2,2028-01-03,GRASP_VNS,2,2.0000,true,,,2830
2,2028-01-03,GRASP_VNS,3,2.0000,true,,,2830
2,2028-01-03,GRASP_VNS,4,2.0000,true,,,2830
2,2028-01-03,GRASP_VNS,5,2.0000,true,,,2830
2,2028-01-03,GRASP_VNS,1,1.5000,false,74.3880,297.3287,2830
2,2028-01-03,GRASP_VNS,2,1.5000,true,,,2830
2,2028-01-03,GRASP_VNS,3,1.5000,false,74.6828,302.5433,2830
2,2028-01-03,GRASP_VNS,4,1.5000,false,76.0161,295.2323,2830
2,2028-01-03,GRASP_VNS,5,1.5000,false,74.3357,297.8642,2830
2,2028-01-03,GRASP_VNS,1,1.2500,false,69.8915,282.2894,2830
2,2028-01-03,GRASP_VNS,2,1.2500,false,69.8585,283.0807,2830
2,2028-01-03,GRASP_VNS,3,1.2500,false,68.6666,275.8563,2830
2,2028-01-03,GRASP_VNS,4,1.2500,false,68.6789,280.2874,2830
2,2028-01-03,GRASP_VNS,5,1.2500,false,68.4931,285.4173,2830
2,2028-01-03,GRASP_VNS,1,1.3750,false,72.8248,299.5630,2830
2,2028-01-03,GRASP_VNS,2,1.3750,false,73.4022,289.0531,2830
2,2028-01-03,GRASP_VNS,3,1.3750,false,73.5930,296.8799,2830
2,2028-01-03,GRASP_VNS,4,1.3750,false,74.8741,297.9744,2830
2,2028-01-03,GRASP_VNS,5,1.3750,false,73.5296,292.1220,2830
2,2028-01-03,GRASP_VNS,1,1.4375,false,76.1106,297.6476,2830
2,2028-01-03,GRASP_VNS,2,1.4375,false,73.8782,300.4331,2830
2,2028-01-03,GRASP_VNS,3,1.4375,false,73.8330,297.6299,2830
2,2028-01-03,GRASP_VNS,4,1.4375,true,,,2830
2,2028-01-03,GRASP_VNS,5,1.4375,false,75.9359,295.5157,2830
2,2028-01-03,GRASP_VNS,1,1.4063,false,73.9958,295.0630,2830
2,2028-01-03,GRASP_VNS,2,1.4063,false,73.0806,293.8189,2830
2,2028-01-03,GRASP_VNS,3,1.4063,false,74.0099,300.2283,2830
2,2028-01-03,GRASP_VNS,4,1.4063,false,74.4228,292.3268,2830
2,2028-01-03,GRASP_VNS,5,1.4063,false,71.4654,294.6949,2830
2,2028-01-03,GRASP_VNS,1,1.5063,false,76.1892,301.1358,2830
2,2028-01-03,GRASP_VNS,2,1.5063,true,,,2830
2,2028-01-03,GRASP_VNS,3,1.5063,false,75.5137,296.6634,2830
2,2028-01-03,GRASP_VNS,4,1.5063,true,,,2830
2,2028-01-03,GRASP_VNS,5,1.5063,true,,,2830
2,2028-01-03,GRASP_VNS,1,1.6063,true,,,2830
2,2028-01-03,GRASP_VNS,2,1.6063,true,,,2830
2,2028-01-03,GRASP_VNS,3,1.6063,true,,,2830
2,2028-01-03,GRASP_VNS,4,1.6063,true,,,2830
2,2028-01-03,GRASP_VNS,5,1.6063,true,,,2830
2,2028-07-07,ACS,1,2.0000,true,,,2769
2,2028-07-07,ACS,2,2.0000,true,,,2769
2,2028-07-07,ACS,3,2.0000,true,,,2769
2,2028-07-07,ACS,4,2.0000,true,,,2769
2,2028-07-07,ACS,5,2.0000,true,,,2769
2,2028-07-07,ACS,1,1.5000,true,,,2769
2,2028-07-07,ACS,2,1.5000,true,,,2769
2,2028-07-07,ACS,3,1.5000,true,,,2769
2,2028-07-07,ACS,4,1.5000,true,,,2769
2,2028-07-07,ACS,5,1.5000,true,,,2769
2,2028-07-07,ACS,1,1.2500,true,,,2769
2,2028-07-07,ACS,2,1.2500,true,,,2769
2,2028-07-07,ACS,3,1.2500,true,,,2769
2,2028-07-07,ACS,4,1.2500,false,56.7521,182.5709,2769
2,2028-07-07,ACS,5,1.2500,true,,,2769
2,2028-07-07,ACS,1,1.1250,true,,,2769
2,2028-07-07,ACS,2,1.1250,true,,,2769
2,2028-07-07,ACS,3,1.1250,false,52.7197,170.2894,2769
2,2028-07-07,ACS,4,1.1250,true,,,2769
2,2028-07-07,ACS,5,1.1250,true,,,2769
2,2028-07-07,ACS,1,1.0625,true,,,2769
2,2028-07-07,ACS,2,1.0625,false,52.0408,169.1555,2769
2,2028-07-07,ACS,3,1.0625,false,53.0317,168.9488,2769
2,2028-07-07,ACS,4,1.0625,false,51.6041,164.8976,2769
2,2028-07-07,ACS,5,1.0625,true,,,2769
2,2028-07-07,ACS,1,1.0313,true,,,2769
2,2028-07-07,ACS,2,1.0313,false,52.0408,169.1555,2769
2,2028-07-07,ACS,3,1.0313,false,53.0317,168.9488,2769
2,2028-07-07,ACS,4,1.0313,false,51.6041,164.8976,2769
2,2028-07-07,ACS,5,1.0313,true,,,2769
2,2028-07-07,ACS,1,1.1000,true,,,2769
2,2028-07-07,ACS,2,1.1000,false,52.0408,169.1555,2769
2,2028-07-07,ACS,3,1.1000,false,53.0317,168.9488,2769
2,2028-07-07,ACS,4,1.1000,false,51.6041,164.8976,2769
2,2028-07-07,ACS,5,1.1000,true,,,2769
2,2028-07-07,ACS,1,1.2000,true,,,2769
2,2028-07-07,ACS,2,1.2000,true,,,2769
2,2028-07-07,ACS,3,1.2000,true,,,2769
2,2028-07-07,ACS,4,1.2000,false,53.8828,175.3661,2769
2,2028-07-07,ACS,5,1.2000,false,55.0042,177.9606,2769
2,2028-07-07,GRASP_VNS,1,2.0000,true,,,2769
2,2028-07-07,GRASP_VNS,2,2.0000,true,,,2769
2,2028-07-07,GRASP_VNS,3,2.0000,true,,,2769
2,2028-07-07,GRASP_VNS,4,2.0000,true,,,2769
2,2028-07-07,GRASP_VNS,5,2.0000,true,,,2769
2,2028-07-07,GRASP_VNS,1,1.5000,false,75.2978,298.0748,2769
2,2028-07-07,GRASP_VNS,2,1.5000,false,75.7063,292.4843,2769
2,2028-07-07,GRASP_VNS,3,1.5000,false,76.0934,289.0709,2769
2,2028-07-07,GRASP_VNS,4,1.5000,false,74.9701,291.3701,2769
2,2028-07-07,GRASP_VNS,5,1.5000,false,75.6606,291.0571,2769
2,2028-07-07,GRASP_VNS,1,1.7500,true,,,2769
2,2028-07-07,GRASP_VNS,2,1.7500,true,,,2769
2,2028-07-07,GRASP_VNS,3,1.7500,true,,,2769
2,2028-07-07,GRASP_VNS,4,1.7500,true,,,2769
2,2028-07-07,GRASP_VNS,5,1.7500,true,,,2769
2,2028-07-07,GRASP_VNS,1,1.6250,true,,,2769
2,2028-07-07,GRASP_VNS,2,1.6250,true,,,2769
2,2028-07-07,GRASP_VNS,3,1.6250,true,,,2769
2,2028-07-07,GRASP_VNS,4,1.6250,true,,,2769
2,2028-07-07,GRASP_VNS,5,1.6250,true,,,2769
2,2028-07-07,GRASP_VNS,1,1.5625,true,,,2769
2,2028-07-07,GRASP_VNS,2,1.5625,false,77.5853,297.5925,2769
2,2028-07-07,GRASP_VNS,3,1.5625,true,,,2769
2,2028-07-07,GRASP_VNS,4,1.5625,true,,,2769
2,2028-07-07,GRASP_VNS,5,1.5625,false,77.2052,291.4350,2769
2,2028-07-07,GRASP_VNS,1,1.5313,false,77.5555,295.6102,2769
2,2028-07-07,GRASP_VNS,2,1.5313,false,77.1054,288.0138,2769
2,2028-07-07,GRASP_VNS,3,1.5313,false,76.6065,293.1496,2769
2,2028-07-07,GRASP_VNS,4,1.5313,false,76.5079,290.7146,2769
2,2028-07-07,GRASP_VNS,5,1.5313,false,75.5642,292.5689,2769
2,2028-07-07,GRASP_VNS,1,1.6313,true,,,2769
2,2028-07-07,GRASP_VNS,2,1.6313,true,,,2769
2,2028-07-07,GRASP_VNS,3,1.6313,true,,,2769
2,2028-07-07,GRASP_VNS,4,1.6313,true,,,2769
2,2028-07-07,GRASP_VNS,5,1.6313,true,,,2769
2,2028-07-07,GRASP_VNS,1,1.7313,true,,,2769
2,2028-07-07,GRASP_VNS,2,1.7313,true,,,2769
2,2028-07-07,GRASP_VNS,3,1.7313,true,,,2769
2,2028-07-07,GRASP_VNS,4,1.7313,true,,,2769
2,2028-07-07,GRASP_VNS,5,1.7313,true,,,2769
2,2027-08-01,ACS,1,2.0000,true,,,2703
2,2027-08-01,ACS,2,2.0000,true,,,2703
2,2027-08-01,ACS,3,2.0000,true,,,2703
2,2027-08-01,ACS,4,2.0000,true,,,2703
2,2027-08-01,ACS,5,2.0000,true,,,2703
2,2027-08-01,ACS,1,1.5000,true,,,2703
2,2027-08-01,ACS,2,1.5000,true,,,2703
2,2027-08-01,ACS,3,1.5000,true,,,2703
2,2027-08-01,ACS,4,1.5000,true,,,2703
2,2027-08-01,ACS,5,1.5000,true,,,2703
2,2027-08-01,ACS,1,1.2500,true,,,2703
2,2027-08-01,ACS,2,1.2500,false,54.3376,192.1255,2703
2,2027-08-01,ACS,3,1.2500,true,,,2703
2,2027-08-01,ACS,4,1.2500,true,,,2703
2,2027-08-01,ACS,5,1.2500,true,,,2703
2,2027-08-01,ACS,1,1.1250,false,51.4495,176.3381,2703
2,2027-08-01,ACS,2,1.1250,false,50.5661,175.5243,2703
2,2027-08-01,ACS,3,1.1250,false,48.4821,175.7510,2703
2,2027-08-01,ACS,4,1.1250,true,,,2703
2,2027-08-01,ACS,5,1.1250,false,48.6102,174.4899,2703
2,2027-08-01,ACS,1,1.0625,false,48.4955,171.4858,2703
2,2027-08-01,ACS,2,1.0625,false,49.2642,172.9696,2703
2,2027-08-01,ACS,3,1.0625,false,46.6915,169.5526,2703
2,2027-08-01,ACS,4,1.0625,false,49.2687,170.9231,2703
2,2027-08-01,ACS,5,1.0625,false,48.7913,174.5830,2703
2,2027-08-01,ACS,1,1.0938,false,48.4955,171.4858,2703
2,2027-08-01,ACS,2,1.0938,false,49.2642,172.9696,2703
2,2027-08-01,ACS,3,1.0938,false,46.6915,169.5526,2703
2,2027-08-01,ACS,4,1.0938,false,49.2687,170.9231,2703
2,2027-08-01,ACS,5,1.0938,false,48.7913,174.5830,2703
2,2027-08-01,ACS,1,1.1938,false,50.8852,179.1741,2703
2,2027-08-01,ACS,2,1.1938,true,,,2703
2,2027-08-01,ACS,3,1.1938,false,51.7396,180.4879,2703
2,2027-08-01,ACS,4,1.1938,false,52.1068,180.9190,2703
2,2027-08-01,ACS,5,1.1938,true,,,2703
2,2027-08-01,ACS,1,1.2938,false,53.0490,190.2389,2703
2,2027-08-01,ACS,2,1.2938,true,,,2703
2,2027-08-01,ACS,3,1.2938,true,,,2703
2,2027-08-01,ACS,4,1.2938,true,,,2703
2,2027-08-01,ACS,5,1.2938,false,55.9987,193.6862,2703
2,2027-08-01,GRASP_VNS,1,2.0000,true,,,2703
2,2027-08-01,GRASP_VNS,2,2.0000,true,,,2703
2,2027-08-01,GRASP_VNS,3,2.0000,true,,,2703
2,2027-08-01,GRASP_VNS,4,2.0000,true,,,2703
2,2027-08-01,GRASP_VNS,5,2.0000,true,,,2703
2,2027-08-01,GRASP_VNS,1,1.5000,false,69.3796,305.9960,2703
2,2027-08-01,GRASP_VNS,2,1.5000,false,65.9599,306.7085,2703
2,2027-08-01,GRASP_VNS,3,1.5000,false,68.3991,313.4757,2703
2,2027-08-01,GRASP_VNS,4,1.5000,false,66.0080,305.9696,2703
2,2027-08-01,GRASP_VNS,5,1.5000,false,67.2212,308.3583,2703
2,2027-08-01,GRASP_VNS,1,1.7500,true,,,2703
2,2027-08-01,GRASP_VNS,2,1.7500,true,,,2703
2,2027-08-01,GRASP_VNS,3,1.7500,true,,,2703
2,2027-08-01,GRASP_VNS,4,1.7500,true,,,2703
2,2027-08-01,GRASP_VNS,5,1.7500,true,,,2703
2,2027-08-01,GRASP_VNS,1,1.6250,true,,,2703
2,2027-08-01,GRASP_VNS,2,1.6250,false,71.9353,315.4049,2703
2,2027-08-01,GRASP_VNS,3,1.6250,true,,,2703
2,2027-08-01,GRASP_VNS,4,1.6250,false,73.0565,318.7429,2703
2,2027-08-01,GRASP_VNS,5,1.6250,false,73.1658,317.9757,2703
2,2027-08-01,GRASP_VNS,1,1.5625,false,70.4813,314.7611,2703
2,2027-08-01,GRASP_VNS,2,1.5625,false,71.6544,314.0304,2703
2,2027-08-01,GRASP_VNS,3,1.5625,false,71.0343,316.6883,2703
2,2027-08-01,GRASP_VNS,4,1.5625,false,70.1478,318.7652,2703
2,2027-08-01,GRASP_VNS,5,1.5625,false,69.7774,313.4534,2703
2,2027-08-01,GRASP_VNS,1,1.5938,false,69.8044,312.8036,2703
2,2027-08-01,GRASP_VNS,2,1.5938,false,69.0602,311.3219,2703
2,2027-08-01,GRASP_VNS,3,1.5938,false,72.3055,320.2874,2703
2,2027-08-01,GRASP_VNS,4,1.5938,false,72.7420,317.3279,2703
2,2027-08-01,GRASP_VNS,5,1.5938,false,70.1552,313.2976,2703
2,2027-08-01,GRASP_VNS,1,1.6938,true,,,2703
2,2027-08-01,GRASP_VNS,2,1.6938,true,,,2703
2,2027-08-01,GRASP_VNS,3,1.6938,true,,,2703
2,2027-08-01,GRASP_VNS,4,1.6938,true,,,2703
2,2027-08-01,GRASP_VNS,5,1.6938,true,,,2703
2,2027-08-01,GRASP_VNS,1,1.7938,true,,,2703
2,2027-08-01,GRASP_VNS,2,1.7938,true,,,2703
2,2027-08-01,GRASP_VNS,3,1.7938,true,,,2703
2,2027-08-01,GRASP_VNS,4,1.7938,true,,,2703
2,2027-08-01,GRASP_VNS,5,1.7938,true,,,2703
2,2027-12-02,ACS,1,2.0000,true,,,2633
2,2027-12-02,ACS,2,2.0000,true,,,2633
2,2027-12-02,ACS,3,2.0000,true,,,2633
2,2027-12-02,ACS,4,2.0000,true,,,2633
2,2027-12-02,ACS,5,2.0000,true,,,2633
2,2027-12-02,ACS,1,1.5000,true,,,2633
2,2027-12-02,ACS,2,1.5000,true,,,2633
2,2027-12-02,ACS,3,1.5000,true,,,2633
2,2027-12-02,ACS,4,1.5000,true,,,2633
2,2027-12-02,ACS,5,1.5000,true,,,2633
2,2027-12-02,ACS,1,1.2500,false,51.5291,181.2012,2633
2,2027-12-02,ACS,2,1.2500,true,,,2633
2,2027-12-02,ACS,3,1.2500,false,51.2432,180.5667,2633
2,2027-12-02,ACS,4,1.2500,false,51.8332,181.4600,2633
2,2027-12-02,ACS,5,1.2500,true,,,2633
2,2027-12-02,ACS,1,1.1250,false,49.1040,169.8357,2633
2,2027-12-02,ACS,2,1.1250,true,,,2633
2,2027-12-02,ACS,3,1.1250,false,48.7581,170.6612,2633
2,2027-12-02,ACS,4,1.1250,false,48.9698,171.3922,2633
2,2027-12-02,ACS,5,1.1250,false,49.7211,173.7556,2633
2,2027-12-02,ACS,1,1.0625,false,47.3890,171.2690,2633
2,2027-12-02,ACS,2,1.0625,false,48.0618,172.1232,2633
2,2027-12-02,ACS,3,1.0625,true,,,2633
2,2027-12-02,ACS,4,1.0625,false,47.5037,169.1335,2633
2,2027-12-02,ACS,5,1.0625,false,49.6228,168.4517,2633
2,2027-12-02,ACS,1,1.0313,false,47.3890,171.2690,2633
2,2027-12-02,ACS,2,1.0313,false,48.0618,172.1232,2633
2,2027-12-02,ACS,3,1.0313,true,,,2633
2,2027-12-02,ACS,4,1.0313,false,47.5037,169.1335,2633
2,2027-12-02,ACS,5,1.0313,false,49.6228,168.4517,2633
2,2027-12-02,ACS,1,1.1000,false,47.3890,171.2690,2633
2,2027-12-02,ACS,2,1.1000,false,48.0618,172.1232,2633
2,2027-12-02,ACS,3,1.1000,true,,,2633
2,2027-12-02,ACS,4,1.1000,false,47.5037,169.1335,2633
2,2027-12-02,ACS,5,1.1000,false,49.6228,168.4517,2633
2,2027-12-02,ACS,1,1.2000,false,49.5886,176.4743,2633
2,2027-12-02,ACS,2,1.2000,true,,,2633
2,2027-12-02,ACS,3,1.2000,false,49.9789,177.9671,2633
2,2027-12-02,ACS,4,1.2000,false,49.5093,176.5339,2633
2,2027-12-02,ACS,5,1.2000,false,49.8755,174.8830,2633
2,2027-12-02,GRASP_VNS,1,2.0000,true,,,2633
2,2027-12-02,GRASP_VNS,2,2.0000,true,,,2633
2,2027-12-02,GRASP_VNS,3,2.0000,true,,,2633
2,2027-12-02,GRASP_VNS,4,2.0000,true,,,2633
2,2027-12-02,GRASP_VNS,5,2.0000,true,,,2633
2,2027-12-02,GRASP_VNS,1,1.5000,false,65.8994,290.8296,2633
2,2027-12-02,GRASP_VNS,2,1.5000,false,68.3136,295.4415,2633
2,2027-12-02,GRASP_VNS,3,1.5000,false,62.8981,289.9384,2633
2,2027-12-02,GRASP_VNS,4,1.5000,false,68.4971,292.3244,2633
2,2027-12-02,GRASP_VNS,5,1.5000,false,65.1140,285.6078,2633
2,2027-12-02,GRASP_VNS,1,1.7500,false,77.8726,314.3532,2633
2,2027-12-02,GRASP_VNS,2,1.7500,true,,,2633
2,2027-12-02,GRASP_VNS,3,1.7500,false,74.8711,310.2238,2633
2,2027-12-02,GRASP_VNS,4,1.7500,true,,,2633
2,2027-12-02,GRASP_VNS,5,1.7500,false,75.8177,310.9097,2633
2,2027-12-02,GRASP_VNS,1,1.6250,false,76.2924,311.5996,2633
2,2027-12-02,GRASP_VNS,2,1.6250,false,74.9373,316.1828,2633
2,2027-12-02,GRASP_VNS,3,1.6250,false,73.5210,311.3655,2633
2,2027-12-02,GRASP_VNS,4,1.6250,false,73.6301,307.8152,2633
2,2027-12-02,GRASP_VNS,5,1.6250,false,74.4238,307.2752,2633
2,2027-12-02,GRASP_VNS,1,1.6875,false,75.0504,310.1910,2633
2,2027-12-02,GRASP_VNS,2,1.6875,true,,,2633
2,2027-12-02,GRASP_VNS,3,1.6875,false,75.3463,307.5462,2633
2,2027-12-02,GRASP_VNS,4,1.6875,false,75.9429,314.2895,2633
2,2027-12-02,GRASP_VNS,5,1.6875,true,,,2633
2,2027-12-02,GRASP_VNS,1,1.6563,false,75.5129,312.9363,2633
2,2027-12-02,GRASP_VNS,2,1.6563,false,76.2983,312.2341,2633
2,2027-12-02,GRASP_VNS,3,1.6563,false,73.4057,308.3470,2633
2,2027-12-02,GRASP_VNS,4,1.6563,false,75.9645,312.6304,2633
2,2027-12-02,GRASP_VNS,5,1.6563,false,74.3868,309.4127,2633
2,2027-12-02,GRASP_VNS,1,1.7563,false,75.4859,317.3963,2633
2,2027-12-02,GRASP_VNS,2,1.7563,true,,,2633
2,2027-12-02,GRASP_VNS,3,1.7563,true,,,2633
2,2027-12-02,GRASP_VNS,4,1.7563,true,,,2633
2,2027-12-02,GRASP_VNS,5,1.7563,true,,,2633
2,2027-12-02,GRASP_VNS,1,1.8563,true,,,2633
2,2027-12-02,GRASP_VNS,2,1.8563,true,,,2633
2,2027-12-02,GRASP_VNS,3,1.8563,true,,,2633
2,2027-12-02,GRASP_VNS,4,1.8563,true,,,2633
2,2027-12-02,GRASP_VNS,5,1.8563,true,,,2633
2,2027-08-07,ACS,1,2.0000,true,,,2741
2,2027-08-07,ACS,2,2.0000,true,,,2741
2,2027-08-07,ACS,3,2.0000,true,,,2741
2,2027-08-07,ACS,4,2.0000,true,,,2741
2,2027-08-07,ACS,5,2.0000,true,,,2741
2,2027-08-07,ACS,1,1.5000,true,,,2741
2,2027-08-07,ACS,2,1.5000,true,,,2741
2,2027-08-07,ACS,3,1.5000,true,,,2741
2,2027-08-07,ACS,4,1.5000,true,,,2741
2,2027-08-07,ACS,5,1.5000,true,,,2741
2,2027-08-07,ACS,1,1.2500,true,,,2741
2,2027-08-07,ACS,2,1.2500,true,,,2741
2,2027-08-07,ACS,3,1.2500,false,51.6970,185.4545,2741
2,2027-08-07,ACS,4,1.2500,true,,,2741
2,2027-08-07,ACS,5,1.2500,true,,,2741
2,2027-08-07,ACS,1,1.1250,false,48.0015,175.7955,2741
2,2027-08-07,ACS,2,1.1250,true,,,2741
2,2027-08-07,ACS,3,1.1250,false,47.2933,173.9587,2741
2,2027-08-07,ACS,4,1.1250,false,48.1822,175.6426,2741
2,2027-08-07,ACS,5,1.1250,false,46.5080,176.4339,2741
2,2027-08-07,ACS,1,1.0625,false,47.6960,174.2541,2741
2,2027-08-07,ACS,2,1.0625,false,48.0386,174.6302,2741
2,2027-08-07,ACS,3,1.0625,false,47.8970,176.0310,2741
2,2027-08-07,ACS,4,1.0625,false,48.3505,175.2789,2741
2,2027-08-07,ACS,5,1.0625,false,47.2202,173.8037,2741
2,2027-08-07,ACS,1,1.0938,false,47.6960,174.2541,2741
2,2027-08-07,ACS,2,1.0938,false,48.0386,174.6302,2741
2,2027-08-07,ACS,3,1.0938,false,47.8970,176.0310,2741
2,2027-08-07,ACS,4,1.0938,false,48.3505,175.2789,2741
2,2027-08-07,ACS,5,1.0938,false,47.2202,173.8037,2741
2,2027-08-07,ACS,1,1.1938,false,50.0447,178.5372,2741
2,2027-08-07,ACS,2,1.1938,false,49.1357,180.2273,2741
2,2027-08-07,ACS,3,1.1938,true,,,2741
2,2027-08-07,ACS,4,1.1938,true,,,2741
2,2027-08-07,ACS,5,1.1938,false,49.8139,181.2335,2741
2,2027-08-07,ACS,1,1.2938,true,,,2741
2,2027-08-07,ACS,2,1.2938,true,,,2741
2,2027-08-07,ACS,3,1.2938,false,53.5727,191.9959,2741
2,2027-08-07,ACS,4,1.2938,true,,,2741
2,2027-08-07,ACS,5,1.2938,true,,,2741
2,2027-08-07,GRASP_VNS,1,2.0000,true,,,2741
2,2027-08-07,GRASP_VNS,2,2.0000,true,,,2741
2,2027-08-07,GRASP_VNS,3,2.0000,true,,,2741
2,2027-08-07,GRASP_VNS,4,2.0000,true,,,2741
2,2027-08-07,GRASP_VNS,5,2.0000,true,,,2741
2,2027-08-07,GRASP_VNS,1,1.5000,false,65.2757,300.2521,2741
2,2027-08-07,GRASP_VNS,2,1.5000,false,65.0225,298.7934,2741
2,2027-08-07,GRASP_VNS,3,1.5000,false,62.9948,300.9215,2741
2,2027-08-07,GRASP_VNS,4,1.5000,false,64.9129,303.5579,2741
2,2027-08-07,GRASP_VNS,5,1.5000,false,65.1047,300.5124,2741
2,2027-08-07,GRASP_VNS,1,1.7500,true,,,2741
2,2027-08-07,GRASP_VNS,2,1.7500,true,,,2741
2,2027-08-07,GRASP_VNS,3,1.7500,false,72.4902,319.5868,2741
2,2027-08-07,GRASP_VNS,4,1.7500,true,,,2741
2,2027-08-07,GRASP_VNS,5,1.7500,true,,,2741
2,2027-08-07,GRASP_VNS,1,1.6250,false,71.9035,317.4421,2741
2,2027-08-07,GRASP_VNS,2,1.6250,false,70.0501,314.0930,2741
2,2027-08-07,GRASP_VNS,3,1.6250,false,69.9837,321.4050,2741
2,2027-08-07,GRASP_VNS,4,1.6250,false,71.0796,314.5186,2741
2,2027-08-07,GRASP_VNS,5,1.6250,false,70.3800,320.0351,2741
2,2027-08-07,GRASP_VNS,1,1.6875,false,71.5928,313.1550,2741
2,2027-08-07,GRASP_VNS,2,1.6875,false,70.7967,317.5186,2741
2,2027-08-07,GRASP_VNS,3,1.6875,false,70.8761,317.7273,2741
2,2027-08-07,GRASP_VNS,4,1.6875,false,70.7323,315.1736,2741
2,2027-08-07,GRASP_VNS,5,1.6875,true,,,2741
2,2027-08-07,GRASP_VNS,1,1.6563,false,72.0726,319.0000,2741
2,2027-08-07,GRASP_VNS,2,1.6563,false,70.4148,310.1074,2741
2,2027-08-07,GRASP_VNS,3,1.6563,false,70.9615,318.4938,2741
2,2027-08-07,GRASP_VNS,4,1.6563,false,71.2757,317.3802,2741
2,2027-08-07,GRASP_VNS,5,1.6563,false,69.6702,316.9649,2741
2,2027-08-07,GRASP_VNS,1,1.7563,true,,,2741
2,2027-08-07,GRASP_VNS,2,1.7563,true,,,2741
2,2027-08-07,GRASP_VNS,3,1.7563,true,,,2741
2,2027-08-07,GRASP_VNS,4,1.7563,true,,,2741
2,2027-08-07,GRASP_VNS,5,1.7563,true,,,2741
2,2027-08-07,GRASP_VNS,1,1.8563,true,,,2741
2,2027-08-07,GRASP_VNS,2,1.8563,true,,,2741
2,2027-08-07,GRASP_VNS,3,1.8563,true,,,2741
2,2027-08-07,GRASP_VNS,4,1.8563,true,,,2741
2,2027-08-07,GRASP_VNS,5,1.8563,true,,,2741
2,2027-10-05,ACS,1,2.0000,true,,,2618
2,2027-10-05,ACS,2,2.0000,true,,,2618
2,2027-10-05,ACS,3,2.0000,true,,,2618
2,2027-10-05,ACS,4,2.0000,true,,,2618
2,2027-10-05,ACS,5,2.0000,true,,,2618
2,2027-10-05,ACS,1,1.5000,true,,,2618
2,2027-10-05,ACS,2,1.5000,true,,,2618
2,2027-10-05,ACS,3,1.5000,true,,,2618
2,2027-10-05,ACS,4,1.5000,true,,,2618
2,2027-10-05,ACS,5,1.5000,true,,,2618
2,2027-10-05,ACS,1,1.2500,true,,,2618
2,2027-10-05,ACS,2,1.2500,true,,,2618
2,2027-10-05,ACS,3,1.2500,true,,,2618
2,2027-10-05,ACS,4,1.2500,true,,,2618
2,2027-10-05,ACS,5,1.2500,true,,,2618
2,2027-10-05,ACS,1,1.1250,false,47.9009,166.7335,2618
2,2027-10-05,ACS,2,1.1250,true,,,2618
2,2027-10-05,ACS,3,1.1250,true,,,2618
2,2027-10-05,ACS,4,1.1250,false,47.3739,169.1384,2618
2,2027-10-05,ACS,5,1.1250,false,47.7305,168.9380,2618
2,2027-10-05,ACS,1,1.0625,true,,,2618
2,2027-10-05,ACS,2,1.0625,true,,,2618
2,2027-10-05,ACS,3,1.0625,true,,,2618
2,2027-10-05,ACS,4,1.0625,false,46.5102,167.0496,2618
2,2027-10-05,ACS,5,1.0625,true,,,2618
2,2027-10-05,ACS,1,1.0313,true,,,2618
2,2027-10-05,ACS,2,1.0313,true,,,2618
2,2027-10-05,ACS,3,1.0313,true,,,2618
2,2027-10-05,ACS,4,1.0313,false,46.5102,167.0496,2618
2,2027-10-05,ACS,5,1.0313,true,,,2618
2,2027-10-05,ACS,1,1.1000,true,,,2618
2,2027-10-05,ACS,2,1.1000,true,,,2618
2,2027-10-05,ACS,3,1.1000,true,,,2618
2,2027-10-05,ACS,4,1.1000,false,46.5102,167.0496,2618
2,2027-10-05,ACS,5,1.1000,true,,,2618
2,2027-10-05,ACS,1,1.2000,true,,,2618
2,2027-10-05,ACS,2,1.2000,true,,,2618
2,2027-10-05,ACS,3,1.2000,true,,,2618
2,2027-10-05,ACS,4,1.2000,true,,,2618
2,2027-10-05,ACS,5,1.2000,true,,,2618
2,2027-10-05,GRASP_VNS,1,2.0000,false,77.9945,313.9979,2618
2,2027-10-05,GRASP_VNS,2,2.0000,true,,,2618
2,2027-10-05,GRASP_VNS,3,2.0000,false,76.1719,319.1983,2618
2,2027-10-05,GRASP_VNS,4,2.0000,true,,,2618
2,2027-10-05,GRASP_VNS,5,2.0000,false,76.9153,309.4731,2618
2,2027-10-05,GRASP_VNS,1,1.5000,false,69.2401,295.5558,2618
2,2027-10-05,GRASP_VNS,2,1.5000,false,66.9798,290.4132,2618
2,2027-10-05,GRASP_VNS,3,1.5000,false,69.4087,296.5930,2618
2,2027-10-05,GRASP_VNS,4,1.5000,false,68.5396,293.7335,2618
2,2027-10-05,GRASP_VNS,5,1.5000,false,70.1913,294.4649,2618
2,2027-10-05,GRASP_VNS,1,1.7500,false,75.8518,309.8533,2618
2,2027-10-05,GRASP_VNS,2,1.7500,true,,,2618
2,2027-10-05,GRASP_VNS,3,1.7500,false,75.0809,312.0372,2618
2,2027-10-05,GRASP_VNS,4,1.7500,true,,,2618
2,2027-10-05,GRASP_VNS,5,1.7500,true,,,2618
2,2027-10-05,GRASP_VNS,1,1.6250,false,74.1754,305.8471,2618
2,2027-10-05,GRASP_VNS,2,1.6250,false,74.7477,306.4607,2618
2,2027-10-05,GRASP_VNS,3,1.6250,false,77.5088,306.5620,2618
2,2027-10-05,GRASP_VNS,4,1.6250,false,74.9511,312.2376,2618
2,2027-10-05,GRASP_VNS,5,1.6250,false,75.9235,304.1942,2618
2,2027-10-05,GRASP_VNS,1,1.6875,false,75.3104,305.5393,2618
2,2027-10-05,GRASP_VNS,2,1.6875,false,74.6581,307.3946,2618
2,2027-10-05,GRASP_VNS,3,1.6875,false,74.0370,311.0744,2618
2,2027-10-05,GRASP_VNS,4,1.6875,false,74.0380,309.8058,2618
2,2027-10-05,GRASP_VNS,5,1.6875,false,75.0009,307.6694,2618
2,2027-10-05,GRASP_VNS,1,1.7188,false,75.8518,309.8533,2618
2,2027-10-05,GRASP_VNS,2,1.7188,true,,,2618
2,2027-10-05,GRASP_VNS,3,1.7188,false,75.0809,312.0372,2618
2,2027-10-05,GRASP_VNS,4,1.7188,true,,,2618
2,2027-10-05,GRASP_VNS,5,1.7188,true,,,2618
2,2027-10-05,GRASP_VNS,1,1.7875,true,,,2618
2,2027-10-05,GRASP_VNS,2,1.7875,true,,,2618
2,2027-10-05,GRASP_VNS,3,1.7875,true,,,2618
2,2027-10-05,GRASP_VNS,4,1.7875,false,77.9972,305.5475,2618
2,2027-10-05,GRASP_VNS,5,1.7875,false,79.6858,314.0579,2618
2,2027-10-05,GRASP_VNS,1,1.8875,true,,,2618
2,2027-10-05,GRASP_VNS,2,1.8875,true,,,2618
2,2027-10-05,GRASP_VNS,3,1.8875,true,,,2618
2,2027-10-05,GRASP_VNS,4,1.8875,true,,,2618
2,2027-10-05,GRASP_VNS,5,1.8875,true,,,2618
2,2027-12-03,ACS,1,2.0000,true,,,2599
2,2027-12-03,ACS,2,2.0000,true,,,2599
2,2027-12-03,ACS,3,2.0000,true,,,2599
2,2027-12-03,ACS,4,2.0000,true,,,2599
2,2027-12-03,ACS,5,2.0000,true,,,2599
2,2027-12-03,ACS,1,1.5000,true,,,2599
2,2027-12-03,ACS,2,1.5000,true,,,2599
2,2027-12-03,ACS,3,1.5000,true,,,2599
2,2027-12-03,ACS,4,1.5000,true,,,2599
2,2027-12-03,ACS,5,1.5000,true,,,2599
2,2027-12-03,ACS,1,1.2500,true,,,2599
2,2027-12-03,ACS,2,1.2500,true,,,2599
2,2027-12-03,ACS,3,1.2500,true,,,2599
2,2027-12-03,ACS,4,1.2500,true,,,2599
2,2027-12-03,ACS,5,1.2500,true,,,2599
2,2027-12-03,ACS,1,1.1250,true,,,2599
2,2027-12-03,ACS,2,1.1250,false,49.9639,169.5652,2599
2,2027-12-03,ACS,3,1.1250,false,47.5887,164.6398,2599
2,2027-12-03,ACS,4,1.1250,true,,,2599
2,2027-12-03,ACS,5,1.1250,false,49.8310,170.3085,2599
2,2027-12-03,ACS,1,1.0625,false,47.1718,163.4700,2599
2,2027-12-03,ACS,2,1.0625,false,48.3940,165.5321,2599
2,2027-12-03,ACS,3,1.0625,false,48.2674,161.6522,2599
2,2027-12-03,ACS,4,1.0625,false,47.5804,163.7909,2599
2,2027-12-03,ACS,5,1.0625,true,,,2599
2,2027-12-03,ACS,1,1.0313,false,47.1718,163.4700,2599
2,2027-12-03,ACS,2,1.0313,false,48.3940,165.5321,2599
2,2027-12-03,ACS,3,1.0313,false,48.2674,161.6522,2599
2,2027-12-03,ACS,4,1.0313,false,47.5804,163.7909,2599
2,2027-12-03,ACS,5,1.0313,true,,,2599
2,2027-12-03,ACS,1,1.1000,false,47.1718,163.4700,2599
2,2027-12-03,ACS,2,1.1000,false,48.3940,165.5321,2599
2,2027-12-03,ACS,3,1.1000,false,48.2674,161.6522,2599
2,2027-12-03,ACS,4,1.1000,false,47.5804,163.7909,2599
2,2027-12-03,ACS,5,1.1000,true,,,2599
2,2027-12-03,ACS,1,1.2000,false,49.9224,169.9710,2599
2,2027-12-03,ACS,2,1.2000,true,,,2599
2,2027-12-03,ACS,3,1.2000,false,49.8274,172.5921,2599
2,2027-12-03,ACS,4,1.2000,false,47.5952,168.6957,2599
2,2027-12-03,ACS,5,1.2000,false,50.5034,177.6605,2599
2,2027-12-03,GRASP_VNS,1,2.0000,true,,,2599
2,2027-12-03,GRASP_VNS,2,2.0000,true,,,2599
2,2027-12-03,GRASP_VNS,3,2.0000,true,,,2599
2,2027-12-03,GRASP_VNS,4,2.0000,true,,,2599
2,2027-12-03,GRASP_VNS,5,2.0000,true,,,2599
2,2027-12-03,GRASP_VNS,1,1.5000,false,65.1390,290.0518,2599
2,2027-12-03,GRASP_VNS,2,1.5000,false,66.9885,293.2567,2599
2,2027-12-03,GRASP_VNS,3,1.5000,false,66.4249,297.8613,2599
2,2027-12-03,GRASP_VNS,4,1.5000,false,67.4885,294.6542,2599
2,2027-12-03,GRASP_VNS,5,1.5000,false,68.0818,291.6522,2599
2,2027-12-03,GRASP_VNS,1,1.7500,true,,,2599
2,2027-12-03,GRASP_VNS,2,1.7500,true,,,2599
2,2027-12-03,GRASP_VNS,3,1.7500,true,,,2599
2,2027-12-03,GRASP_VNS,4,1.7500,true,,,2599
2,2027-12-03,GRASP_VNS,5,1.7500,true,,,2599
2,2027-12-03,GRASP_VNS,1,1.6250,false,75.2821,307.2754,2599
2,2027-12-03,GRASP_VNS,2,1.6250,false,75.8714,302.7598,2599
2,2027-12-03,GRASP_VNS,3,1.6250,false,76.7351,303.6128,2599
2,2027-12-03,GRASP_VNS,4,1.6250,false,75.9366,304.1470,2599
2,2027-12-03,GRASP_VNS,5,1.6250,true,,,2599
2,2027-12-03,GRASP_VNS,1,1.5625,false,71.8986,301.1967,2599
2,2027-12-03,GRASP_VNS,2,1.5625,false,68.9998,299.5155,2599
2,2027-12-03,GRASP_VNS,3,1.5625,false,71.1054,299.3437,2599
2,2027-12-03,GRASP_VNS,4,1.5625,false,71.8343,301.5031,2599
2,2027-12-03,GRASP_VNS,5,1.5625,false,70.6473,301.4638,2599
2,2027-12-03,GRASP_VNS,1,1.5938,false,71.7146,300.8903,2599
2,2027-12-03,GRASP_VNS,2,1.5938,false,71.2520,302.6253,2599
2,2027-12-03,GRASP_VNS,3,1.5938,false,72.3269,301.2236,2599
2,2027-12-03,GRASP_VNS,4,1.5938,false,72.1656,304.4824,2599
2,2027-12-03,GRASP_VNS,5,1.5938,false,72.4216,299.2899,2599
2,2027-12-03,GRASP_VNS,1,1.6938,true,,,2599
2,2027-12-03,GRASP_VNS,2,1.6938,true,,,2599
2,2027-12-03,GRASP_VNS,3,1.6938,true,,,2599
2,2027-12-03,GRASP_VNS,4,1.6938,true,,,2599
2,2027-12-03,GRASP_VNS,5,1.6938,true,,,2599
2,2027-12-03,GRASP_VNS,1,1.7938,true,,,2599
2,2027-12-03,GRASP_VNS,2,1.7938,true,,,2599
2,2027-12-03,GRASP_VNS,3,1.7938,true,,,2599
2,2027-12-03,GRASP_VNS,4,1.7938,true,,,2599
2,2027-12-03,GRASP_VNS,5,1.7938,true,,,2599
2,2028-11-06,ACS,1,2.0000,true,,,2629
2,2028-11-06,ACS,2,2.0000,true,,,2629
2,2028-11-06,ACS,3,2.0000,true,,,2629
2,2028-11-06,ACS,4,2.0000,true,,,2629
2,2028-11-06,ACS,5,2.0000,true,,,2629
2,2028-11-06,ACS,1,1.5000,true,,,2629
2,2028-11-06,ACS,2,1.5000,true,,,2629
2,2028-11-06,ACS,3,1.5000,true,,,2629
2,2028-11-06,ACS,4,1.5000,true,,,2629
2,2028-11-06,ACS,5,1.5000,true,,,2629
2,2028-11-06,ACS,1,1.2500,false,53.0346,180.6998,2629
2,2028-11-06,ACS,2,1.2500,true,,,2629
2,2028-11-06,ACS,3,1.2500,true,,,2629
2,2028-11-06,ACS,4,1.2500,true,,,2629
2,2028-11-06,ACS,5,1.2500,true,,,2629
2,2028-11-06,ACS,1,1.1250,false,52.3638,170.6625,2629
2,2028-11-06,ACS,2,1.1250,true,,,2629
2,2028-11-06,ACS,3,1.1250,true,,,2629
2,2028-11-06,ACS,4,1.1250,true,,,2629
2,2028-11-06,ACS,5,1.1250,false,50.4091,172.8820,2629
2,2028-11-06,ACS,1,1.0625,true,,,2629
2,2028-11-06,ACS,2,1.0625,false,49.5648,165.8323,2629
2,2028-11-06,ACS,3,1.0625,true,,,2629
2,2028-11-06,ACS,4,1.0625,true,,,2629
2,2028-11-06,ACS,5,1.0625,false,50.0230,169.9959,2629
2,2028-11-06,ACS,1,1.0313,true,,,2629
2,2028-11-06,ACS,2,1.0313,false,49.5648,165.8323,2629
2,2028-11-06,ACS,3,1.0313,true,,,2629
2,2028-11-06,ACS,4,1.0313,true,,,2629
2,2028-11-06,ACS,5,1.0313,false,50.0230,169.9959,2629
2,2028-11-06,ACS,1,1.1000,true,,,2629
2,2028-11-06,ACS,2,1.1000,false,49.5648,165.8323,2629
2,2028-11-06,ACS,3,1.1000,true,,,2629
2,2028-11-06,ACS,4,1.1000,true,,,2629
2,2028-11-06,ACS,5,1.1000,false,50.0230,169.9959,2629
2,2028-11-06,ACS,1,1.2000,true,,,2629
2,2028-11-06,ACS,2,1.2000,true,,,2629
2,2028-11-06,ACS,3,1.2000,true,,,2629
2,2028-11-06,ACS,4,1.2000,false,52.0396,174.2961,2629
2,2028-11-06,ACS,5,1.2000,true,,,2629
2,2028-11-06,GRASP_VNS,1,2.0000,true,,,2629
2,2028-11-06,GRASP_VNS,2,2.0000,true,,,2629
2,2028-11-06,GRASP_VNS,3,2.0000,true,,,2629
2,2028-11-06,GRASP_VNS,4,2.0000,true,,,2629
2,2028-11-06,GRASP_VNS,5,2.0000,true,,,2629
2,2028-11-06,GRASP_VNS,1,1.5000,false,67.9112,297.7743,2629
2,2028-11-06,GRASP_VNS,2,1.5000,false,70.4965,308.4576,2629
2,2028-11-06,GRASP_VNS,3,1.5000,false,68.4893,305.2257,2629
2,2028-11-06,GRASP_VNS,4,1.5000,false,68.8914,303.7019,2629
2,2028-11-06,GRASP_VNS,5,1.5000,false,68.0208,299.4451,2629
2,2028-11-06,GRASP_VNS,1,1.7500,true,,,2629
2,2028-11-06,GRASP_VNS,2,1.7500,true,,,2629
2,2028-11-06,GRASP_VNS,3,1.7500,true,,,2629
2,2028-11-06,GRASP_VNS,4,1.7500,true,,,2629
2,2028-11-06,GRASP_VNS,5,1.7500,true,,,2629
2,2028-11-06,GRASP_VNS,1,1.6250,true,,,2629
2,2028-11-06,GRASP_VNS,2,1.6250,true,,,2629
2,2028-11-06,GRASP_VNS,3,1.6250,true,,,2629
2,2028-11-06,GRASP_VNS,4,1.6250,true,,,2629
2,2028-11-06,GRASP_VNS,5,1.6250,true,,,2629
2,2028-11-06,GRASP_VNS,1,1.5625,true,,,2629
2,2028-11-06,GRASP_VNS,2,1.5625,false,74.4054,311.1491,2629
2,2028-11-06,GRASP_VNS,3,1.5625,false,75.2974,312.8965,2629
2,2028-11-06,GRASP_VNS,4,1.5625,false,73.5349,306.5404,2629
2,2028-11-06,GRASP_VNS,5,1.5625,false,72.5278,310.5735,2629
2,2028-11-06,GRASP_VNS,1,1.5313,false,71.7993,304.4720,2629
2,2028-11-06,GRASP_VNS,2,1.5313,false,72.3542,307.2174,2629
2,2028-11-06,GRASP_VNS,3,1.5313,false,72.5709,307.1925,2629
2,2028-11-06,GRASP_VNS,4,1.5313,false,70.5792,309.5280,2629
2,2028-11-06,GRASP_VNS,5,1.5313,false,74.0528,306.9627,2629
2,2028-11-06,GRASP_VNS,1,1.6313,true,,,2629
2,2028-11-06,GRASP_VNS,2,1.6313,true,,,2629
2,2028-11-06,GRASP_VNS,3,1.6313,true,,,2629
2,2028-11-06,GRASP_VNS,4,1.6313,true,,,2629
2,2028-11-06,GRASP_VNS,5,1.6313,true,,,2629
2,2028-11-06,GRASP_VNS,1,1.7313,true,,,2629
2,2028-11-06,GRASP_VNS,2,1.7313,true,,,2629
2,2028-11-06,GRASP_VNS,3,1.7313,true,,,2629
2,2028-11-06,GRASP_VNS,4,1.7313,true,,,2629
2,2028-11-06,GRASP_VNS,5,1.7313,true,,,2629
2,2027-09-05,ACS,1,2.0000,true,,,2671
2,2027-09-05,ACS,2,2.0000,true,,,2671
2,2027-09-05,ACS,3,2.0000,true,,,2671
2,2027-09-05,ACS,4,2.0000,true,,,2671
2,2027-09-05,ACS,5,2.0000,true,,,2671
2,2027-09-05,ACS,1,1.5000,true,,,2671
2,2027-09-05,ACS,2,1.5000,true,,,2671
2,2027-09-05,ACS,3,1.5000,true,,,2671
2,2027-09-05,ACS,4,1.5000,true,,,2671
2,2027-09-05,ACS,5,1.5000,true,,,2671
2,2027-09-05,ACS,1,1.2500,false,49.8128,175.0207,2671
2,2027-09-05,ACS,2,1.2500,false,49.4302,175.5083,2671
2,2027-09-05,ACS,3,1.2500,false,50.9671,176.6971,2671
2,2027-09-05,ACS,4,1.2500,false,50.8432,177.7988,2671
2,2027-09-05,ACS,5,1.2500,false,50.8127,176.1680,2671
2,2027-09-05,ACS,1,1.3750,true,,,2671
2,2027-09-05,ACS,2,1.3750,true,,,2671
2,2027-09-05,ACS,3,1.3750,true,,,2671
2,2027-09-05,ACS,4,1.3750,true,,,2671
2,2027-09-05,ACS,5,1.3750,true,,,2671
2,2027-09-05,ACS,1,1.3125,true,,,2671
2,2027-09-05,ACS,2,1.3125,true,,,2671
2,2027-09-05,ACS,3,1.3125,false,52.9107,183.9336,2671
2,2027-09-05,ACS,4,1.3125,true,,,2671
2,2027-09-05,ACS,5,1.3125,false,52.3540,180.8278,2671
2,2027-09-05,ACS,1,1.2813,false,50.8333,177.4461,2671
2,2027-09-05,ACS,2,1.2813,true,,,2671
2,2027-09-05,ACS,3,1.2813,true,,,2671
2,2027-09-05,ACS,4,1.2813,true,,,2671
2,2027-09-05,ACS,5,1.2813,true,,,2671
2,2027-09-05,ACS,1,1.3500,true,,,2671
2,2027-09-05,ACS,2,1.3500,true,,,2671
2,2027-09-05,ACS,3,1.3500,true,,,2671
2,2027-09-05,ACS,4,1.3500,true,,,2671
2,2027-09-05,ACS,5,1.3500,true,,,2671
2,2027-09-05,ACS,1,1.4500,true,,,2671
2,2027-09-05,ACS,2,1.4500,true,,,2671
2,2027-09-05,ACS,3,1.4500,true,,,2671
2,2027-09-05,ACS,4,1.4500,true,,,2671
2,2027-09-05,ACS,5,1.4500,true,,,2671
2,2027-09-05,GRASP_VNS,1,2.0000,true,,,2671
2,2027-09-05,GRASP_VNS,2,2.0000,true,,,2671
2,2027-09-05,GRASP_VNS,3,2.0000,false,72.0444,314.3838,2671
2,2027-09-05,GRASP_VNS,4,2.0000,false,72.8058,320.1183,2671
2,2027-09-05,GRASP_VNS,5,2.0000,true,,,2671
2,2027-09-05,GRASP_VNS,1,1.5000,false,63.1354,297.7739,2671
2,2027-09-05,GRASP_VNS,2,1.5000,false,62.9294,292.8776,2671
2,2027-09-05,GRASP_VNS,3,1.5000,false,64.2181,294.8485,2671
2,2027-09-05,GRASP_VNS,4,1.5000,false,63.1010,295.3340,2671
2,2027-09-05,GRASP_VNS,5,1.5000,false,64.9631,299.4564,2671
2,2027-09-05,GRASP_VNS,1,1.7500,false,72.8855,314.6805,2671
2,2027-09-05,GRASP_VNS,2,1.7500,true,,,2671
2,2027-09-05,GRASP_VNS,3,1.7500,true,,,2671
2,2027-09-05,GRASP_VNS,4,1.7500,true,,,2671
2,2027-09-05,GRASP_VNS,5,1.7500,true,,,2671
2,2027-09-05,GRASP_VNS,1,1.6250,false,71.3605,310.8444,2671
2,2027-09-05,GRASP_VNS,2,1.6250,false,71.9213,312.8921,2671
2,2027-09-05,GRASP_VNS,3,1.6250,false,72.0356,310.1079,2671
2,2027-09-05,GRASP_VNS,4,1.6250,false,71.2661,315.2676,2671
2,2027-09-05,GRASP_VNS,5,1.6250,false,73.5143,312.2676,2671
2,2027-09-05,GRASP_VNS,1,1.6875,false,71.2135,316.7095,2671
2,2027-09-05,GRASP_VNS,2,1.6875,false,72.1200,317.7573,2671
2,2027-09-05,GRASP_VNS,3,1.6875,false,68.6530,308.2386,2671
2,2027-09-05,GRASP_VNS,4,1.6875,false,70.5897,311.8900,2671
2,2027-09-05,GRASP_VNS,5,1.6875,true,,,2671
2,2027-09-05,GRASP_VNS,1,1.6563,false,71.3897,313.5830,2671
2,2027-09-05,GRASP_VNS,2,1.6563,false,72.7158,314.9481,2671
2,2027-09-05,GRASP_VNS,3,1.6563,false,72.3424,312.7199,2671
2,2027-09-05,GRASP_VNS,4,1.6563,false,73.0042,308.9398,2671
2,2027-09-05,GRASP_VNS,5,1.6563,false,72.7532,312.6929,2671
2,2027-09-05,GRASP_VNS,1,1.7563,false,71.4371,316.4481,2671
2,2027-09-05,GRASP_VNS,2,1.7563,false,69.5391,317.4440,2671
2,2027-09-05,GRASP_VNS,3,1.7563,true,,,2671
2,2027-09-05,GRASP_VNS,4,1.7563,false,71.1768,316.7510,2671
2,2027-09-05,GRASP_VNS,5,1.7563,true,,,2671
2,2027-09-05,GRASP_VNS,1,1.8563,true,,,2671
2,2027-09-05,GRASP_VNS,2,1.8563,true,,,2671
2,2027-09-05,GRASP_VNS,3,1.8563,true,,,2671
2,2027-09-05,GRASP_VNS,4,1.8563,true,,,2671
2,2027-09-05,GRASP_VNS,5,1.8563,true,,,2671
2,2027-09-04,ACS,1,2.0000,true,,,2586
2,2027-09-04,ACS,2,2.0000,true,,,2586
2,2027-09-04,ACS,3,2.0000,true,,,2586
2,2027-09-04,ACS,4,2.0000,true,,,2586
2,2027-09-04,ACS,5,2.0000,true,,,2586
2,2027-09-04,ACS,1,1.5000,true,,,2586
2,2027-09-04,ACS,2,1.5000,true,,,2586
2,2027-09-04,ACS,3,1.5000,true,,,2586
2,2027-09-04,ACS,4,1.5000,true,,,2586
2,2027-09-04,ACS,5,1.5000,true,,,2586
2,2027-09-04,ACS,1,1.2500,false,50.3034,176.7745,2586
2,2027-09-04,ACS,2,1.2500,true,,,2586
2,2027-09-04,ACS,3,1.2500,false,48.6463,174.9729,2586
2,2027-09-04,ACS,4,1.2500,true,,,2586
2,2027-09-04,ACS,5,1.2500,false,49.3070,178.8831,2586
2,2027-09-04,ACS,1,1.1250,false,46.5889,169.2255,2586
2,2027-09-04,ACS,2,1.1250,false,46.9849,169.4885,2586
2,2027-09-04,ACS,3,1.1250,false,46.5270,168.3069,2586
2,2027-09-04,ACS,4,1.1250,false,45.1844,168.7286,2586
2,2027-09-04,ACS,5,1.1250,false,48.5865,171.0939,2586
2,2027-09-04,ACS,1,1.1875,false,51.6744,175.0605,2586
2,2027-09-04,ACS,2,1.1875,false,49.8265,176.5010,2586
2,2027-09-04,ACS,3,1.1875,false,50.1742,171.3048,2586
2,2027-09-04,ACS,4,1.1875,false,48.8088,173.5825,2586
2,2027-09-04,ACS,5,1.1875,false,48.0209,172.7328,2586
2,2027-09-04,ACS,1,1.2188,false,50.9172,177.9186,2586
2,2027-09-04,ACS,2,1.2188,true,,,2586
2,2027-09-04,ACS,3,1.2188,false,50.3096,175.1942,2586
2,2027-09-04,ACS,4,1.2188,false,50.3061,176.9228,2586
2,2027-09-04,ACS,5,1.2188,true,,,2586
2,2027-09-04,ACS,1,1.2875,false,50.4881,181.9791,2586
2,2027-09-04,ACS,2,1.2875,false,50.1943,184.9269,2586
2,2027-09-04,ACS,3,1.2875,false,50.4853,184.9666,2586
2,2027-09-04,ACS,4,1.2875,true,,,2586
2,2027-09-04,ACS,5,1.2875,false,50.6728,182.6514,2586
2,2027-09-04,ACS,1,1.3875,true,,,2586
2,2027-09-04,ACS,2,1.3875,true,,,2586
2,2027-09-04,ACS,3,1.3875,true,,,2586
2,2027-09-04,ACS,4,1.3875,true,,,2586
2,2027-09-04,ACS,5,1.3875,true,,,2586
2,2027-09-04,GRASP_VNS,1,2.0000,false,73.5880,313.2526,2586
2,2027-09-04,GRASP_VNS,2,2.0000,true,,,2586
2,2027-09-04,GRASP_VNS,3,2.0000,false,71.5821,316.5115,2586
2,2027-09-04,GRASP_VNS,4,2.0000,true,,,2586
2,2027-09-04,GRASP_VNS,5,2.0000,true,,,2586
2,2027-09-04,GRASP_VNS,1,1.5000,false,66.1960,295.0543,2586
2,2027-09-04,GRASP_VNS,2,1.5000,false,66.0232,302.0752,2586
2,2027-09-04,GRASP_VNS,3,1.5000,false,62.2186,295.8873,2586
2,2027-09-04,GRASP_VNS,4,1.5000,false,65.6359,295.8246,2586
2,2027-09-04,GRASP_VNS,5,1.5000,false,68.7262,300.4322,2586
2,2027-09-04,GRASP_VNS,1,1.7500,true,,,2586
2,2027-09-04,GRASP_VNS,2,1.7500,false,73.7455,314.7098,2586
2,2027-09-04,GRASP_VNS,3,1.7500,true,,,2586
2,2027-09-04,GRASP_VNS,4,1.7500,false,72.2540,310.8559,2586
2,2027-09-04,GRASP_VNS,5,1.7500,false,73.9816,312.9916,2586
2,2027-09-04,GRASP_VNS,1,1.6250,false,72.5065,310.9854,2586
2,2027-09-04,GRASP_VNS,2,1.6250,false,72.3976,307.3570,2586
2,2027-09-04,GRASP_VNS,3,1.6250,false,71.8029,307.9708,2586
2,2027-09-04,GRASP_VNS,4,1.6250,false,71.6918,307.4426,2586
2,2027-09-04,GRASP_VNS,5,1.6250,false,71.8112,311.7286,2586
2,2027-09-04,GRASP_VNS,1,1.6875,false,73.0704,317.0292,2586
2,2027-09-04,GRASP_VNS,2,1.6875,false,73.3054,317.1441,2586
2,2027-09-04,GRASP_VNS,3,1.6875,false,73.5037,315.5240,2586
2,2027-09-04,GRASP_VNS,4,1.6875,true,,,2586
2,2027-09-04,GRASP_VNS,5,1.6875,false,73.2368,312.2505,2586
2,2027-09-04,GRASP_VNS,1,1.6563,false,69.5083,304.0543,2586
2,2027-09-04,GRASP_VNS,2,1.6563,false,73.6100,315.3424,2586
2,2027-09-04,GRASP_VNS,3,1.6563,false,71.3068,309.7307,2586
2,2027-09-04,GRASP_VNS,4,1.6563,false,71.8262,311.4447,2586
2,2027-09-04,GRASP_VNS,5,1.6563,false,74.1764,315.9436,2586
2,2027-09-04,GRASP_VNS,1,1.7563,true,,,2586
2,2027-09-04,GRASP_VNS,2,1.7563,false,73.5243,314.2777,2586
2,2027-09-04,GRASP_VNS,3,1.7563,false,75.1415,312.6681,2586
2,2027-09-04,GRASP_VNS,4,1.7563,false,73.7292,312.0084,2586
2,2027-09-04,GRASP_VNS,5,1.7563,true,,,2586
2,2027-09-04,GRASP_VNS,1,1.8563,true,,,2586
2,2027-09-04,GRASP_VNS,2,1.8563,true,,,2586
2,2027-09-04,GRASP_VNS,3,1.8563,true,,,2586
2,2027-09-04,GRASP_VNS,4,1.8563,true,,,2586
2,2027-09-04,GRASP_VNS,5,1.8563,true,,,2586
2,2027-12-08,ACS,1,2.0000,true,,,2544
2,2027-12-08,ACS,2,2.0000,true,,,2544
2,2027-12-08,ACS,3,2.0000,true,,,2544
2,2027-12-08,ACS,4,2.0000,true,,,2544
2,2027-12-08,ACS,5,2.0000,true,,,2544
2,2027-12-08,ACS,1,1.5000,true,,,2544
2,2027-12-08,ACS,2,1.5000,true,,,2544
2,2027-12-08,ACS,3,1.5000,true,,,2544
2,2027-12-08,ACS,4,1.5000,true,,,2544
2,2027-12-08,ACS,5,1.5000,true,,,2544
2,2027-12-08,ACS,1,1.2500,true,,,2544
2,2027-12-08,ACS,2,1.2500,false,49.4006,177.7797,2544
2,2027-12-08,ACS,3,1.2500,false,50.2119,179.9873,2544
2,2027-12-08,ACS,4,1.2500,true,,,2544
2,2027-12-08,ACS,5,1.2500,false,49.7968,181.7966,2544
2,2027-12-08,ACS,1,1.1250,false,47.2570,168.0424,2544
2,2027-12-08,ACS,2,1.1250,false,47.7555,171.0636,2544
2,2027-12-08,ACS,3,1.1250,false,45.4120,170.4788,2544
2,2027-12-08,ACS,4,1.1250,false,43.2842,167.7627,2544
2,2027-12-08,ACS,5,1.1250,false,47.8525,171.6123,2544
2,2027-12-08,ACS,1,1.1875,false,48.6739,175.4195,2544
2,2027-12-08,ACS,2,1.1875,false,47.5411,173.6186,2544
2,2027-12-08,ACS,3,1.1875,false,48.1846,174.3602,2544
2,2027-12-08,ACS,4,1.1875,false,46.0663,173.4619,2544
2,2027-12-08,ACS,5,1.1875,true,,,2544
2,2027-12-08,ACS,1,1.1563,true,,,2544
2,2027-12-08,ACS,2,1.1563,false,47.0988,173.0593,2544
2,2027-12-08,ACS,3,1.1563,true,,,2544
2,2027-12-08,ACS,4,1.1563,true,,,2544
2,2027-12-08,ACS,5,1.1563,false,48.9939,172.3602,2544
2,2027-12-08,ACS,1,1.2250,true,,,2544
2,2027-12-08,ACS,2,1.2250,false,49.4006,177.7797,2544
2,2027-12-08,ACS,3,1.2250,false,50.2119,179.9873,2544
2,2027-12-08,ACS,4,1.2250,true,,,2544
2,2027-12-08,ACS,5,1.2250,false,49.7968,181.7966,2544
2,2027-12-08,ACS,1,1.3250,true,,,2544
2,2027-12-08,ACS,2,1.3250,true,,,2544
2,2027-12-08,ACS,3,1.3250,false,50.4313,185.9852,2544
2,2027-12-08,ACS,4,1.3250,true,,,2544
2,2027-12-08,ACS,5,1.3250,false,51.8160,186.4047,2544
2,2027-12-08,GRASP_VNS,1,2.0000,true,,,2544
2,2027-12-08,GRASP_VNS,2,2.0000,true,,,2544
2,2027-12-08,GRASP_VNS,3,2.0000,true,,,2544
2,2027-12-08,GRASP_VNS,4,2.0000,true,,,2544
2,2027-12-08,GRASP_VNS,5,2.0000,true,,,2544
2,2027-12-08,GRASP_VNS,1,1.5000,false,65.8665,294.5233,2544
2,2027-12-08,GRASP_VNS,2,1.5000,false,65.7816,297.3093,2544
2,2027-12-08,GRASP_VNS,3,1.5000,false,66.0835,293.6886,2544
2,2027-12-08,GRASP_VNS,4,1.5000,false,63.5101,291.5699,2544
2,2027-12-08,GRASP_VNS,5,1.5000,false,64.3635,297.6059,2544
2,2027-12-08,GRASP_VNS,1,1.7500,true,,,2544
2,2027-12-08,GRASP_VNS,2,1.7500,true,,,2544
2,2027-12-08,GRASP_VNS,3,1.7500,true,,,2544
2,2027-12-08,GRASP_VNS,4,1.7500,false,75.5055,323.2648,2544
2,2027-12-08,GRASP_VNS,5,1.7500,false,76.5014,324.0572,2544
2,2027-12-08,GRASP_VNS,1,1.6250,false,72.8263,314.6822,2544
2,2027-12-08,GRASP_VNS,2,1.6250,false,73.8985,317.6949,2544
2,2027-12-08,GRASP_VNS,3,1.6250,false,75.4175,313.2521,2544
2,2027-12-08,GRASP_VNS,4,1.6250,false,73.5491,317.2945,2544
2,2027-12-08,GRASP_VNS,5,1.6250,true,,,2544
2,2027-12-08,GRASP_VNS,1,1.5625,false,71.4338,312.4089,2544
2,2027-12-08,GRASP_VNS,2,1.5625,false,68.4561,305.1483,2544
2,2027-12-08,GRASP_VNS,3,1.5625,false,71.4140,304.9958,2544
2,2027-12-08,GRASP_VNS,4,1.5625,false,72.9074,307.0911,2544
2,2027-12-08,GRASP_VNS,5,1.5625,false,67.7733,301.7415,2544
2,2027-12-08,GRASP_VNS,1,1.5938,false,67.7956,295.4174,2544
2,2027-12-08,GRASP_VNS,2,1.5938,false,67.2366,305.2860,2544
2,2027-12-08,GRASP_VNS,3,1.5938,false,71.4258,310.3729,2544
2,2027-12-08,GRASP_VNS,4,1.5938,false,68.0781,301.4513,2544
2,2027-12-08,GRASP_VNS,5,1.5938,false,69.8008,309.1102,2544
2,2027-12-08,GRASP_VNS,1,1.6938,true,,,2544
2,2027-12-08,GRASP_VNS,2,1.6938,false,74.3107,319.6250,2544
2,2027-12-08,GRASP_VNS,3,1.6938,true,,,2544
2,2027-12-08,GRASP_VNS,4,1.6938,true,,,2544
2,2027-12-08,GRASP_VNS,5,1.6938,false,72.8347,316.3178,2544
2,2027-12-08,GRASP_VNS,1,1.7938,true,,,2544
2,2027-12-08,GRASP_VNS,2,1.7938,true,,,2544
2,2027-12-08,GRASP_VNS,3,1.7938,true,,,2544
2,2027-12-08,GRASP_VNS,4,1.7938,true,,,2544
2,2027-12-08,GRASP_VNS,5,1.7938,true,,,2544
2,2027-06-09,ACS,1,2.0000,true,,,2530
2,2027-06-09,ACS,2,2.0000,true,,,2530
2,2027-06-09,ACS,3,2.0000,true,,,2530
2,2027-06-09,ACS,4,2.0000,true,,,2530
2,2027-06-09,ACS,5,2.0000,true,,,2530
2,2027-06-09,ACS,1,1.5000,true,,,2530
2,2027-06-09,ACS,2,1.5000,true,,,2530
2,2027-06-09,ACS,3,1.5000,true,,,2530
2,2027-06-09,ACS,4,1.5000,true,,,2530
2,2027-06-09,ACS,5,1.5000,true,,,2530
2,2027-06-09,ACS,1,1.2500,true,,,2530
2,2027-06-09,ACS,2,1.2500,true,,,2530
2,2027-06-09,ACS,3,1.2500,true,,,2530
2,2027-06-09,ACS,4,1.2500,true,,,2530
2,2027-06-09,ACS,5,1.2500,false,48.0647,182.7066,2530
2,2027-06-09,ACS,1,1.1250,false,43.4215,174.1884,2530
2,2027-06-09,ACS,2,1.1250,false,44.5234,175.3126,2530
2,2027-06-09,ACS,3,1.1250,false,44.1883,174.0193,2530
2,2027-06-09,ACS,4,1.1250,false,43.6270,174.1456,2530
2,2027-06-09,ACS,5,1.1250,false,45.2364,176.7173,2530
2,2027-06-09,ACS,1,1.1875,false,45.3785,180.9807,2530
2,2027-06-09,ACS,2,1.1875,false,45.6854,178.0278,2530
2,2027-06-09,ACS,3,1.1875,false,45.1410,179.7152,2530
2,2027-06-09,ACS,4,1.1875,false,45.1814,177.3983,2530
2,2027-06-09,ACS,5,1.1875,false,44.3878,176.8651,2530
2,2027-06-09,ACS,1,1.2188,true,,,2530
2,2027-06-09,ACS,2,1.2188,false,47.7326,184.6317,2530
2,2027-06-09,ACS,3,1.2188,false,48.4840,185.4882,2530
2,2027-06-09,ACS,4,1.2188,false,45.6747,182.9293,2530
2,2027-06-09,ACS,5,1.2188,false,45.7549,184.7794,2530
2,2027-06-09,ACS,1,1.2875,true,,,2530
2,2027-06-09,ACS,2,1.2875,false,48.5456,186.0193,2530
2,2027-06-09,ACS,3,1.2875,true,,,2530
2,2027-06-09,ACS,4,1.2875,false,46.4855,187.7837,2530
2,2027-06-09,ACS,5,1.2875,false,47.2106,186.7388,2530
2,2027-06-09,ACS,1,1.3875,true,,,2530
2,2027-06-09,ACS,2,1.3875,true,,,2530
2,2027-06-09,ACS,3,1.3875,true,,,2530
2,2027-06-09,ACS,4,1.3875,true,,,2530
2,2027-06-09,ACS,5,1.3875,false,51.4831,199.0600,2530
2,2027-06-09,GRASP_VNS,1,2.0000,false,70.2987,325.2827,2530
2,2027-06-09,GRASP_VNS,2,2.0000,true,,,2530
2,2027-06-09,GRASP_VNS,3,2.0000,true,,,2530
2,2027-06-09,GRASP_VNS,4,2.0000,false,69.8870,322.5739,2530
2,2027-06-09,GRASP_VNS,5,2.0000,true,,,2530
2,2027-06-09,GRASP_VNS,1,1.5000,false,61.6579,297.1478,2530
2,2027-06-09,GRASP_VNS,2,1.5000,false,60.8176,297.1306,2530
2,2027-06-09,GRASP_VNS,3,1.5000,false,59.0337,292.3726,2530
2,2027-06-09,GRASP_VNS,4,1.5000,false,59.4791,290.4882,2530
2,2027-06-09,GRASP_VNS,5,1.5000,false,60.7560,300.2784,2530
2,2027-06-09,GRASP_VNS,1,1.7500,true,,,2530
2,2027-06-09,GRASP_VNS,2,1.7500,false,71.6718,323.1585,2530
2,2027-06-09,GRASP_VNS,3,1.7500,false,69.8093,324.0385,2530
2,2027-06-09,GRASP_VNS,4,1.7500,false,70.4182,321.0964,2530
2,2027-06-09,GRASP_VNS,5,1.7500,true,,,2530
2,2027-06-09,GRASP_VNS,1,1.6250,true,,,2530
2,2027-06-09,GRASP_VNS,2,1.6250,false,68.1044,314.0257,2530
2,2027-06-09,GRASP_VNS,3,1.6250,false,68.2439,316.5610,2530
2,2027-06-09,GRASP_VNS,4,1.6250,false,68.8606,318.6274,2530
2,2027-06-09,GRASP_VNS,5,1.6250,false,66.4703,322.5824,2530
2,2027-06-09,GRASP_VNS,1,1.5625,false,67.1211,317.9015,2530
2,2027-06-09,GRASP_VNS,2,1.5625,false,63.2242,306.9058,2530
2,2027-06-09,GRASP_VNS,3,1.5625,false,62.2476,311.0171,2530
2,2027-06-09,GRASP_VNS,4,1.5625,false,65.7441,309.9700,2530
2,2027-06-09,GRASP_VNS,5,1.5625,false,64.9129,308.5246,2530
2,2027-06-09,GRASP_VNS,1,1.5938,false,65.0431,307.4839,2530
2,2027-06-09,GRASP_VNS,2,1.5938,false,64.2954,302.2869,2530
2,2027-06-09,GRASP_VNS,3,1.5938,false,66.9982,313.6146,2530
2,2027-06-09,GRASP_VNS,4,1.5938,false,65.5464,313.6081,2530
2,2027-06-09,GRASP_VNS,5,1.5938,false,63.0961,311.4090,2530
2,2027-06-09,GRASP_VNS,1,1.6938,false,69.3301,322.2248,2530
2,2027-06-09,GRASP_VNS,2,1.6938,true,,,2530
2,2027-06-09,GRASP_VNS,3,1.6938,true,,,2530
2,2027-06-09,GRASP_VNS,4,1.6938,false,69.8557,319.9636,2530
2,2027-06-09,GRASP_VNS,5,1.6938,false,70.4099,323.1649,2530
2,2027-06-09,GRASP_VNS,1,1.7938,true,,,2530
2,2027-06-09,GRASP_VNS,2,1.7938,true,,,2530
2,2027-06-09,GRASP_VNS,3,1.7938,true,,,2530
2,2027-06-09,GRASP_VNS,4,1.7938,true,,,2530
2,2027-06-09,GRASP_VNS,5,1.7938,true,,,2530
2,2027-07-08,ACS,1,2.0000,true,,,2501
2,2027-07-08,ACS,2,2.0000,true,,,2501
2,2027-07-08,ACS,3,2.0000,true,,,2501
2,2027-07-08,ACS,4,2.0000,true,,,2501
2,2027-07-08,ACS,5,2.0000,true,,,2501
2,2027-07-08,ACS,1,1.5000,true,,,2501
2,2027-07-08,ACS,2,1.5000,true,,,2501
2,2027-07-08,ACS,3,1.5000,true,,,2501
2,2027-07-08,ACS,4,1.5000,true,,,2501
2,2027-07-08,ACS,5,1.5000,true,,,2501
2,2027-07-08,ACS,1,1.2500,true,,,2501
2,2027-07-08,ACS,2,1.2500,true,,,2501
2,2027-07-08,ACS,3,1.2500,true,,,2501
2,2027-07-08,ACS,4,1.2500,true,,,2501
2,2027-07-08,ACS,5,1.2500,false,52.8826,186.6188,2501
2,2027-07-08,ACS,1,1.1250,true,,,2501
2,2027-07-08,ACS,2,1.1250,false,51.4420,177.7602,2501
2,2027-07-08,ACS,3,1.1250,true,,,2501
2,2027-07-08,ACS,4,1.1250,false,52.1564,178.5760,2501
2,2027-07-08,ACS,5,1.1250,false,51.9564,178.0364,2501
2,2027-07-08,ACS,1,1.0625,false,49.5140,174.1092,2501
2,2027-07-08,ACS,2,1.0625,false,51.4797,173.3148,2501
2,2027-07-08,ACS,3,1.0625,false,52.3191,176.0278,2501
2,2027-07-08,ACS,4,1.0625,false,49.7830,175.4797,2501
2,2027-07-08,ACS,5,1.0625,false,49.9268,178.1970,2501
2,2027-07-08,ACS,1,1.0938,false,49.5140,174.1092,2501
2,2027-07-08,ACS,2,1.0938,false,51.4797,173.3148,2501
2,2027-07-08,ACS,3,1.0938,false,52.3191,176.0278,2501
2,2027-07-08,ACS,4,1.0938,false,49.7830,175.4797,2501
2,2027-07-08,ACS,5,1.0938,false,49.9268,178.1970,2501
2,2027-07-08,ACS,1,1.1938,false,51.6235,180.7709,2501
2,2027-07-08,ACS,2,1.1938,true,,,2501
2,2027-07-08,ACS,3,1.1938,false,52.4794,183.8929,2501
2,2027-07-08,ACS,4,1.1938,false,52.8285,183.6445,2501
2,2027-07-08,ACS,5,1.1938,true,,,2501
2,2027-07-08,ACS,1,1.2938,true,,,2501
2,2027-07-08,ACS,2,1.2938,true,,,2501
2,2027-07-08,ACS,3,1.2938,false,54.6078,190.8415,2501
2,2027-07-08,ACS,4,1.2938,false,53.2112,190.3362,2501
2,2027-07-08,ACS,5,1.2938,true,,,2501
2,2027-07-08,GRASP_VNS,1,2.0000,true,,,2501
2,2027-07-08,GRASP_VNS,2,2.0000,true,,,2501
2,2027-07-08,GRASP_VNS,3,2.0000,true,,,2501
2,2027-07-08,GRASP_VNS,4,2.0000,true,,,2501
2,2027-07-08,GRASP_VNS,5,2.0000,true,,,2501
2,2027-07-08,GRASP_VNS,1,1.5000,false,71.4217,293.5310,2501
2,2027-07-08,GRASP_VNS,2,1.5000,false,72.9234,305.3576,2501
2,2027-07-08,GRASP_VNS,3,1.5000,false,73.0708,301.7837,2501
2,2027-07-08,GRASP_VNS,4,1.5000,false,71.4480,298.1435,2501
2,2027-07-08,GRASP_VNS,5,1.5000,false,70.5243,301.7816,2501
2,2027-07-08,GRASP_VNS,1,1.7500,true,,,2501
2,2027-07-08,GRASP_VNS,2,1.7500,true,,,2501
2,2027-07-08,GRASP_VNS,3,1.7500,true,,,2501
2,2027-07-08,GRASP_VNS,4,1.7500,true,,,2501
2,2027-07-08,GRASP_VNS,5,1.7500,true,,,2501
2,2027-07-08,GRASP_VNS,1,1.6250,true,,,2501
2,2027-07-08,GRASP_VNS,2,1.6250,true,,,2501
2,2027-07-08,GRASP_VNS,3,1.6250,true,,,2501
2,2027-07-08,GRASP_VNS,4,1.6250,true,,,2501
2,2027-07-08,GRASP_VNS,5,1.6250,true,,,2501
2,2027-07-08,GRASP_VNS,1,1.5625,true,,,2501
2,2027-07-08,GRASP_VNS,2,1.5625,true,,,2501
2,2027-07-08,GRASP_VNS,3,1.5625,false,73.4183,308.1071,2501
2,2027-07-08,GRASP_VNS,4,1.5625,true,,,2501
2,2027-07-08,GRASP_VNS,5,1.5625,true,,,2501
2,2027-07-08,GRASP_VNS,1,1.5313,true,,,2501
2,2027-07-08,GRASP_VNS,2,1.5313,false,74.7571,307.0043,2501
2,2027-07-08,GRASP_VNS,3,1.5313,true,,,2501
2,2027-07-08,GRASP_VNS,4,1.5313,true,,,2501
2,2027-07-08,GRASP_VNS,5,1.5313,false,75.3120,306.1456,2501
2,2027-07-08,GRASP_VNS,1,1.6000,true,,,2501
2,2027-07-08,GRASP_VNS,2,1.6000,true,,,2501
2,2027-07-08,GRASP_VNS,3,1.6000,true,,,2501
2,2027-07-08,GRASP_VNS,4,1.6000,true,,,2501
2,2027-07-08,GRASP_VNS,5,1.6000,true,,,2501
2,2027-07-08,GRASP_VNS,1,1.7000,true,,,2501
2,2027-07-08,GRASP_VNS,2,1.7000,true,,,2501
2,2027-07-08,GRASP_VNS,3,1.7000,true,,,2501
2,2027-07-08,GRASP_VNS,4,1.7000,true,,,2501
2,2027-07-08,GRASP_VNS,5,1.7000,true,,,2501
2,2027-07-11,ACS,1,2.0000,true,,,2551
2,2027-07-11,ACS,2,2.0000,true,,,2551
2,2027-07-11,ACS,3,2.0000,true,,,2551
2,2027-07-11,ACS,4,2.0000,true,,,2551
2,2027-07-11,ACS,5,2.0000,true,,,2551
2,2027-07-11,ACS,1,1.5000,true,,,2551
2,2027-07-11,ACS,2,1.5000,true,,,2551
2,2027-07-11,ACS,3,1.5000,false,54.7924,203.1285,2551
2,2027-07-11,ACS,4,1.5000,true,,,2551
2,2027-07-11,ACS,5,1.5000,true,,,2551
2,2027-07-11,ACS,1,1.2500,true,,,2551
2,2027-07-11,ACS,2,1.2500,false,49.0879,183.7259,2551
2,2027-07-11,ACS,3,1.2500,false,50.6698,182.9979,2551
2,2027-07-11,ACS,4,1.2500,false,46.1288,180.6039,2551
2,2027-07-11,ACS,5,1.2500,false,46.5048,180.7794,2551
2,2027-07-11,ACS,1,1.1250,false,44.4782,168.7794,2551
2,2027-07-11,ACS,2,1.1250,false,44.8462,174.8587,2551
2,2027-07-11,ACS,3,1.1250,false,44.8318,170.8501,2551
2,2027-07-11,ACS,4,1.1250,false,46.2649,173.0278,2551
2,2027-07-11,ACS,5,1.1250,false,44.6625,174.8779,2551
2,2027-07-11,ACS,1,1.1875,false,45.8023,174.6510,2551
2,2027-07-11,ACS,2,1.1875,false,45.7290,173.7773,2551
2,2027-07-11,ACS,3,1.1875,false,45.5132,174.4454,2551
2,2027-07-11,ACS,4,1.1875,false,44.9598,175.6617,2551
2,2027-07-11,ACS,5,1.1875,false,47.3270,178.7302,2551
2,2027-07-11,ACS,1,1.2188,false,47.6102,179.9486,2551
2,2027-07-11,ACS,2,1.2188,false,47.3816,178.3405,2551
2,2027-07-11,ACS,3,1.2188,true,,,2551
2,2027-07-11,ACS,4,1.2188,true,,,2551
2,2027-07-11,ACS,5,1.2188,false,47.6812,180.3919,2551
2,2027-07-11,ACS,1,1.2875,true,,,2551
2,2027-07-11,ACS,2,1.2875,true,,,2551
2,2027-07-11,ACS,3,1.2875,false,49.2281,186.6231,2551
2,2027-07-11,ACS,4,1.2875,true,,,2551
2,2027-07-11,ACS,5,1.2875,false,49.4994,188.7623,2551
2,2027-07-11,ACS,1,1.3875,true,,,2551
2,2027-07-11,ACS,2,1.3875,true,,,2551
2,2027-07-11,ACS,3,1.3875,true,,,2551
2,2027-07-11,ACS,4,1.3875,true,,,2551
2,2027-07-11,ACS,5,1.3875,true,,,2551
2,2027-07-11,GRASP_VNS,1,2.0000,false,72.1002,329.0086,2551
2,2027-07-11,GRASP_VNS,2,2.0000,true,,,2551
2,2027-07-11,GRASP_VNS,3,2.0000,false,70.2262,321.4090,2551
2,2027-07-11,GRASP_VNS,4,2.0000,false,68.7011,319.9315,2551
2,2027-07-11,GRASP_VNS,5,2.0000,true,,,2551
2,2027-07-11,GRASP_VNS,1,1.5000,false,60.8369,292.1692,2551
2,2027-07-11,GRASP_VNS,2,1.5000,false,62.1323,295.2762,2551
2,2027-07-11,GRASP_VNS,3,1.5000,false,63.9872,301.8030,2551
2,2027-07-11,GRASP_VNS,4,1.5000,false,64.5070,304.4861,2551
2,2027-07-11,GRASP_VNS,5,1.5000,false,61.6954,300.5396,2551
2,2027-07-11,GRASP_VNS,1,1.7500,false,71.1620,326.7816,2551
2,2027-07-11,GRASP_VNS,2,1.7500,false,72.9344,325.6767,2551
2,2027-07-11,GRASP_VNS,3,1.7500,false,73.0883,319.3576,2551
2,2027-07-11,GRASP_VNS,4,1.7500,false,71.4731,317.0193,2551
2,2027-07-11,GRASP_VNS,5,1.7500,false,71.1333,318.7409,2551
2,2027-07-11,GRASP_VNS,1,1.8750,false,73.6257,322.5739,2551
2,2027-07-11,GRASP_VNS,2,1.8750,true,,,2551
2,2027-07-11,GRASP_VNS,3,1.8750,true,,,2551
2,2027-07-11,GRASP_VNS,4,1.8750,true,,,2551
2,2027-07-11,GRASP_VNS,5,1.8750,true,,,2551
2,2027-07-11,GRASP_VNS,1,1.8125,true,,,2551
2,2027-07-11,GRASP_VNS,2,1.8125,true,,,2551
2,2027-07-11,GRASP_VNS,3,1.8125,false,73.4257,322.3169,2551
2,2027-07-11,GRASP_VNS,4,1.8125,true,,,2551
2,2027-07-11,GRASP_VNS,5,1.8125,true,,,2551
2,2027-07-11,GRASP_VNS,1,1.7813,false,71.8571,328.3940,2551
2,2027-07-11,GRASP_VNS,2,1.7813,false,72.0153,317.6831,2551
2,2027-07-11,GRASP_VNS,3,1.7813,false,72.2057,321.9829,2551
2,2027-07-11,GRASP_VNS,4,1.7813,true,,,2551
2,2027-07-11,GRASP_VNS,5,1.7813,false,73.5261,324.7580,2551
2,2027-07-11,GRASP_VNS,1,1.8500,true,,,2551
2,2027-07-11,GRASP_VNS,2,1.8500,true,,,2551
2,2027-07-11,GRASP_VNS,3,1.8500,true,,,2551
2,2027-07-11,GRASP_VNS,4,1.8500,true,,,2551
2,2027-07-11,GRASP_VNS,5,1.8500,true,,,2551
2,2027-07-11,GRASP_VNS,1,1.9500,false,72.1002,329.0086,2551
2,2027-07-11,GRASP_VNS,2,1.9500,true,,,2551
2,2027-07-11,GRASP_VNS,3,1.9500,false,70.2262,321.4090,2551
2,2027-07-11,GRASP_VNS,4,1.9500,false,68.7011,319.9315,2551
2,2027-07-11,GRASP_VNS,5,1.9500,true,,,2551
2,2027-07-03,ACS,1,2.0000,true,,,2613
2,2027-07-03,ACS,2,2.0000,true,,,2613
2,2027-07-03,ACS,3,2.0000,true,,,2613
2,2027-07-03,ACS,4,2.0000,true,,,2613
2,2027-07-03,ACS,5,2.0000,true,,,2613
2,2027-07-03,ACS,1,1.5000,true,,,2613
2,2027-07-03,ACS,2,1.5000,true,,,2613
2,2027-07-03,ACS,3,1.5000,true,,,2613
2,2027-07-03,ACS,4,1.5000,true,,,2613
2,2027-07-03,ACS,5,1.5000,true,,,2613
2,2027-07-03,ACS,1,1.2500,false,52.6262,193.7210,2613
2,2027-07-03,ACS,2,1.2500,true,,,2613
2,2027-07-03,ACS,3,1.2500,false,50.2335,189.4378,2613
2,2027-07-03,ACS,4,1.2500,false,52.8520,188.5687,2613
2,2027-07-03,ACS,5,1.2500,true,,,2613
2,2027-07-03,ACS,1,1.1250,false,46.8073,179.7511,2613
2,2027-07-03,ACS,2,1.1250,true,,,2613
2,2027-07-03,ACS,3,1.1250,false,48.8866,177.8348,2613
2,2027-07-03,ACS,4,1.1250,false,48.9190,177.8047,2613
2,2027-07-03,ACS,5,1.1250,false,48.9963,183.8884,2613
2,2027-07-03,ACS,1,1.0625,false,46.2360,176.2361,2613
2,2027-07-03,ACS,2,1.0625,true,,,2613
2,2027-07-03,ACS,3,1.0625,true,,,2613
2,2027-07-03,ACS,4,1.0625,false,47.7781,174.5386,2613
2,2027-07-03,ACS,5,1.0625,false,48.2826,178.0215,2613
2,2027-07-03,ACS,1,1.0313,false,46.2360,176.2361,2613
2,2027-07-03,ACS,2,1.0313,true,,,2613
2,2027-07-03,ACS,3,1.0313,true,,,2613
2,2027-07-03,ACS,4,1.0313,false,47.7781,174.5386,2613
2,2027-07-03,ACS,5,1.0313,false,48.2826,178.0215,2613
2,2027-07-03,ACS,1,1.1000,false,46.2360,176.2361,2613
2,2027-07-03,ACS,2,1.1000,true,,,2613
2,2027-07-03,ACS,3,1.1000,true,,,2613
2,2027-07-03,ACS,4,1.1000,false,47.7781,174.5386,2613
2,2027-07-03,ACS,5,1.1000,false,48.2826,178.0215,2613
2,2027-07-03,ACS,1,1.2000,false,48.8063,185.8841,2613
2,2027-07-03,ACS,2,1.2000,false,49.2276,183.1867,2613
2,2027-07-03,ACS,3,1.2000,false,48.6453,184.6180,2613
2,2027-07-03,ACS,4,1.2000,false,49.7554,183.3584,2613
2,2027-07-03,ACS,5,1.2000,true,,,2613
2,2027-07-03,GRASP_VNS,1,2.0000,true,,,2613
2,2027-07-03,GRASP_VNS,2,2.0000,true,,,2613
2,2027-07-03,GRASP_VNS,3,2.0000,true,,,2613
2,2027-07-03,GRASP_VNS,4,2.0000,true,,,2613
2,2027-07-03,GRASP_VNS,5,2.0000,true,,,2613
2,2027-07-03,GRASP_VNS,1,1.5000,false,67.6042,311.5150,2613
2,2027-07-03,GRASP_VNS,2,1.5000,false,69.5046,305.2897,2613
2,2027-07-03,GRASP_VNS,3,1.5000,false,68.8395,316.9013,2613
2,2027-07-03,GRASP_VNS,4,1.5000,false,69.2723,310.6524,2613
2,2027-07-03,GRASP_VNS,5,1.5000,false,66.3353,306.6674,2613
2,2027-07-03,GRASP_VNS,1,1.7500,true,,,2613
2,2027-07-03,GRASP_VNS,2,1.7500,true,,,2613
2,2027-07-03,GRASP_VNS,3,1.7500,true,,,2613
2,2027-07-03,GRASP_VNS,4,1.7500,true,,,2613
2,2027-07-03,GRASP_VNS,5,1.7500,true,,,2613
2,2027-07-03,GRASP_VNS,1,1.6250,true,,,2613
2,2027-07-03,GRASP_VNS,2,1.6250,true,,,2613
2,2027-07-03,GRASP_VNS,3,1.6250,true,,,2613
2,2027-07-03,GRASP_VNS,4,1.6250,true,,,2613
2,2027-07-03,GRASP_VNS,5,1.6250,true,,,2613
2,2027-07-03,GRASP_VNS,1,1.5625,false,69.7677,321.0966,2613
2,2027-07-03,GRASP_VNS,2,1.5625,false,70.8217,314.1395,2613
2,2027-07-03,GRASP_VNS,3,1.5625,false,68.6983,319.6652,2613
2,2027-07-03,GRASP_VNS,4,1.5625,false,71.4180,323.9635,2613
2,2027-07-03,GRASP_VNS,5,1.5625,false,70.7879,315.7339,2613
2,2027-07-03,GRASP_VNS,1,1.5938,false,71.5790,311.8884,2613
2,2027-07-03,GRASP_VNS,2,1.5938,false,71.3856,316.9614,2613
2,2027-07-03,GRASP_VNS,3,1.5938,false,71.0209,316.6867,2613
2,2027-07-03,GRASP_VNS,4,1.5938,true,,,2613
2,2027-07-03,GRASP_VNS,5,1.5938,false,69.3524,319.5300,2613
2,2027-07-03,GRASP_VNS,1,1.6625,true,,,2613
2,2027-07-03,GRASP_VNS,2,1.6625,true,,,2613
2,2027-07-03,GRASP_VNS,3,1.6625,true,,,2613
2,2027-07-03,GRASP_VNS,4,1.6625,true,,,2613
2,2027-07-03,GRASP_VNS,5,1.6625,true,,,2613
2,2027-07-03,GRASP_VNS,1,1.7625,true,,,2613
2,2027-07-03,GRASP_VNS,2,1.7625,true,,,2613
2,2027-07-03,GRASP_VNS,3,1.7625,true,,,2613
2,2027-07-03,GRASP_VNS,4,1.7625,true,,,2613
2,2027-07-03,GRASP_VNS,5,1.7625,true,,,2613
2,2027-10-06,ACS,1,2.0000,true,,,2591
2,2027-10-06,ACS,2,2.0000,true,,,2591
2,2027-10-06,ACS,3,2.0000,true,,,2591
2,2027-10-06,ACS,4,2.0000,true,,,2591
2,2027-10-06,ACS,5,2.0000,true,,,2591
2,2027-10-06,ACS,1,1.5000,true,,,2591
2,2027-10-06,ACS,2,1.5000,true,,,2591
2,2027-10-06,ACS,3,1.5000,true,,,2591
2,2027-10-06,ACS,4,1.5000,false,54.7027,203.6595,2591
2,2027-10-06,ACS,5,1.5000,true,,,2591
2,2027-10-06,ACS,1,1.2500,false,48.6565,182.7198,2591
2,2027-10-06,ACS,2,1.2500,false,48.9671,183.2392,2591
2,2027-10-06,ACS,3,1.2500,false,47.6564,181.3190,2591
2,2027-10-06,ACS,4,1.2500,true,,,2591
2,2027-10-06,ACS,5,1.2500,false,48.2031,181.5862,2591
2,2027-10-06,ACS,1,1.1250,false,44.3241,174.1789,2591
2,2027-10-06,ACS,2,1.1250,false,45.9757,172.2069,2591
2,2027-10-06,ACS,3,1.1250,false,44.4616,171.5259,2591
2,2027-10-06,ACS,4,1.1250,false,45.2609,173.3664,2591
2,2027-10-06,ACS,5,1.1250,false,44.5548,171.1681,2591
2,2027-10-06,ACS,1,1.1875,true,,,2591
2,2027-10-06,ACS,2,1.1875,false,45.6860,181.0345,2591
2,2027-10-06,ACS,3,1.1875,false,46.3348,178.2004,2591
2,2027-10-06,ACS,4,1.1875,false,46.8326,177.8276,2591
2,2027-10-06,ACS,5,1.1875,true,,,2591
2,2027-10-06,ACS,1,1.1563,false,46.5130,176.2888,2591
2,2027-10-06,ACS,2,1.1563,true,,,2591
2,2027-10-06,ACS,3,1.1563,false,46.4295,178.7586,2591
2,2027-10-06,ACS,4,1.1563,true,,,2591
2,2027-10-06,ACS,5,1.1563,false,47.7804,177.6875,2591
2,2027-10-06,ACS,1,1.2250,false,48.6565,182.7198,2591
2,2027-10-06,ACS,2,1.2250,false,48.9671,183.2392,2591
2,2027-10-06,ACS,3,1.2250,false,47.6564,181.3190,2591
2,2027-10-06,ACS,4,1.2250,true,,,2591
2,2027-10-06,ACS,5,1.2250,false,48.2031,181.5862,2591
2,2027-10-06,ACS,1,1.3250,false,51.1480,190.7198,2591
2,2027-10-06,ACS,2,1.3250,true,,,2591
2,2027-10-06,ACS,3,1.3250,true,,,2591
2,2027-10-06,ACS,4,1.3250,false,49.6861,188.8987,2591
2,2027-10-06,ACS,5,1.3250,false,50.9303,192.8082,2591
2,2027-10-06,GRASP_VNS,1,2.0000,false,73.4558,323.3125,2591
2,2027-10-06,GRASP_VNS,2,2.0000,false,70.5977,318.3276,2591
2,2027-10-06,GRASP_VNS,3,2.0000,false,70.5983,328.3319,2591
2,2027-10-06,GRASP_VNS,4,2.0000,false,72.0567,331.1918,2591
2,2027-10-06,GRASP_VNS,5,2.0000,false,72.5328,331.6659,2591
2,2027-10-06,GRASP_VNS,1,4.0000,true,,,2591
2,2027-10-06,GRASP_VNS,2,4.0000,true,,,2591
2,2027-10-06,GRASP_VNS,3,4.0000,true,,,2591
2,2027-10-06,GRASP_VNS,4,4.0000,true,,,2591
2,2027-10-06,GRASP_VNS,5,4.0000,true,,,2591
2,2027-10-06,GRASP_VNS,1,3.0000,true,,,2591
2,2027-10-06,GRASP_VNS,2,3.0000,true,,,2591
2,2027-10-06,GRASP_VNS,3,3.0000,true,,,2591
2,2027-10-06,GRASP_VNS,4,3.0000,true,,,2591
2,2027-10-06,GRASP_VNS,5,3.0000,true,,,2591
2,2027-10-06,GRASP_VNS,1,2.5000,true,,,2591
2,2027-10-06,GRASP_VNS,2,2.5000,true,,,2591
2,2027-10-06,GRASP_VNS,3,2.5000,true,,,2591
2,2027-10-06,GRASP_VNS,4,2.5000,true,,,2591
2,2027-10-06,GRASP_VNS,5,2.5000,true,,,2591
2,2027-10-06,GRASP_VNS,1,2.2500,true,,,2591
2,2027-10-06,GRASP_VNS,2,2.2500,true,,,2591
2,2027-10-06,GRASP_VNS,3,2.2500,true,,,2591
2,2027-10-06,GRASP_VNS,4,2.2500,true,,,2591
2,2027-10-06,GRASP_VNS,5,2.2500,true,,,2591
2,2027-10-06,GRASP_VNS,1,2.1250,true,,,2591
2,2027-10-06,GRASP_VNS,2,2.1250,true,,,2591
2,2027-10-06,GRASP_VNS,3,2.1250,true,,,2591
2,2027-10-06,GRASP_VNS,4,2.1250,true,,,2591
2,2027-10-06,GRASP_VNS,5,2.1250,true,,,2591
2,2027-10-06,GRASP_VNS,1,2.0625,true,,,2591
2,2027-10-06,GRASP_VNS,2,2.0625,true,,,2591
2,2027-10-06,GRASP_VNS,3,2.0625,true,,,2591
2,2027-10-06,GRASP_VNS,4,2.0625,true,,,2591
2,2027-10-06,GRASP_VNS,5,2.0625,true,,,2591
2,2027-10-06,GRASP_VNS,1,2.0313,true,,,2591
2,2027-10-06,GRASP_VNS,2,2.0313,true,,,2591
2,2027-10-06,GRASP_VNS,3,2.0313,true,,,2591
2,2027-10-06,GRASP_VNS,4,2.0313,true,,,2591
2,2027-10-06,GRASP_VNS,5,2.0313,true,,,2591
2,2027-10-06,GRASP_VNS,1,2.1000,true,,,2591
2,2027-10-06,GRASP_VNS,2,2.1000,true,,,2591
2,2027-10-06,GRASP_VNS,3,2.1000,true,,,2591
2,2027-10-06,GRASP_VNS,4,2.1000,true,,,2591
2,2027-10-06,GRASP_VNS,5,2.1000,true,,,2591
2,2027-10-06,GRASP_VNS,1,2.2000,true,,,2591
2,2027-10-06,GRASP_VNS,2,2.2000,true,,,2591
2,2027-10-06,GRASP_VNS,3,2.2000,true,,,2591
2,2027-10-06,GRASP_VNS,4,2.2000,true,,,2591
2,2027-10-06,GRASP_VNS,5,2.2000,true,,,2591
2,2027-11-05,ACS,1,2.0000,true,,,2412
2,2027-11-05,ACS,2,2.0000,true,,,2412
2,2027-11-05,ACS,3,2.0000,true,,,2412
2,2027-11-05,ACS,4,2.0000,true,,,2412
2,2027-11-05,ACS,5,2.0000,true,,,2412
2,2027-11-05,ACS,1,1.5000,true,,,2412
2,2027-11-05,ACS,2,1.5000,true,,,2412
2,2027-11-05,ACS,3,1.5000,true,,,2412
2,2027-11-05,ACS,4,1.5000,true,,,2412
2,2027-11-05,ACS,5,1.5000,false,49.1853,202.6760,2412
2,2027-11-05,ACS,1,1.2500,false,44.1716,185.9201,2412
2,2027-11-05,ACS,2,1.2500,false,45.1770,183.8013,2412
2,2027-11-05,ACS,3,1.2500,false,45.3726,186.1231,2412
2,2027-11-05,ACS,4,1.2500,true,,,2412
2,2027-11-05,ACS,5,1.2500,false,43.0220,183.1814,2412
2,2027-11-05,ACS,1,1.1250,true,,,2412
2,2027-11-05,ACS,2,1.1250,true,,,2412
2,2027-11-05,ACS,3,1.1250,false,41.1229,172.6177,2412
2,2027-11-05,ACS,4,1.1250,false,40.6066,171.2095,2412
2,2027-11-05,ACS,5,1.1250,true,,,2412
2,2027-11-05,ACS,1,1.0625,false,42.2685,172.8531,2412
2,2027-11-05,ACS,2,1.0625,false,41.5388,172.2959,2412
2,2027-11-05,ACS,3,1.0625,false,40.5094,169.1901,2412
2,2027-11-05,ACS,4,1.0625,false,42.3644,174.3197,2412
2,2027-11-05,ACS,5,1.0625,false,39.3902,169.6285,2412
2,2027-11-05,ACS,1,1.0938,false,42.2685,172.8531,2412
2,2027-11-05,ACS,2,1.0938,false,41.5388,172.2959,2412
2,2027-11-05,ACS,3,1.0938,false,40.5094,169.1901,2412
2,2027-11-05,ACS,4,1.0938,false,42.3644,174.3197,2412
2,2027-11-05,ACS,5,1.0938,false,39.3902,169.6285,2412
2,2027-11-05,ACS,1,1.1938,true,,,2412
2,2027-11-05,ACS,2,1.1938,false,41.6483,175.0929,2412
2,2027-11-05,ACS,3,1.1938,false,41.0635,178.7300,2412
2,2027-11-05,ACS,4,1.1938,false,42.0055,176.1382,2412
2,2027-11-05,ACS,5,1.1938,false,41.2206,177.2592,2412
2,2027-11-05,ACS,1,1.2938,false,43.7666,187.9352,2412
2,2027-11-05,ACS,2,1.2938,false,44.6380,187.6803,2412
2,2027-11-05,ACS,3,1.2938,false,44.5990,185.5961,2412
2,2027-11-05,ACS,4,1.2938,false,45.1024,188.1015,2412
2,2027-11-05,ACS,5,1.2938,false,44.2213,187.7235,2412
2,2027-11-05,GRASP_VNS,1,2.0000,false,63.2146,319.6069,2412
2,2027-11-05,GRASP_VNS,2,2.0000,false,65.4636,329.9568,2412
2,2027-11-05,GRASP_VNS,3,2.0000,false,61.8669,320.2786,2412
2,2027-11-05,GRASP_VNS,4,2.0000,false,63.8443,321.5378,2412
2,2027-11-05,GRASP_VNS,5,2.0000,false,64.3813,325.3002,2412
2,2027-11-05,GRASP_VNS,1,4.0000,true,,,2412
2,2027-11-05,GRASP_VNS,2,4.0000,true,,,2412
2,2027-11-05,GRASP_VNS,3,4.0000,true,,,2412
2,2027-11-05,GRASP_VNS,4,4.0000,true,,,2412
2,2027-11-05,GRASP_VNS,5,4.0000,true,,,2412
2,2027-11-05,GRASP_VNS,1,3.0000,true,,,2412
2,2027-11-05,GRASP_VNS,2,3.0000,true,,,2412
2,2027-11-05,GRASP_VNS,3,3.0000,true,,,2412
2,2027-11-05,GRASP_VNS,4,3.0000,true,,,2412
2,2027-11-05,GRASP_VNS,5,3.0000,true,,,2412
2,2027-11-05,GRASP_VNS,1,2.5000,true,,,2412
2,2027-11-05,GRASP_VNS,2,2.5000,true,,,2412
2,2027-11-05,GRASP_VNS,3,2.5000,true,,,2412
2,2027-11-05,GRASP_VNS,4,2.5000,true,,,2412
2,2027-11-05,GRASP_VNS,5,2.5000,true,,,2412
2,2027-11-05,GRASP_VNS,1,2.2500,true,,,2412
2,2027-11-05,GRASP_VNS,2,2.2500,true,,,2412
2,2027-11-05,GRASP_VNS,3,2.2500,true,,,2412
2,2027-11-05,GRASP_VNS,4,2.2500,true,,,2412
2,2027-11-05,GRASP_VNS,5,2.2500,true,,,2412
2,2027-11-05,GRASP_VNS,1,2.1250,true,,,2412
2,2027-11-05,GRASP_VNS,2,2.1250,true,,,2412
2,2027-11-05,GRASP_VNS,3,2.1250,true,,,2412
2,2027-11-05,GRASP_VNS,4,2.1250,true,,,2412
2,2027-11-05,GRASP_VNS,5,2.1250,true,,,2412
2,2027-11-05,GRASP_VNS,1,2.0625,true,,,2412
2,2027-11-05,GRASP_VNS,2,2.0625,true,,,2412
2,2027-11-05,GRASP_VNS,3,2.0625,true,,,2412
2,2027-11-05,GRASP_VNS,4,2.0625,true,,,2412
2,2027-11-05,GRASP_VNS,5,2.0625,true,,,2412
2,2027-11-05,GRASP_VNS,1,2.0313,true,,,2412
2,2027-11-05,GRASP_VNS,2,2.0313,true,,,2412
2,2027-11-05,GRASP_VNS,3,2.0313,true,,,2412
2,2027-11-05,GRASP_VNS,4,2.0313,true,,,2412
2,2027-11-05,GRASP_VNS,5,2.0313,true,,,2412
2,2027-11-05,GRASP_VNS,1,2.1000,true,,,2412
2,2027-11-05,GRASP_VNS,2,2.1000,true,,,2412
2,2027-11-05,GRASP_VNS,3,2.1000,true,,,2412
2,2027-11-05,GRASP_VNS,4,2.1000,true,,,2412
2,2027-11-05,GRASP_VNS,5,2.1000,true,,,2412
2,2027-11-05,GRASP_VNS,1,2.2000,true,,,2412
2,2027-11-05,GRASP_VNS,2,2.2000,true,,,2412
2,2027-11-05,GRASP_VNS,3,2.2000,true,,,2412
2,2027-11-05,GRASP_VNS,4,2.2000,true,,,2412
2,2027-11-05,GRASP_VNS,5,2.2000,true,,,2412
2,2027-06-11,ACS,1,2.0000,true,,,2468
2,2027-06-11,ACS,2,2.0000,true,,,2468
2,2027-06-11,ACS,3,2.0000,true,,,2468
2,2027-06-11,ACS,4,2.0000,true,,,2468
2,2027-06-11,ACS,5,2.0000,true,,,2468
2,2027-06-11,ACS,1,1.5000,true,,,2468
2,2027-06-11,ACS,2,1.5000,true,,,2468
2,2027-06-11,ACS,3,1.5000,true,,,2468
2,2027-06-11,ACS,4,1.5000,true,,,2468
2,2027-06-11,ACS,5,1.5000,true,,,2468
2,2027-06-11,ACS,1,1.2500,true,,,2468
2,2027-06-11,ACS,2,1.2500,false,48.4939,180.5371,2468
2,2027-06-11,ACS,3,1.2500,false,51.4767,183.7533,2468
2,2027-06-11,ACS,4,1.2500,false,49.2283,180.6703,2468
2,2027-06-11,ACS,5,1.2500,true,,,2468
2,2027-06-11,ACS,1,1.1250,true,,,2468
2,2027-06-11,ACS,2,1.1250,false,43.7684,171.1397,2468
2,2027-06-11,ACS,3,1.1250,true,,,2468
2,2027-06-11,ACS,4,1.1250,false,42.4167,168.8755,2468
2,2027-06-11,ACS,5,1.1250,false,43.4369,169.1397,2468
2,2027-06-11,ACS,1,1.0625,false,44.8387,167.1507,2468
2,2027-06-11,ACS,2,1.0625,false,42.2911,163.3428,2468
2,2027-06-11,ACS,3,1.0625,false,45.7460,170.4585,2468
2,2027-06-11,ACS,4,1.0625,false,41.8704,163.2380,2468
2,2027-06-11,ACS,5,1.0625,false,41.4292,165.2642,2468
2,2027-06-11,ACS,1,1.0938,false,44.8387,167.1507,2468
2,2027-06-11,ACS,2,1.0938,false,42.2911,163.3428,2468
2,2027-06-11,ACS,3,1.0938,false,45.7460,170.4585,2468
2,2027-06-11,ACS,4,1.0938,false,41.8704,163.2380,2468
2,2027-06-11,ACS,5,1.0938,false,41.4292,165.2642,2468
2,2027-06-11,ACS,1,1.1938,false,45.7242,173.7489,2468
2,2027-06-11,ACS,2,1.1938,false,47.6352,174.5677,2468
2,2027-06-11,ACS,3,1.1938,false,48.6813,176.9258,2468
2,2027-06-11,ACS,4,1.1938,true,,,2468
2,2027-06-11,ACS,5,1.1938,false,47.4988,174.5939,2468
2,2027-06-11,ACS,1,1.2938,false,50.1116,186.4760,2468
2,2027-06-11,ACS,2,1.2938,true,,,2468
2,2027-06-11,ACS,3,1.2938,true,,,2468
2,2027-06-11,ACS,4,1.2938,true,,,2468
2,2027-06-11,ACS,5,1.2938,false,49.7040,182.8275,2468
2,2027-06-11,GRASP_VNS,1,2.0000,false,72.7659,311.9520,2468
2,2027-06-11,GRASP_VNS,2,2.0000,true,,,2468
2,2027-06-11,GRASP_VNS,3,2.0000,false,74.2412,311.5895,2468
2,2027-06-11,GRASP_VNS,4,2.0000,true,,,2468
2,2027-06-11,GRASP_VNS,5,2.0000,true,,,2468
2,2027-06-11,GRASP_VNS,1,1.5000,false,65.7000,293.5786,2468
2,2027-06-11,GRASP_VNS,2,1.5000,false,64.0257,292.1681,2468
2,2027-06-11,GRASP_VNS,3,1.5000,false,66.2554,293.6703,2468
2,2027-06-11,GRASP_VNS,4,1.5000,false,64.8103,296.2227,2468
2,2027-06-11,GRASP_VNS,5,1.5000,false,66.6464,297.6507,2468
2,2027-06-11,GRASP_VNS,1,1.7500,true,,,2468
2,2027-06-11,GRASP_VNS,2,1.7500,true,,,2468
2,2027-06-11,GRASP_VNS,3,1.7500,false,73.1128,312.2227,2468
2,2027-06-11,GRASP_VNS,4,1.7500,true,,,2468
2,2027-06-11,GRASP_VNS,5,1.7500,true,,,2468
2,2027-06-11,GRASP_VNS,1,1.6250,false,70.5047,305.1681,2468
2,2027-06-11,GRASP_VNS,2,1.6250,false,70.6430,300.7773,2468
2,2027-06-11,GRASP_VNS,3,1.6250,true,,,2468
2,2027-06-11,GRASP_VNS,4,1.6250,false,72.9496,305.2380,2468
2,2027-06-11,GRASP_VNS,5,1.6250,false,71.4953,307.6441,2468
2,2027-06-11,GRASP_VNS,1,1.5625,false,70.3819,300.7533,2468
2,2027-06-11,GRASP_VNS,2,1.5625,false,64.7637,288.6245,2468
2,2027-06-11,GRASP_VNS,3,1.5625,false,70.1608,298.4192,2468
2,2027-06-11,GRASP_VNS,4,1.5625,false,67.4735,296.7751,2468
2,2027-06-11,GRASP_VNS,5,1.5625,false,68.9546,308.0306,2468
2,2027-06-11,GRASP_VNS,1,1.5938,false,68.5901,300.4629,2468
2,2027-06-11,GRASP_VNS,2,1.5938,false,69.0805,297.9803,2468
2,2027-06-11,GRASP_VNS,3,1.5938,false,69.4670,302.0066,2468
2,2027-06-11,GRASP_VNS,4,1.5938,false,69.5695,297.6419,2468
2,2027-06-11,GRASP_VNS,5,1.5938,false,67.6669,298.4782,2468
2,2027-06-11,GRASP_VNS,1,1.6938,true,,,2468
2,2027-06-11,GRASP_VNS,2,1.6938,true,,,2468
2,2027-06-11,GRASP_VNS,3,1.6938,false,73.8334,306.1179,2468
2,2027-06-11,GRASP_VNS,4,1.6938,false,75.3045,317.6987,2468
2,2027-06-11,GRASP_VNS,5,1.6938,false,73.7598,312.6769,2468
2,2027-06-11,GRASP_VNS,1,1.7938,true,,,2468
2,2027-06-11,GRASP_VNS,2,1.7938,true,,,2468
2,2027-06-11,GRASP_VNS,3,1.7938,true,,,2468
2,2027-06-11,GRASP_VNS,4,1.7938,true,,,2468
2,2027-06-11,GRASP_VNS,5,1.7938,true,,,2468
2,2027-07-02,ACS,1,2.0000,true,,,2486
2,2027-07-02,ACS,2,2.0000,true,,,2486
2,2027-07-02,ACS,3,2.0000,true,,,2486
2,2027-07-02,ACS,4,2.0000,true,,,2486
2,2027-07-02,ACS,5,2.0000,true,,,2486
2,2027-07-02,ACS,1,1.5000,true,,,2486
2,2027-07-02,ACS,2,1.5000,true,,,2486
2,2027-07-02,ACS,3,1.5000,true,,,2486
2,2027-07-02,ACS,4,1.5000,true,,,2486
2,2027-07-02,ACS,5,1.5000,false,52.4516,196.4694,2486
2,2027-07-02,ACS,1,1.2500,false,48.8219,178.7140,2486
2,2027-07-02,ACS,2,1.2500,false,46.1596,178.6638,2486
2,2027-07-02,ACS,3,1.2500,false,46.9466,177.2882,2486
2,2027-07-02,ACS,4,1.2500,false,47.0299,183.7795,2486
2,2027-07-02,ACS,5,1.2500,false,49.0464,183.4454,2486
2,2027-07-02,ACS,1,1.3750,false,50.0426,188.0721,2486
2,2027-07-02,ACS,2,1.3750,false,51.6753,190.2598,2486
2,2027-07-02,ACS,3,1.3750,false,52.9096,190.3035,2486
2,2027-07-02,ACS,4,1.3750,false,54.3404,194.9061,2486
2,2027-07-02,ACS,5,1.3750,false,51.6699,190.6528,2486
2,2027-07-02,ACS,1,1.4375,false,54.0628,199.6048,2486
2,2027-07-02,ACS,2,1.4375,true,,,2486
2,2027-07-02,ACS,3,1.4375,true,,,2486
2,2027-07-02,ACS,4,1.4375,false,55.7099,199.5961,2486
2,2027-07-02,ACS,5,1.4375,true,,,2486
2,2027-07-02,ACS,1,1.4063,false,53.5334,197.2293,2486
2,2027-07-02,ACS,2,1.4063,false,50.6128,192.6419,2486
2,2027-07-02,ACS,3,1.4063,true,,,2486
2,2027-07-02,ACS,4,1.4063,false,53.4716,199.0240,2486
2,2027-07-02,ACS,5,1.4063,false,51.9122,195.1921,2486
2,2027-07-02,ACS,1,1.4750,true,,,2486
2,2027-07-02,ACS,2,1.4750,true,,,2486
2,2027-07-02,ACS,3,1.4750,true,,,2486
2,2027-07-02,ACS,4,1.4750,true,,,2486
2,2027-07-02,ACS,5,1.4750,false,52.4516,196.4694,2486
2,2027-07-02,ACS,1,1.5750,false,60.5318,215.5240,2486
2,2027-07-02,ACS,2,1.5750,false,58.4116,207.8122,2486
2,2027-07-02,ACS,3,1.5750,true,,,2486
2,2027-07-02,ACS,4,1.5750,true,,,2486
2,2027-07-02,ACS,5,1.5750,true,,,2486
2,2027-07-02,GRASP_VNS,1,2.0000,false,73.2798,322.8952,2486
2,2027-07-02,GRASP_VNS,2,2.0000,false,74.1036,326.2118,2486
2,2027-07-02,GRASP_VNS,3,2.0000,false,74.7143,330.0109,2486
2,2027-07-02,GRASP_VNS,4,2.0000,false,72.2992,322.5655,2486
2,2027-07-02,GRASP_VNS,5,2.0000,false,74.4291,325.1288,2486
2,2027-07-02,GRASP_VNS,1,4.0000,true,,,2486
2,2027-07-02,GRASP_VNS,2,4.0000,true,,,2486
2,2027-07-02,GRASP_VNS,3,4.0000,true,,,2486
2,2027-07-02,GRASP_VNS,4,4.0000,true,,,2486
2,2027-07-02,GRASP_VNS,5,4.0000,true,,,2486
2,2027-07-02,GRASP_VNS,1,3.0000,true,,,2486
2,2027-07-02,GRASP_VNS,2,3.0000,true,,,2486
2,2027-07-02,GRASP_VNS,3,3.0000,true,,,2486
2,2027-07-02,GRASP_VNS,4,3.0000,true,,,2486
2,2027-07-02,GRASP_VNS,5,3.0000,true,,,2486
2,2027-07-02,GRASP_VNS,1,2.5000,true,,,2486
2,2027-07-02,GRASP_VNS,2,2.5000,true,,,2486
2,2027-07-02,GRASP_VNS,3,2.5000,true,,,2486
2,2027-07-02,GRASP_VNS,4,2.5000,true,,,2486
2,2027-07-02,GRASP_VNS,5,2.5000,true,,,2486
2,2027-07-02,GRASP_VNS,1,2.2500,true,,,2486
2,2027-07-02,GRASP_VNS,2,2.2500,true,,,2486
2,2027-07-02,GRASP_VNS,3,2.2500,true,,,2486
2,2027-07-02,GRASP_VNS,4,2.2500,true,,,2486
2,2027-07-02,GRASP_VNS,5,2.2500,true,,,2486
2,2027-07-02,GRASP_VNS,1,2.1250,true,,,2486
2,2027-07-02,GRASP_VNS,2,2.1250,true,,,2486
2,2027-07-02,GRASP_VNS,3,2.1250,true,,,2486
2,2027-07-02,GRASP_VNS,4,2.1250,true,,,2486
2,2027-07-02,GRASP_VNS,5,2.1250,true,,,2486
2,2027-07-02,GRASP_VNS,1,2.0625,true,,,2486
2,2027-07-02,GRASP_VNS,2,2.0625,true,,,2486
2,2027-07-02,GRASP_VNS,3,2.0625,true,,,2486
2,2027-07-02,GRASP_VNS,4,2.0625,true,,,2486
2,2027-07-02,GRASP_VNS,5,2.0625,true,,,2486
2,2027-07-02,GRASP_VNS,1,2.0313,true,,,2486
2,2027-07-02,GRASP_VNS,2,2.0313,true,,,2486
2,2027-07-02,GRASP_VNS,3,2.0313,true,,,2486
2,2027-07-02,GRASP_VNS,4,2.0313,true,,,2486
2,2027-07-02,GRASP_VNS,5,2.0313,true,,,2486
2,2027-07-02,GRASP_VNS,1,2.1000,true,,,2486
2,2027-07-02,GRASP_VNS,2,2.1000,true,,,2486
2,2027-07-02,GRASP_VNS,3,2.1000,true,,,2486
2,2027-07-02,GRASP_VNS,4,2.1000,true,,,2486
2,2027-07-02,GRASP_VNS,5,2.1000,true,,,2486
2,2027-07-02,GRASP_VNS,1,2.2000,true,,,2486
2,2027-07-02,GRASP_VNS,2,2.2000,true,,,2486
2,2027-07-02,GRASP_VNS,3,2.2000,true,,,2486
2,2027-07-02,GRASP_VNS,4,2.2000,true,,,2486
2,2027-07-02,GRASP_VNS,5,2.2000,true,,,2486
2,2027-10-08,ACS,1,2.0000,true,,,2511
2,2027-10-08,ACS,2,2.0000,true,,,2511
2,2027-10-08,ACS,3,2.0000,true,,,2511
2,2027-10-08,ACS,4,2.0000,true,,,2511
2,2027-10-08,ACS,5,2.0000,true,,,2511
2,2027-10-08,ACS,1,1.5000,true,,,2511
2,2027-10-08,ACS,2,1.5000,true,,,2511
2,2027-10-08,ACS,3,1.5000,true,,,2511
2,2027-10-08,ACS,4,1.5000,true,,,2511
2,2027-10-08,ACS,5,1.5000,true,,,2511
2,2027-10-08,ACS,1,1.2500,false,50.1813,188.7555,2511
2,2027-10-08,ACS,2,1.2500,true,,,2511
2,2027-10-08,ACS,3,1.2500,true,,,2511
2,2027-10-08,ACS,4,1.2500,false,48.2002,187.0677,2511
2,2027-10-08,ACS,5,1.2500,true,,,2511
2,2027-10-08,ACS,1,1.1250,true,,,2511
2,2027-10-08,ACS,2,1.1250,false,46.6057,184.1943,2511
2,2027-10-08,ACS,3,1.1250,false,46.8991,182.3297,2511
2,2027-10-08,ACS,4,1.1250,false,46.5392,178.4803,2511
2,2027-10-08,ACS,5,1.1250,true,,,2511
2,2027-10-08,ACS,1,1.0625,true,,,2511
2,2027-10-08,ACS,2,1.0625,true,,,2511
2,2027-10-08,ACS,3,1.0625,false,46.3451,177.7118,2511
2,2027-10-08,ACS,4,1.0625,false,45.8183,174.9520,2511
2,2027-10-08,ACS,5,1.0625,false,47.0080,179.8515,2511
2,2027-10-08,ACS,1,1.0313,true,,,2511
2,2027-10-08,ACS,2,1.0313,true,,,2511
2,2027-10-08,ACS,3,1.0313,false,46.3451,177.7118,2511
2,2027-10-08,ACS,4,1.0313,false,45.8183,174.9520,2511
2,2027-10-08,ACS,5,1.0313,false,47.0080,179.8515,2511
2,2027-10-08,ACS,1,1.1000,true,,,2511
2,2027-10-08,ACS,2,1.1000,true,,,2511
2,2027-10-08,ACS,3,1.1000,false,46.3451,177.7118,2511
2,2027-10-08,ACS,4,1.1000,false,45.8183,174.9520,2511
2,2027-10-08,ACS,5,1.1000,false,47.0080,179.8515,2511
2,2027-10-08,ACS,1,1.2000,false,49.2222,187.3908,2511
2,2027-10-08,ACS,2,1.2000,true,,,2511
2,2027-10-08,ACS,3,1.2000,false,49.7095,185.5000,2511
2,2027-10-08,ACS,4,1.2000,false,47.6595,186.1528,2511
2,2027-10-08,ACS,5,1.2000,false,47.7973,185.3450,2511
2,2027-10-08,GRASP_VNS,1,2.0000,true,,,2511
2,2027-10-08,GRASP_VNS,2,2.0000,false,71.9523,337.5590,2511
2,2027-10-08,GRASP_VNS,3,2.0000,false,72.5597,343.1376,2511
2,2027-10-08,GRASP_VNS,4,2.0000,true,,,2511
2,2027-10-08,GRASP_VNS,5,2.0000,false,71.5065,334.7009,2511
2,2027-10-08,GRASP_VNS,1,1.5000,false,63.8828,311.8057,2511
2,2027-10-08,GRASP_VNS,2,1.5000,false,61.7371,304.3057,2511
2,2027-10-08,GRASP_VNS,3,1.5000,false,61.1919,307.3799,2511
2,2027-10-08,GRASP_VNS,4,1.5000,false,64.7582,316.8297,2511
2,2027-10-08,GRASP_VNS,5,1.5000,false,63.4689,312.3821,2511
2,2027-10-08,GRASP_VNS,1,1.7500,false,73.2729,338.6594,2511
2,2027-10-08,GRASP_VNS,2,1.7500,true,,,2511
2,2027-10-08,GRASP_VNS,3,1.7500,true,,,2511
2,2027-10-08,GRASP_VNS,4,1.7500,true,,,2511
2,2027-10-08,GRASP_VNS,5,1.7500,true,,,2511
2,2027-10-08,GRASP_VNS,1,1.6250,false,69.1970,330.3450,2511
2,2027-10-08,GRASP_VNS,2,1.6250,false,69.0089,328.5590,2511
2,2027-10-08,GRASP_VNS,3,1.6250,false,71.3623,325.6550,2511
2,2027-10-08,GRASP_VNS,4,1.6250,false,68.7450,328.7205,2511
2,2027-10-08,GRASP_VNS,5,1.6250,false,70.2805,324.8996,2511
2,2027-10-08,GRASP_VNS,1,1.6875,false,71.7305,336.1572,2511
2,2027-10-08,GRASP_VNS,2,1.6875,false,71.9197,337.5568,2511
2,2027-10-08,GRASP_VNS,3,1.6875,false,73.6464,336.6747,2511
2,2027-10-08,GRASP_VNS,4,1.6875,false,71.8288,338.0218,2511
2,2027-10-08,GRASP_VNS,5,1.6875,false,72.1507,335.7620,2511
2,2027-10-08,GRASP_VNS,1,1.7188,false,73.2729,338.6594,2511
2,2027-10-08,GRASP_VNS,2,1.7188,true,,,2511
2,2027-10-08,GRASP_VNS,3,1.7188,true,,,2511
2,2027-10-08,GRASP_VNS,4,1.7188,true,,,2511
2,2027-10-08,GRASP_VNS,5,1.7188,true,,,2511
2,2027-10-08,GRASP_VNS,1,1.7875,true,,,2511
2,2027-10-08,GRASP_VNS,2,1.7875,true,,,2511
2,2027-10-08,GRASP_VNS,3,1.7875,true,,,2511
2,2027-10-08,GRASP_VNS,4,1.7875,true,,,2511
2,2027-10-08,GRASP_VNS,5,1.7875,false,73.5460,337.4716,2511
2,2027-10-08,GRASP_VNS,1,1.8875,true,,,2511
2,2027-10-08,GRASP_VNS,2,1.8875,false,74.3964,351.6638,2511
2,2027-10-08,GRASP_VNS,3,1.8875,true,,,2511
2,2027-10-08,GRASP_VNS,4,1.8875,false,72.1109,341.2555,2511
2,2027-10-08,GRASP_VNS,5,1.8875,true,,,2511
