experimento,fecha_bloque,algoritmo,semilla,lambda,colapso,metrica_sla,costo_por_pedido,unidades_bloque
1,2028-12-01,ACS,1,1.0000,true,,,6061
1,2028-12-01,ACS,2,1.0000,true,,,6061
1,2028-12-01,ACS,3,1.0000,true,,,6061
1,2028-12-01,ACS,4,1.0000,true,,,6061
1,2028-12-01,ACS,5,1.0000,true,,,6061
1,2028-12-01,GRASP_VNS,1,1.0000,true,,,6061
1,2028-12-01,GRASP_VNS,2,1.0000,true,,,6061
1,2028-12-01,GRASP_VNS,3,1.0000,true,,,6061
1,2028-12-01,GRASP_VNS,4,1.0000,true,,,6061
1,2028-12-01,GRASP_VNS,5,1.0000,true,,,6061
1,2028-12-03,ACS,1,1.0000,true,,,5772
1,2028-12-03,ACS,2,1.0000,true,,,5772
1,2028-12-03,ACS,3,1.0000,true,,,5772
1,2028-12-03,ACS,4,1.0000,true,,,5772
1,2028-12-03,ACS,5,1.0000,true,,,5772
1,2028-12-03,GRASP_VNS,1,1.0000,true,,,5772
1,2028-12-03,GRASP_VNS,2,1.0000,true,,,5772
1,2028-12-03,GRASP_VNS,3,1.0000,true,,,5772
1,2028-12-03,GRASP_VNS,4,1.0000,true,,,5772
1,2028-12-03,GRASP_VNS,5,1.0000,true,,,5772
1,2028-11-03,ACS,1,1.0000,true,,,5708
1,2028-11-03,ACS,2,1.0000,true,,,5708
1,2028-11-03,ACS,3,1.0000,true,,,5708
1,2028-11-03,ACS,4,1.0000,true,,,5708
1,2028-11-03,ACS,5,1.0000,true,,,5708
1,2028-11-03,GRASP_VNS,1,1.0000,true,,,5708
1,2028-11-03,GRASP_VNS,2,1.0000,true,,,5708
1,2028-11-03,GRASP_VNS,3,1.0000,true,,,5708
1,2028-11-03,GRASP_VNS,4,1.0000,true,,,5708
1,2028-11-03,GRASP_VNS,5,1.0000,true,,,5708
1,2028-10-02,ACS,1,1.0000,true,,,5661
1,2028-10-02,ACS,2,1.0000,true,,,5661
1,2028-10-02,ACS,3,1.0000,true,,,5661
1,2028-10-02,ACS,4,1.0000,true,,,5661
1,2028-10-02,ACS,5,1.0000,true,,,5661
1,2028-10-02,GRASP_VNS,1,1.0000,true,,,5661
1,2028-10-02,GRASP_VNS,2,1.0000,true,,,5661
1,2028-10-02,GRASP_VNS,3,1.0000,true,,,5661
1,2028-10-02,GRASP_VNS,4,1.0000,true,,,5661
1,2028-10-02,GRASP_VNS,5,1.0000,true,,,5661
1,2028-08-04,ACS,1,1.0000,true,,,5077
1,2028-08-04,ACS,2,1.0000,true,,,5077
1,2028-08-04,ACS,3,1.0000,true,,,5077
1,2028-08-04,ACS,4,1.0000,true,,,5077
1,2028-08-04,ACS,5,1.0000,true,,,5077
1,2028-08-04,GRASP_VNS,1,1.0000,true,,,5077
1,2028-08-04,GRASP_VNS,2,1.0000,true,,,5077
1,2028-08-04,GRASP_VNS,3,1.0000,true,,,5077
1,2028-08-04,GRASP_VNS,4,1.0000,true,,,5077
1,2028-08-04,GRASP_VNS,5,1.0000,true,,,5077
1,2028-08-01,ACS,1,1.0000,true,,,5039
1,2028-08-01,ACS,2,1.0000,true,,,5039
1,2028-08-01,ACS,3,1.0000,true,,,5039
1,2028-08-01,ACS,4,1.0000,true,,,5039
1,2028-08-01,ACS,5,1.0000,true,,,5039
1,2028-08-01,GRASP_VNS,1,1.0000,true,,,5039
1,2028-08-01,GRASP_VNS,2,1.0000,true,,,5039
1,2028-08-01,GRASP_VNS,3,1.0000,true,,,5039
1,2028-08-01,GRASP_VNS,4,1.0000,true,,,5039
1,2028-08-01,GRASP_VNS,5,1.0000,true,,,5039
1,2028-12-02,ACS,1,1.0000,true,,,5025
1,2028-12-02,ACS,2,1.0000,true,,,5025
1,2028-12-02,ACS,3,1.0000,true,,,5025
1,2028-12-02,ACS,4,1.0000,true,,,5025
1,2028-12-02,ACS,5,1.0000,true,,,5025
1,2028-12-02,GRASP_VNS,1,1.0000,true,,,5025
1,2028-12-02,GRASP_VNS,2,1.0000,true,,,5025
1,2028-12-02,GRASP_VNS,3,1.0000,true,,,5025
1,2028-12-02,GRASP_VNS,4,1.0000,true,,,5025
1,2028-12-02,GRASP_VNS,5,1.0000,true,,,5025
1,2028-11-04,ACS,1,1.0000,true,,,4992
1,2028-11-04,ACS,2,1.0000,true,,,4992
1,2028-11-04,ACS,3,1.0000,true,,,4992
1,2028-11-04,ACS,4,1.0000,true,,,4992
1,2028-11-04,ACS,5,1.0000,true,,,4992
1,2028-11-04,GRASP_VNS,1,1.0000,true,,,4992
1,2028-11-04,GRASP_VNS,2,1.0000,true,,,4992
1,2028-11-04,GRASP_VNS,3,1.0000,true,,,4992
1,2028-11-04,GRASP_VNS,4,1.0000,true,,,4992
1,2028-11-04,GRASP_VNS,5,1.0000,true,,,4992
1,2028-06-05,ACS,1,1.0000,true,,,4884
1,2028-06-05,ACS,2,1.0000,true,,,4884
1,2028-06-05,ACS,3,1.0000,true,,,4884
1,2028-06-05,ACS,4,1.0000,true,,,4884
1,2028-06-05,ACS,5,1.0000,true,,,4884
1,2028-06-05,GRASP_VNS,1,1.0000,true,,,4884
1,2028-06-05,GRASP_VNS,2,1.0000,true,,,4884
1,2028-06-05,GRASP_VNS,3,1.0000,true,,,4884
1,2028-06-05,GRASP_VNS,4,1.0000,true,,,4884
1,2028-06-05,GRASP_VNS,5,1.0000,true,,,4884
1,2028-09-04,ACS,1,1.0000,true,,,4826
1,2028-09-04,ACS,2,1.0000,true,,,4826
1,2028-09-04,ACS,3,1.0000,true,,,4826
1,2028-09-04,ACS,4,1.0000,true,,,4826
1,2028-09-04,ACS,5,1.0000,true,,,4826
1,2028-09-04,GRASP_VNS,1,1.0000,true,,,4826
1,2028-09-04,GRASP_VNS,2,1.0000,true,,,4826
1,2028-09-04,GRASP_VNS,3,1.0000,true,,,4826
1,2028-09-04,GRASP_VNS,4,1.0000,true,,,4826
1,2028-09-04,GRASP_VNS,5,1.0000,true,,,4826
1,2028-09-02,ACS,1,1.0000,true,,,4941
1,2028-09-02,ACS,2,1.0000,true,,,4941
1,2028-09-02,ACS,3,1.0000,true,,,4941
1,2028-09-02,ACS,4,1.0000,true,,,4941
1,2028-09-02,ACS,5,1.0000,true,,,4941
1,2028-09-02,GRASP_VNS,1,1.0000,true,,,4941
1,2028-09-02,GRASP_VNS,2,1.0000,true,,,4941
1,2028-09-02,GRASP_VNS,3,1.0000,true,,,4941
1,2028-09-02,GRASP_VNS,4,1.0000,true,,,4941
1,2028-09-02,GRASP_VNS,5,1.0000,true,,,4941
1,2028-10-01,ACS,1,1.0000,true,,,4706
1,2028-10-01,ACS,2,1.0000,true,,,4706
1,2028-10-01,ACS,3,1.0000,true,,,4706
1,2028-10-01,ACS,4,1.0000,true,,,4706
1,2028-10-01,ACS,5,1.0000,true,,,4706
1,2028-10-01,GRASP_VNS,1,1.0000,true,,,4706
1,2028-10-01,GRASP_VNS,2,1.0000,true,,,4706
1,2028-10-01,GRASP_VNS,3,1.0000,true,,,4706
1,2028-10-01,GRASP_VNS,4,1.0000,true,,,4706
1,2028-10-01,GRASP_VNS,5,1.0000,true,,,4706
1,2028-10-06,ACS,1,1.0000,true,,,4684
1,2028-10-06,ACS,2,1.0000,true,,,4684
1,2028-10-06,ACS,3,1.0000,true,,,4684
1,2028-10-06,ACS,4,1.0000,true,,,4684
1,2028-10-06,ACS,5,1.0000,true,,,4684
1,2028-10-06,GRASP_VNS,1,1.0000,true,,,4684
1,2028-10-06,GRASP_VNS,2,1.0000,true,,,4684
1,2028-10-06,GRASP_VNS,3,1.0000,true,,,4684
1,2028-10-06,GRASP_VNS,4,1.0000,true,,,4684
1,2028-10-06,GRASP_VNS,5,1.0000,true,,,4684
1,2028-12-04,ACS,1,1.0000,true,,,4919
1,2028-12-04,ACS,2,1.0000,true,,,4919
1,2028-12-04,ACS,3,1.0000,true,,,4919
1,2028-12-04,ACS,4,1.0000,true,,,4919
1,2028-12-04,ACS,5,1.0000,true,,,4919
1,2028-12-04,GRASP_VNS,1,1.0000,true,,,4919
1,2028-12-04,GRASP_VNS,2,1.0000,true,,,4919
1,2028-12-04,GRASP_VNS,3,1.0000,true,,,4919
1,2028-12-04,GRASP_VNS,4,1.0000,true,,,4919
1,2028-12-04,GRASP_VNS,5,1.0000,true,,,4919
1,2028-06-04,ACS,1,1.0000,true,,,4877
1,2028-06-04,ACS,2,1.0000,true,,,4877
1,2028-06-04,ACS,3,1.0000,true,,,4877
1,2028-06-04,ACS,4,1.0000,true,,,4877
1,2028-06-04,ACS,5,1.0000,true,,,4877
1,2028-06-04,GRASP_VNS,1,1.0000,true,,,4877
1,2028-06-04,GRASP_VNS,2,1.0000,true,,,4877
1,2028-06-04,GRASP_VNS,3,1.0000,true,,,4877
1,2028-06-04,GRASP_VNS,4,1.0000,true,,,4877
1,2028-06-04,GRASP_VNS,5,1.0000,true,,,4877
1,2028-11-05,ACS,1,1.0000,true,,,4706
1,2028-11-05,ACS,2,1.0000,true,,,4706
1,2028-11-05,ACS,3,1.0000,true,,,4706
1,2028-11-05,ACS,4,1.0000,true,,,4706
1,2028-11-05,ACS,5,1.0000,true,,,4706
1,2028-11-05,GRASP_VNS,1,1.0000,true,,,4706
1,2028-11-05,GRASP_VNS,2,1.0000,true,,,4706
1,2028-11-05,GRASP_VNS,3,1.0000,true,,,4706
1,2028-11-05,GRASP_VNS,4,1.0000,true,,,4706
1,2028-11-05,GRASP_VNS,5,1.0000,true,,,4706
1,2028-09-06,ACS,1,1.0000,true,,,4572
1,2028-09-06,ACS,2,1.0000,true,,,4572
1,2028-09-06,ACS,3,1.0000,true,,,4572
1,2028-09-06,ACS,4,1.0000,true,,,4572
1,2028-09-06,ACS,5,1.0000,true,,,4572
1,2028-09-06,GRASP_VNS,1,1.0000,true,,,4572
1,2028-09-06,GRASP_VNS,2,1.0000,true,,,4572
1,2028-09-06,GRASP_VNS,3,1.0000,true,,,4572
1,2028-09-06,GRASP_VNS,4,1.0000,true,,,4572
1,2028-09-06,GRASP_VNS,5,1.0000,true,,,4572
1,2028-11-01,ACS,1,1.0000,true,,,4543
1,2028-11-01,ACS,2,1.0000,true,,,4543
1,2028-11-01,ACS,3,1.0000,true,,,4543
1,2028-11-01,ACS,4,1.0000,true,,,4543
1,2028-11-01,ACS,5,1.0000,true,,,4543
1,2028-11-01,GRASP_VNS,1,1.0000,true,,,4543
1,2028-11-01,GRASP_VNS,2,1.0000,true,,,4543
1,2028-11-01,GRASP_VNS,3,1.0000,true,,,4543
1,2028-11-01,GRASP_VNS,4,1.0000,true,,,4543
1,2028-11-01,GRASP_VNS,5,1.0000,true,,,4543
1,2028-11-02,ACS,1,1.0000,true,,,4585
1,2028-11-02,ACS,2,1.0000,true,,,4585
1,2028-11-02,ACS,3,1.0000,true,,,4585
1,2028-11-02,ACS,4,1.0000,true,,,4585
1,2028-11-02,ACS,5,1.0000,true,,,4585
1,2028-11-02,GRASP_VNS,1,1.0000,true,,,4585
1,2028-11-02,GRASP_VNS,2,1.0000,true,,,4585
1,2028-11-02,GRASP_VNS,3,1.0000,true,,,4585
1,2028-11-02,GRASP_VNS,4,1.0000,true,,,4585
1,2028-11-02,GRASP_VNS,5,1.0000,true,,,4585
1,2028-06-02,ACS,1,1.0000,true,,,4506
1,2028-06-02,ACS,2,1.0000,true,,,4506
1,2028-06-02,ACS,3,1.0000,true,,,4506
1,2028-06-02,ACS,4,1.0000,true,,,4506
1,2028-06-02,ACS,5,1.0000,true,,,4506
1,2028-06-02,GRASP_VNS,1,1.0000,true,,,4506
1,2028-06-02,GRASP_VNS,2,1.0000,true,,,4506
1,2028-06-02,GRASP_VNS,3,1.0000,true,,,4506
1,2028-06-02,GRASP_VNS,4,1.0000,true,,,4506
1,2028-06-02,GRASP_VNS,5,1.0000,true,,,4506
1,2028-04-04,ACS,1,1.0000,true,,,4496
1,2028-04-04,ACS,2,1.0000,true,,,4496
1,2028-04-04,ACS,3,1.0000,true,,,4496
1,2028-04-04,ACS,4,1.0000,true,,,4496
1,2028-04-04,ACS,5,1.0000,true,,,4496
1,2028-04-04,GRASP_VNS,1,1.0000,true,,,4496
1,2028-04-04,GRASP_VNS,2,1.0000,true,,,4496
1,2028-04-04,GRASP_VNS,3,1.0000,true,,,4496
1,2028-04-04,GRASP_VNS,4,1.0000,true,,,4496
1,2028-04-04,GRASP_VNS,5,1.0000,true,,,4496
1,2028-07-04,ACS,1,1.0000,true,,,4519
1,2028-07-04,ACS,2,1.0000,true,,,4519
1,2028-07-04,ACS,3,1.0000,true,,,4519
1,2028-07-04,ACS,4,1.0000,true,,,4519
1,2028-07-04,ACS,5,1.0000,true,,,4519
1,2028-07-04,GRASP_VNS,1,1.0000,true,,,4519
1,2028-07-04,GRASP_VNS,2,1.0000,true,,,4519
1,2028-07-04,GRASP_VNS,3,1.0000,true,,,4519
1,2028-07-04,GRASP_VNS,4,1.0000,true,,,4519
1,2028-07-04,GRASP_VNS,5,1.0000,true,,,4519
1,2028-07-03,ACS,1,1.0000,true,,,4363
1,2028-07-03,ACS,2,1.0000,true,,,4363
1,2028-07-03,ACS,3,1.0000,true,,,4363
1,2028-07-03,ACS,4,1.0000,true,,,4363
1,2028-07-03,ACS,5,1.0000,true,,,4363
1,2028-07-03,GRASP_VNS,1,1.0000,true,,,4363
1,2028-07-03,GRASP_VNS,2,1.0000,true,,,4363
1,2028-07-03,GRASP_VNS,3,1.0000,true,,,4363
1,2028-07-03,GRASP_VNS,4,1.0000,true,,,4363
1,2028-07-03,GRASP_VNS,5,1.0000,true,,,4363
1,2028-05-05,ACS,1,1.0000,true,,,4406
1,2028-05-05,ACS,2,1.0000,true,,,4406
1,2028-05-05,ACS,3,1.0000,true,,,4406
1,2028-05-05,ACS,4,1.0000,true,,,4406
1,2028-05-05,ACS,5,1.0000,true,,,4406
1,2028-05-05,GRASP_VNS,1,1.0000,true,,,4406
1,2028-05-05,GRASP_VNS,2,1.0000,true,,,4406
1,2028-05-05,GRASP_VNS,3,1.0000,true,,,4406
1,2028-05-05,GRASP_VNS,4,1.0000,true,,,4406
1,2028-05-05,GRASP_VNS,5,1.0000,true,,,4406
1,2028-09-01,ACS,1,1.0000,true,,,4400
1,2028-09-01,ACS,2,1.0000,true,,,4400
1,2028-09-01,ACS,3,1.0000,true,,,4400
1,2028-09-01,ACS,4,1.0000,true,,,4400
1,2028-09-01,ACS,5,1.0000,true,,,4400
1,2028-09-01,GRASP_VNS,1,1.0000,true,,,4400
1,2028-09-01,GRASP_VNS,2,1.0000,true,,,4400
1,2028-09-01,GRASP_VNS,3,1.0000,true,,,4400
1,2028-09-01,GRASP_VNS,4,1.0000,true,,,4400
1,2028-09-01,GRASP_VNS,5,1.0000,true,,,4400
1,2028-04-01,ACS,1,1.0000,true,,,4326
1,2028-04-01,ACS,2,1.0000,true,,,4326
1,2028-04-01,ACS,3,1.0000,true,,,4326
1,2028-04-01,ACS,4,1.0000,true,,,4326
1,2028-04-01,ACS,5,1.0000,true,,,4326
1,2028-04-01,GRASP_VNS,1,1.0000,true,,,4326
1,2028-04-01,GRASP_VNS,2,1.0000,true,,,4326
1,2028-04-01,GRASP_VNS,3,1.0000,true,,,4326
1,2028-04-01,GRASP_VNS,4,1.0000,true,,,4326
1,2028-04-01,GRASP_VNS,5,1.0000,true,,,4326
1,2028-06-06,ACS,1,1.0000,true,,,4273
1,2028-06-06,ACS,2,1.0000,true,,,4273
1,2028-06-06,ACS,3,1.0000,true,,,4273
1,2028-06-06,ACS,4,1.0000,true,,,4273
1,2028-06-06,ACS,5,1.0000,true,,,4273
1,2028-06-06,GRASP_VNS,1,1.0000,true,,,4273
1,2028-06-06,GRASP_VNS,2,1.0000,true,,,4273
1,2028-06-06,GRASP_VNS,3,1.0000,true,,,4273
1,2028-06-06,GRASP_VNS,4,1.0000,true,,,4273
1,2028-06-06,GRASP_VNS,5,1.0000,true,,,4273
1,2028-09-05,ACS,1,1.0000,true,,,4385
1,2028-09-05,ACS,2,1.0000,true,,,4385
1,2028-09-05,ACS,3,1.0000,true,,,4385
1,2028-09-05,ACS,4,1.0000,true,,,4385
1,2028-09-05,ACS,5,1.0000,true,,,4385
1,2028-09-05,GRASP_VNS,1,1.0000,true,,,4385
1,2028-09-05,GRASP_VNS,2,1.0000,true,,,4385
1,2028-09-05,GRASP_VNS,3,1.0000,true,,,4385
1,2028-09-05,GRASP_VNS,4,1.0000,true,,,4385
1,2028-09-05,GRASP_VNS,5,1.0000,true,,,4385
1,2028-07-06,ACS,1,1.0000,true,,,4279
1,2028-07-06,ACS,2,1.0000,true,,,4279
1,2028-07-06,ACS,3,1.0000,true,,,4279
1,2028-07-06,ACS,4,1.0000,true,,,4279
1,2028-07-06,ACS,5,1.0000,true,,,4279
1,2028-07-06,GRASP_VNS,1,1.0000,true,,,4279
1,2028-07-06,GRASP_VNS,2,1.0000,true,,,4279
1,2028-07-06,GRASP_VNS,3,1.0000,true,,,4279
1,2028-07-06,GRASP_VNS,4,1.0000,true,,,4279
1,2028-07-06,GRASP_VNS,5,1.0000,true,,,4279
1,2028-04-03,ACS,1,1.0000,true,,,4193
1,2028-04-03,ACS,2,1.0000,true,,,4193
1,2028-04-03,ACS,3,1.0000,true,,,4193
1,2028-04-03,ACS,4,1.0000,true,,,4193
1,2028-04-03,ACS,5,1.0000,true,,,4193
1,2028-04-03,GRASP_VNS,1,1.0000,true,,,4193
1,2028-04-03,GRASP_VNS,2,1.0000,true,,,4193
1,2028-04-03,GRASP_VNS,3,1.0000,true,,,4193
1,2028-04-03,GRASP_VNS,4,1.0000,true,,,4193
1,2028-04-03,GRASP_VNS,5,1.0000,true,,,4193
1,2028-12-05,ACS,1,1.0000,true,,,4135
1,2028-12-05,ACS,2,1.0000,true,,,4135
1,2028-12-05,ACS,3,1.0000,true,,,4135
1,2028-12-05,ACS,4,1.0000,true,,,4135
1,2028-12-05,ACS,5,1.0000,true,,,4135
1,2028-12-05,GRASP_VNS,1,1.0000,true,,,4135
1,2028-12-05,GRASP_VNS,2,1.0000,true,,,4135
1,2028-12-05,GRASP_VNS,3,1.0000,true,,,4135
1,2028-12-05,GRASP_VNS,4,1.0000,true,,,4135
1,2028-12-05,GRASP_VNS,5,1.0000,true,,,4135
1,2028-08-02,ACS,1,1.0000,true,,,3984
1,2028-08-02,ACS,2,1.0000,true,,,3984
1,2028-08-02,ACS,3,1.0000,true,,,3984
1,2028-08-02,ACS,4,1.0000,true,,,3984
1,2028-08-02,ACS,5,1.0000,true,,,3984
1,2028-08-02,GRASP_VNS,1,1.0000,true,,,3984
1,2028-08-02,GRASP_VNS,2,1.0000,true,,,3984
1,2028-08-02,GRASP_VNS,3,1.0000,true,,,3984
1,2028-08-02,GRASP_VNS,4,1.0000,true,,,3984
1,2028-08-02,GRASP_VNS,5,1.0000,true,,,3984
1,2028-10-03,ACS,1,1.0000,true,,,4149
1,2028-10-03,ACS,2,1.0000,true,,,4149
1,2028-10-03,ACS,3,1.0000,true,,,4149
1,2028-10-03,ACS,4,1.0000,true,,,4149
1,2028-10-03,ACS,5,1.0000,true,,,4149
1,2028-10-03,GRASP_VNS,1,1.0000,true,,,4149
1,2028-10-03,GRASP_VNS,2,1.0000,true,,,4149
1,2028-10-03,GRASP_VNS,3,1.0000,true,,,4149
1,2028-10-03,GRASP_VNS,4,1.0000,true,,,4149
1,2028-10-03,GRASP_VNS,5,1.0000,true,,,4149
1,2028-02-07,ACS,1,1.0000,true,,,3936
1,2028-02-07,ACS,2,1.0000,true,,,3936
1,2028-02-07,ACS,3,1.0000,true,,,3936
1,2028-02-07,ACS,4,1.0000,true,,,3936
1,2028-02-07,ACS,5,1.0000,true,,,3936
1,2028-02-07,GRASP_VNS,1,1.0000,true,,,3936
1,2028-02-07,GRASP_VNS,2,1.0000,true,,,3936
1,2028-02-07,GRASP_VNS,3,1.0000,true,,,3936
1,2028-02-07,GRASP_VNS,4,1.0000,true,,,3936
1,2028-02-07,GRASP_VNS,5,1.0000,true,,,3936
1,2028-07-01,ACS,1,1.0000,true,,,4125
1,2028-07-01,ACS,2,1.0000,true,,,4125
1,2028-07-01,ACS,3,1.0000,true,,,4125
1,2028-07-01,ACS,4,1.0000,true,,,4125
1,2028-07-01,ACS,5,1.0000,true,,,4125
1,2028-07-01,GRASP_VNS,1,1.0000,true,,,4125
1,2028-07-01,GRASP_VNS,2,1.0000,true,,,4125
1,2028-07-01,GRASP_VNS,3,1.0000,true,,,4125
1,2028-07-01,GRASP_VNS,4,1.0000,true,,,4125
1,2028-07-01,GRASP_VNS,5,1.0000,true,,,4125
1,2028-10-04,ACS,1,1.0000,true,,,3975
1,2028-10-04,ACS,2,1.0000,true,,,3975
1,2028-10-04,ACS,3,1.0000,true,,,3975
1,2028-10-04,ACS,4,1.0000,true,,,3975
1,2028-10-04,ACS,5,1.0000,true,,,3975
1,2028-10-04,GRASP_VNS,1,1.0000,true,,,3975
1,2028-10-04,GRASP_VNS,2,1.0000,true,,,3975
1,2028-10-04,GRASP_VNS,3,1.0000,true,,,3975
1,2028-10-04,GRASP_VNS,4,1.0000,true,,,3975
1,2028-10-04,GRASP_VNS,5,1.0000,true,,,3975
1,2028-06-03,ACS,1,1.0000,true,,,3882
1,2028-06-03,ACS,2,1.0000,true,,,3882
1,2028-06-03,ACS,3,1.0000,true,,,3882
1,2028-06-03,ACS,4,1.0000,true,,,3882
1,2028-06-03,ACS,5,1.0000,true,,,3882
1,2028-06-03,GRASP_VNS,1,1.0000,true,,,3882
1,2028-06-03,GRASP_VNS,2,1.0000,true,,,3882
1,2028-06-03,GRASP_VNS,3,1.0000,true,,,3882
1,2028-06-03,GRASP_VNS,4,1.0000,true,,,3882
1,2028-06-03,GRASP_VNS,5,1.0000,true,,,3882
1,2028-05-06,ACS,1,1.0000,true,,,3977
1,2028-05-06,ACS,2,1.0000,true,,,3977
1,2028-05-06,ACS,3,1.0000,true,,,3977
1,2028-05-06,ACS,4,1.0000,true,,,3977
1,2028-05-06,ACS,5,1.0000,true,,,3977
1,2028-05-06,GRASP_VNS,1,1.0000,true,,,3977
1,2028-05-06,GRASP_VNS,2,1.0000,true,,,3977
1,2028-05-06,GRASP_VNS,3,1.0000,true,,,3977
1,2028-05-06,GRASP_VNS,4,1.0000,true,,,3977
1,2028-05-06,GRASP_VNS,5,1.0000,true,,,3977
1,2028-09-03,ACS,1,1.0000,true,,,3951
1,2028-09-03,ACS,2,1.0000,true,,,3951
1,2028-09-03,ACS,3,1.0000,true,,,3951
1,2028-09-03,ACS,4,1.0000,true,,,3951
1,2028-09-03,ACS,5,1.0000,true,,,3951
1,2028-09-03,GRASP_VNS,1,1.0000,true,,,3951
1,2028-09-03,GRASP_VNS,2,1.0000,true,,,3951
1,2028-09-03,GRASP_VNS,3,1.0000,true,,,3951
1,2028-09-03,GRASP_VNS,4,1.0000,true,,,3951
1,2028-09-03,GRASP_VNS,5,1.0000,true,,,3951
1,2028-02-03,ACS,1,1.0000,true,,,3932
1,2028-02-03,ACS,2,1.0000,true,,,3932
1,2028-02-03,ACS,3,1.0000,true,,,3932
1,2028-02-03,ACS,4,1.0000,true,,,3932
1,2028-02-03,ACS,5,1.0000,true,,,3932
1,2028-02-03,GRASP_VNS,1,1.0000,true,,,3932
1,2028-02-03,GRASP_VNS,2,1.0000,true,,,3932
1,2028-02-03,GRASP_VNS,3,1.0000,true,,,3932
1,2028-02-03,GRASP_VNS,4,1.0000,true,,,3932
1,2028-02-03,GRASP_VNS,5,1.0000,true,,,3932
1,2028-07-05,ACS,1,1.0000,true,,,3936
1,2028-07-05,ACS,2,1.0000,true,,,3936
1,2028-07-05,ACS,3,1.0000,true,,,3936
1,2028-07-05,ACS,4,1.0000,true,,,3936
1,2028-07-05,ACS,5,1.0000,true,,,3936
1,2028-07-05,GRASP_VNS,1,1.0000,true,,,3936
1,2028-07-05,GRASP_VNS,2,1.0000,true,,,3936
1,2028-07-05,GRASP_VNS,3,1.0000,true,,,3936
1,2028-07-05,GRASP_VNS,4,1.0000,true,,,3936
1,2028-07-05,GRASP_VNS,5,1.0000,true,,,3936
1,2028-10-05,ACS,1,1.0000,true,,,3917
1,2028-10-05,ACS,2,1.0000,true,,,3917
1,2028-10-05,ACS,3,1.0000,true,,,3917
1,2028-10-05,ACS,4,1.0000,true,,,3917
1,2028-10-05,ACS,5,1.0000,true,,,3917
1,2028-10-05,GRASP_VNS,1,1.0000,true,,,3917
1,2028-10-05,GRASP_VNS,2,1.0000,true,,,3917
1,2028-10-05,GRASP_VNS,3,1.0000,true,,,3917
1,2028-10-05,GRASP_VNS,4,1.0000,true,,,3917
1,2028-10-05,GRASP_VNS,5,1.0000,true,,,3917
1,2028-05-07,ACS,1,1.0000,true,,,3808
1,2028-05-07,ACS,2,1.0000,true,,,3808
1,2028-05-07,ACS,3,1.0000,true,,,3808
1,2028-05-07,ACS,4,1.0000,true,,,3808
1,2028-05-07,ACS,5,1.0000,true,,,3808
1,2028-05-07,GRASP_VNS,1,1.0000,true,,,3808
1,2028-05-07,GRASP_VNS,2,1.0000,true,,,3808
1,2028-05-07,GRASP_VNS,3,1.0000,true,,,3808
1,2028-05-07,GRASP_VNS,4,1.0000,true,,,3808
1,2028-05-07,GRASP_VNS,5,1.0000,true,,,3808
1,2028-08-03,ACS,1,1.0000,true,,,3659
1,2028-08-03,ACS,2,1.0000,true,,,3659
1,2028-08-03,ACS,3,1.0000,true,,,3659
1,2028-08-03,ACS,4,1.0000,true,,,3659
1,2028-08-03,ACS,5,1.0000,true,,,3659
1,2028-08-03,GRASP_VNS,1,1.0000,true,,,3659
1,2028-08-03,GRASP_VNS,2,1.0000,true,,,3659
1,2028-08-03,GRASP_VNS,3,1.0000,true,,,3659
1,2028-08-03,GRASP_VNS,4,1.0000,true,,,3659
1,2028-08-03,GRASP_VNS,5,1.0000,true,,,3659
1,2028-05-01,ACS,1,1.0000,true,,,3870
1,2028-05-01,ACS,2,1.0000,true,,,3870
1,2028-05-01,ACS,3,1.0000,true,,,3870
1,2028-05-01,ACS,4,1.0000,true,,,3870
1,2028-05-01,ACS,5,1.0000,true,,,3870
1,2028-05-01,GRASP_VNS,1,1.0000,true,,,3870
1,2028-05-01,GRASP_VNS,2,1.0000,true,,,3870
1,2028-05-01,GRASP_VNS,3,1.0000,true,,,3870
1,2028-05-01,GRASP_VNS,4,1.0000,true,,,3870
1,2028-05-01,GRASP_VNS,5,1.0000,true,,,3870
1,2028-08-05,ACS,1,1.0000,true,,,3960
1,2028-08-05,ACS,2,1.0000,true,,,3960
1,2028-08-05,ACS,3,1.0000,true,,,3960
1,2028-08-05,ACS,4,1.0000,true,,,3960
1,2028-08-05,ACS,5,1.0000,true,,,3960
1,2028-08-05,GRASP_VNS,1,1.0000,true,,,3960
1,2028-08-05,GRASP_VNS,2,1.0000,true,,,3960
1,2028-08-05,GRASP_VNS,3,1.0000,true,,,3960
1,2028-08-05,GRASP_VNS,4,1.0000,true,,,3960
1,2028-08-05,GRASP_VNS,5,1.0000,true,,,3960
1,2028-02-02,ACS,1,1.0000,true,,,3794
1,2028-02-02,ACS,2,1.0000,true,,,3794
1,2028-02-02,ACS,3,1.0000,true,,,3794
1,2028-02-02,ACS,4,1.0000,true,,,3794
1,2028-02-02,ACS,5,1.0000,true,,,3794
1,2028-02-02,GRASP_VNS,1,1.0000,true,,,3794
1,2028-02-02,GRASP_VNS,2,1.0000,true,,,3794
1,2028-02-02,GRASP_VNS,3,1.0000,true,,,3794
1,2028-02-02,GRASP_VNS,4,1.0000,true,,,3794
1,2028-02-02,GRASP_VNS,5,1.0000,true,,,3794
1,2028-05-03,ACS,1,1.0000,true,,,3773
1,2028-05-03,ACS,2,1.0000,true,,,3773
1,2028-05-03,ACS,3,1.0000,true,,,3773
1,2028-05-03,ACS,4,1.0000,true,,,3773
1,2028-05-03,ACS,5,1.0000,true,,,3773
1,2028-05-03,GRASP_VNS,1,1.0000,true,,,3773
1,2028-05-03,GRASP_VNS,2,1.0000,true,,,3773
1,2028-05-03,GRASP_VNS,3,1.0000,true,,,3773
1,2028-05-03,GRASP_VNS,4,1.0000,true,,,3773
1,2028-05-03,GRASP_VNS,5,1.0000,true,,,3773
1,2028-05-02,ACS,1,1.0000,true,,,3599
1,2028-05-02,ACS,2,1.0000,true,,,3599
1,2028-05-02,ACS,3,1.0000,true,,,3599
1,2028-05-02,ACS,4,1.0000,true,,,3599
1,2028-05-02,ACS,5,1.0000,true,,,3599
1,2028-05-02,GRASP_VNS,1,1.0000,true,,,3599
1,2028-05-02,GRASP_VNS,2,1.0000,true,,,3599
1,2028-05-02,GRASP_VNS,3,1.0000,true,,,3599
1,2028-05-02,GRASP_VNS,4,1.0000,true,,,3599
1,2028-05-02,GRASP_VNS,5,1.0000,true,,,3599
1,2028-08-06,ACS,1,1.0000,true,,,3642
1,2028-08-06,ACS,2,1.0000,true,,,3642
1,2028-08-06,ACS,3,1.0000,true,,,3642
1,2028-08-06,ACS,4,1.0000,true,,,3642
1,2028-08-06,ACS,5,1.0000,true,,,3642
1,2028-08-06,GRASP_VNS,1,1.0000,true,,,3642
1,2028-08-06,GRASP_VNS,2,1.0000,true,,,3642
1,2028-08-06,GRASP_VNS,3,1.0000,true,,,3642
1,2028-08-06,GRASP_VNS,4,1.0000,true,,,3642
1,2028-08-06,GRASP_VNS,5,1.0000,true,,,3642
1,2028-06-01,ACS,1,1.0000,true,,,3642
1,2028-06-01,ACS,2,1.0000,true,,,3642
1,2028-06-01,ACS,3,1.0000,true,,,3642
1,2028-06-01,ACS,4,1.0000,true,,,3642
1,2028-06-01,ACS,5,1.0000,true,,,3642
1,2028-06-01,GRASP_VNS,1,1.0000,true,,,3642
1,2028-06-01,GRASP_VNS,2,1.0000,true,,,3642
1,2028-06-01,GRASP_VNS,3,1.0000,true,,,3642
1,2028-06-01,GRASP_VNS,4,1.0000,true,,,3642
1,2028-06-01,GRASP_VNS,5,1.0000,true,,,3642
1,2028-04-06,ACS,1,1.0000,true,,,3720
1,2028-04-06,ACS,2,1.0000,true,,,3720
1,2028-04-06,ACS,3,1.0000,true,,,3720
1,2028-04-06,ACS,4,1.0000,true,,,3720
1,2028-04-06,ACS,5,1.0000,true,,,3720
1,2028-04-06,GRASP_VNS,1,1.0000,true,,,3720
1,2028-04-06,GRASP_VNS,2,1.0000,true,,,3720
1,2028-04-06,GRASP_VNS,3,1.0000,true,,,3720
1,2028-04-06,GRASP_VNS,4,1.0000,true,,,3720
1,2028-04-06,GRASP_VNS,5,1.0000,true,,,3720
1,2028-07-02,ACS,1,1.0000,true,,,3565
1,2028-07-02,ACS,2,1.0000,true,,,3565
1,2028-07-02,ACS,3,1.0000,true,,,3565
1,2028-07-02,ACS,4,1.0000,true,,,3565
1,2028-07-02,ACS,5,1.0000,true,,,3565
1,2028-07-02,GRASP_VNS,1,1.0000,true,,,3565
1,2028-07-02,GRASP_VNS,2,1.0000,true,,,3565
1,2028-07-02,GRASP_VNS,3,1.0000,true,,,3565
1,2028-07-02,GRASP_VNS,4,1.0000,true,,,3565
1,2028-07-02,GRASP_VNS,5,1.0000,true,,,3565
1,2028-05-04,ACS,1,1.0000,true,,,3612
1,2028-05-04,ACS,2,1.0000,true,,,3612
1,2028-05-04,ACS,3,1.0000,true,,,3612
1,2028-05-04,ACS,4,1.0000,true,,,3612
1,2028-05-04,ACS,5,1.0000,true,,,3612
1,2028-05-04,GRASP_VNS,1,1.0000,true,,,3612
1,2028-05-04,GRASP_VNS,2,1.0000,false,77.6459,235.7589,3612
1,2028-05-04,GRASP_VNS,3,1.0000,true,,,3612
1,2028-05-04,GRASP_VNS,4,1.0000,true,,,3612
1,2028-05-04,GRASP_VNS,5,1.0000,true,,,3612
1,2027-12-07,ACS,1,1.0000,true,,,3430
1,2027-12-07,ACS,2,1.0000,true,,,3430
1,2027-12-07,ACS,3,1.0000,true,,,3430
1,2027-12-07,ACS,4,1.0000,true,,,3430
1,2027-12-07,ACS,5,1.0000,true,,,3430
1,2027-12-07,GRASP_VNS,1,1.0000,true,,,3430
1,2027-12-07,GRASP_VNS,2,1.0000,true,,,3430
1,2027-12-07,GRASP_VNS,3,1.0000,true,,,3430
1,2027-12-07,GRASP_VNS,4,1.0000,true,,,3430
1,2027-12-07,GRASP_VNS,5,1.0000,true,,,3430
1,2028-03-04,ACS,1,1.0000,true,,,3541
1,2028-03-04,ACS,2,1.0000,true,,,3541
1,2028-03-04,ACS,3,1.0000,true,,,3541
1,2028-03-04,ACS,4,1.0000,true,,,3541
1,2028-03-04,ACS,5,1.0000,true,,,3541
1,2028-03-04,GRASP_VNS,1,1.0000,true,,,3541
1,2028-03-04,GRASP_VNS,2,1.0000,true,,,3541
1,2028-03-04,GRASP_VNS,3,1.0000,true,,,3541
1,2028-03-04,GRASP_VNS,4,1.0000,true,,,3541
1,2028-03-04,GRASP_VNS,5,1.0000,true,,,3541
1,2028-03-01,ACS,1,1.0000,true,,,3533
1,2028-03-01,ACS,2,1.0000,true,,,3533
1,2028-03-01,ACS,3,1.0000,true,,,3533
1,2028-03-01,ACS,4,1.0000,true,,,3533
1,2028-03-01,ACS,5,1.0000,true,,,3533
1,2028-03-01,GRASP_VNS,1,1.0000,true,,,3533
1,2028-03-01,GRASP_VNS,2,1.0000,true,,,3533
1,2028-03-01,GRASP_VNS,3,1.0000,true,,,3533
1,2028-03-01,GRASP_VNS,4,1.0000,true,,,3533
1,2028-03-01,GRASP_VNS,5,1.0000,true,,,3533
1,2027-11-06,ACS,1,1.0000,true,,,3439
1,2027-11-06,ACS,2,1.0000,true,,,3439
1,2027-11-06,ACS,3,1.0000,true,,,3439
1,2027-11-06,ACS,4,1.0000,true,,,3439
1,2027-11-06,ACS,5,1.0000,true,,,3439
1,2027-11-06,GRASP_VNS,1,1.0000,true,,,3439
1,2027-11-06,GRASP_VNS,2,1.0000,true,,,3439
1,2027-11-06,GRASP_VNS,3,1.0000,false,74.9101,236.4016,3439
1,2027-11-06,GRASP_VNS,4,1.0000,false,75.5637,233.3556,3439
1,2027-11-06,GRASP_VNS,5,1.0000,true,,,3439
1,2028-01-01,ACS,1,1.0000,true,,,3435
1,2028-01-01,ACS,2,1.0000,true,,,3435
1,2028-01-01,ACS,3,1.0000,true,,,3435
1,2028-01-01,ACS,4,1.0000,true,,,3435
1,2028-01-01,ACS,5,1.0000,true,,,3435
1,2028-01-01,GRASP_VNS,1,1.0000,true,,,3435
1,2028-01-01,GRASP_VNS,2,1.0000,true,,,3435
1,2028-01-01,GRASP_VNS,3,1.0000,true,,,3435
1,2028-01-01,GRASP_VNS,4,1.0000,true,,,3435
1,2028-01-01,GRASP_VNS,5,1.0000,true,,,3435
1,2027-12-05,ACS,1,1.0000,true,,,3413
1,2027-12-05,ACS,2,1.0000,true,,,3413
1,2027-12-05,ACS,3,1.0000,true,,,3413
1,2027-12-05,ACS,4,1.0000,true,,,3413
1,2027-12-05,ACS,5,1.0000,true,,,3413
1,2027-12-05,GRASP_VNS,1,1.0000,true,,,3413
1,2027-12-05,GRASP_VNS,2,1.0000,true,,,3413
1,2027-12-05,GRASP_VNS,3,1.0000,true,,,3413
1,2027-12-05,GRASP_VNS,4,1.0000,true,,,3413
1,2027-12-05,GRASP_VNS,5,1.0000,false,76.7748,231.7930,3413
1,2028-03-03,ACS,1,1.0000,true,,,3511
1,2028-03-03,ACS,2,1.0000,true,,,3511
1,2028-03-03,ACS,3,1.0000,true,,,3511
1,2028-03-03,ACS,4,1.0000,true,,,3511
1,2028-03-03,ACS,5,1.0000,true,,,3511
1,2028-03-03,GRASP_VNS,1,1.0000,true,,,3511
1,2028-03-03,GRASP_VNS,2,1.0000,true,,,3511
1,2028-03-03,GRASP_VNS,3,1.0000,true,,,3511
1,2028-03-03,GRASP_VNS,4,1.0000,true,,,3511
1,2028-03-03,GRASP_VNS,5,1.0000,true,,,3511
1,2027-11-08,ACS,1,1.0000,true,,,3466
1,2027-11-08,ACS,2,1.0000,true,,,3466
1,2027-11-08,ACS,3,1.0000,true,,,3466
1,2027-11-08,ACS,4,1.0000,true,,,3466
1,2027-11-08,ACS,5,1.0000,true,,,3466
1,2027-11-08,GRASP_VNS,1,1.0000,true,,,3466
1,2027-11-08,GRASP_VNS,2,1.0000,true,,,3466
1,2027-11-08,GRASP_VNS,3,1.0000,true,,,3466
1,2027-11-08,GRASP_VNS,4,1.0000,true,,,3466
1,2027-11-08,GRASP_VNS,5,1.0000,true,,,3466
1,2028-04-02,ACS,1,1.0000,true,,,3338
1,2028-04-02,ACS,2,1.0000,true,,,3338
1,2028-04-02,ACS,3,1.0000,true,,,3338
1,2028-04-02,ACS,4,1.0000,true,,,3338
1,2028-04-02,ACS,5,1.0000,true,,,3338
1,2028-04-02,GRASP_VNS,1,1.0000,true,,,3338
1,2028-04-02,GRASP_VNS,2,1.0000,true,,,3338
1,2028-04-02,GRASP_VNS,3,1.0000,true,,,3338
1,2028-04-02,GRASP_VNS,4,1.0000,true,,,3338
1,2028-04-02,GRASP_VNS,5,1.0000,true,,,3338
1,2028-02-08,ACS,1,1.0000,true,,,3470
1,2028-02-08,ACS,2,1.0000,true,,,3470
1,2028-02-08,ACS,3,1.0000,true,,,3470
1,2028-02-08,ACS,4,1.0000,true,,,3470
1,2028-02-08,ACS,5,1.0000,true,,,3470
1,2028-02-08,GRASP_VNS,1,1.0000,true,,,3470
1,2028-02-08,GRASP_VNS,2,1.0000,true,,,3470
1,2028-02-08,GRASP_VNS,3,1.0000,true,,,3470
1,2028-02-08,GRASP_VNS,4,1.0000,false,73.7060,238.0033,3470
1,2028-02-08,GRASP_VNS,5,1.0000,true,,,3470
1,2028-01-02,ACS,1,1.0000,true,,,3368
1,2028-01-02,ACS,2,1.0000,true,,,3368
1,2028-01-02,ACS,3,1.0000,true,,,3368
1,2028-01-02,ACS,4,1.0000,true,,,3368
1,2028-01-02,ACS,5,1.0000,true,,,3368
1,2028-01-02,GRASP_VNS,1,1.0000,true,,,3368
1,2028-01-02,GRASP_VNS,2,1.0000,false,77.1583,242.1178,3368
1,2028-01-02,GRASP_VNS,3,1.0000,true,,,3368
1,2028-01-02,GRASP_VNS,4,1.0000,true,,,3368
1,2028-01-02,GRASP_VNS,5,1.0000,true,,,3368
1,2028-02-06,ACS,1,1.0000,true,,,3370
1,2028-02-06,ACS,2,1.0000,true,,,3370
1,2028-02-06,ACS,3,1.0000,true,,,3370
1,2028-02-06,ACS,4,1.0000,true,,,3370
1,2028-02-06,ACS,5,1.0000,true,,,3370
1,2028-02-06,GRASP_VNS,1,1.0000,true,,,3370
1,2028-02-06,GRASP_VNS,2,1.0000,true,,,3370
1,2028-02-06,GRASP_VNS,3,1.0000,true,,,3370
1,2028-02-06,GRASP_VNS,4,1.0000,true,,,3370
1,2028-02-06,GRASP_VNS,5,1.0000,true,,,3370
1,2028-02-05,ACS,1,1.0000,true,,,3271
1,2028-02-05,ACS,2,1.0000,true,,,3271
1,2028-02-05,ACS,3,1.0000,true,,,3271
1,2028-02-05,ACS,4,1.0000,true,,,3271
1,2028-02-05,ACS,5,1.0000,true,,,3271
1,2028-02-05,GRASP_VNS,1,1.0000,true,,,3271
1,2028-02-05,GRASP_VNS,2,1.0000,true,,,3271
1,2028-02-05,GRASP_VNS,3,1.0000,true,,,3271
1,2028-02-05,GRASP_VNS,4,1.0000,true,,,3271
1,2028-02-05,GRASP_VNS,5,1.0000,true,,,3271
1,2027-12-06,ACS,1,1.0000,true,,,3242
1,2027-12-06,ACS,2,1.0000,true,,,3242
1,2027-12-06,ACS,3,1.0000,true,,,3242
1,2027-12-06,ACS,4,1.0000,true,,,3242
1,2027-12-06,ACS,5,1.0000,true,,,3242
1,2027-12-06,GRASP_VNS,1,1.0000,false,72.8570,249.1187,3242
1,2027-12-06,GRASP_VNS,2,1.0000,false,71.2540,243.9799,3242
1,2027-12-06,GRASP_VNS,3,1.0000,false,72.7459,249.6154,3242
1,2027-12-06,GRASP_VNS,4,1.0000,false,73.7081,248.4548,3242
1,2027-12-06,GRASP_VNS,5,1.0000,false,72.6707,247.3629,3242
1,2028-01-08,ACS,1,1.0000,true,,,3383
1,2028-01-08,ACS,2,1.0000,true,,,3383
1,2028-01-08,ACS,3,1.0000,true,,,3383
1,2028-01-08,ACS,4,1.0000,true,,,3383
1,2028-01-08,ACS,5,1.0000,true,,,3383
1,2028-01-08,GRASP_VNS,1,1.0000,false,76.5967,238.8880,3383
1,2028-01-08,GRASP_VNS,2,1.0000,true,,,3383
1,2028-01-08,GRASP_VNS,3,1.0000,true,,,3383
1,2028-01-08,GRASP_VNS,4,1.0000,true,,,3383
1,2028-01-08,GRASP_VNS,5,1.0000,false,76.5747,241.9214,3383
1,2027-11-07,ACS,1,1.0000,true,,,3225
1,2027-11-07,ACS,2,1.0000,true,,,3225
1,2027-11-07,ACS,3,1.0000,true,,,3225
1,2027-11-07,ACS,4,1.0000,true,,,3225
1,2027-11-07,ACS,5,1.0000,true,,,3225
1,2027-11-07,GRASP_VNS,1,1.0000,false,73.9038,247.3966,3225
1,2027-11-07,GRASP_VNS,2,1.0000,false,73.8619,241.9153,3225
1,2027-11-07,GRASP_VNS,3,1.0000,true,,,3225
1,2027-11-07,GRASP_VNS,4,1.0000,true,,,3225
1,2027-11-07,GRASP_VNS,5,1.0000,false,74.1712,243.6847,3225
1,2027-10-03,ACS,1,1.0000,true,,,3134
1,2027-10-03,ACS,2,1.0000,true,,,3134
1,2027-10-03,ACS,3,1.0000,true,,,3134
1,2027-10-03,ACS,4,1.0000,true,,,3134
1,2027-10-03,ACS,5,1.0000,true,,,3134
1,2027-10-03,GRASP_VNS,1,1.0000,false,65.7811,235.3820,3134
1,2027-10-03,GRASP_VNS,2,1.0000,false,67.0693,244.9457,3134
1,2027-10-03,GRASP_VNS,3,1.0000,false,66.5899,237.8065,3134
1,2027-10-03,GRASP_VNS,4,1.0000,false,66.6375,244.6486,3134
1,2027-10-03,GRASP_VNS,5,1.0000,false,65.8043,240.5314,3134
1,2028-01-07,ACS,1,1.0000,true,,,3232
1,2028-01-07,ACS,2,1.0000,true,,,3232
1,2028-01-07,ACS,3,1.0000,true,,,3232
1,2028-01-07,ACS,4,1.0000,true,,,3232
1,2028-01-07,ACS,5,1.0000,true,,,3232
1,2028-01-07,GRASP_VNS,1,1.0000,true,,,3232
1,2028-01-07,GRASP_VNS,2,1.0000,false,69.8693,237.2645,3232
1,2028-01-07,GRASP_VNS,3,1.0000,true,,,3232
1,2028-01-07,GRASP_VNS,4,1.0000,true,,,3232
1,2028-01-07,GRASP_VNS,5,1.0000,false,72.7621,243.6843,3232
1,2027-10-09,ACS,1,1.0000,true,,,3192
1,2027-10-09,ACS,2,1.0000,true,,,3192
1,2027-10-09,ACS,3,1.0000,true,,,3192
1,2027-10-09,ACS,4,1.0000,true,,,3192
1,2027-10-09,ACS,5,1.0000,true,,,3192
1,2027-10-09,GRASP_VNS,1,1.0000,false,70.8980,242.5086,3192
1,2027-10-09,GRASP_VNS,2,1.0000,false,69.7996,239.3322,3192
1,2027-10-09,GRASP_VNS,3,1.0000,false,70.7751,238.6918,3192
1,2027-10-09,GRASP_VNS,4,1.0000,false,70.8045,247.7089,3192
1,2027-10-09,GRASP_VNS,5,1.0000,false,69.9942,240.0240,3192
1,2028-04-05,ACS,1,1.0000,true,,,3247
1,2028-04-05,ACS,2,1.0000,true,,,3247
1,2028-04-05,ACS,3,1.0000,true,,,3247
1,2028-04-05,ACS,4,1.0000,true,,,3247
1,2028-04-05,ACS,5,1.0000,true,,,3247
1,2028-04-05,GRASP_VNS,1,1.0000,true,,,3247
1,2028-04-05,GRASP_VNS,2,1.0000,true,,,3247
1,2028-04-05,GRASP_VNS,3,1.0000,true,,,3247
1,2028-04-05,GRASP_VNS,4,1.0000,true,,,3247
1,2028-04-05,GRASP_VNS,5,1.0000,false,75.5134,251.4200,3247
1,2028-01-04,ACS,1,1.0000,true,,,3294
1,2028-01-04,ACS,2,1.0000,true,,,3294
1,2028-01-04,ACS,3,1.0000,true,,,3294
1,2028-01-04,ACS,4,1.0000,true,,,3294
1,2028-01-04,ACS,5,1.0000,true,,,3294
1,2028-01-04,GRASP_VNS,1,1.0000,false,66.4966,249.3426,3294
1,2028-01-04,GRASP_VNS,2,1.0000,false,66.3619,252.2612,3294
1,2028-01-04,GRASP_VNS,3,1.0000,false,66.8440,247.7388,3294
1,2028-01-04,GRASP_VNS,4,1.0000,false,65.7489,247.8149,3294
1,2028-01-04,GRASP_VNS,5,1.0000,false,66.4082,246.6869,3294
1,2027-10-07,ACS,1,1.0000,true,,,3160
1,2027-10-07,ACS,2,1.0000,true,,,3160
1,2027-10-07,ACS,3,1.0000,true,,,3160
1,2027-10-07,ACS,4,1.0000,true,,,3160
1,2027-10-07,ACS,5,1.0000,true,,,3160
1,2027-10-07,GRASP_VNS,1,1.0000,true,,,3160
1,2027-10-07,GRASP_VNS,2,1.0000,true,,,3160
1,2027-10-07,GRASP_VNS,3,1.0000,true,,,3160
1,2027-10-07,GRASP_VNS,4,1.0000,true,,,3160
1,2027-10-07,GRASP_VNS,5,1.0000,false,66.7314,244.6713,3160
1,2028-04-07,ACS,1,1.0000,true,,,3162
1,2028-04-07,ACS,2,1.0000,true,,,3162
1,2028-04-07,ACS,3,1.0000,true,,,3162
1,2028-04-07,ACS,4,1.0000,true,,,3162
1,2028-04-07,ACS,5,1.0000,true,,,3162
1,2028-04-07,GRASP_VNS,1,1.0000,true,,,3162
1,2028-04-07,GRASP_VNS,2,1.0000,true,,,3162
1,2028-04-07,GRASP_VNS,3,1.0000,true,,,3162
1,2028-04-07,GRASP_VNS,4,1.0000,true,,,3162
1,2028-04-07,GRASP_VNS,5,1.0000,true,,,3162
1,2028-03-06,ACS,1,1.0000,false,50.8110,150.2140,3153
1,2028-03-06,ACS,2,1.0000,true,,,3153
1,2028-03-06,ACS,3,1.0000,false,50.9938,153.5579,3153
1,2028-03-06,ACS,4,1.0000,true,,,3153
1,2028-03-06,ACS,5,1.0000,false,49.9387,152.8737,3153
1,2028-03-06,GRASP_VNS,1,1.0000,false,66.7509,256.3053,3153
1,2028-03-06,GRASP_VNS,2,1.0000,false,67.8943,252.9158,3153
1,2028-03-06,GRASP_VNS,3,1.0000,false,67.6409,258.4456,3153
1,2028-03-06,GRASP_VNS,4,1.0000,false,67.6487,250.9404,3153
1,2028-03-06,GRASP_VNS,5,1.0000,false,64.3944,251.3649,3153
1,2028-03-02,ACS,1,1.0000,true,,,3126
1,2028-03-02,ACS,2,1.0000,true,,,3126
1,2028-03-02,ACS,3,1.0000,true,,,3126
1,2028-03-02,ACS,4,1.0000,true,,,3126
1,2028-03-02,ACS,5,1.0000,true,,,3126
1,2028-03-02,GRASP_VNS,1,1.0000,false,68.1554,252.3327,3126
1,2028-03-02,GRASP_VNS,2,1.0000,false,65.8801,254.7046,3126
1,2028-03-02,GRASP_VNS,3,1.0000,false,67.2012,248.9004,3126
1,2028-03-02,GRASP_VNS,4,1.0000,false,66.9627,244.6708,3126
1,2028-03-02,GRASP_VNS,5,1.0000,false,66.4623,245.0783,3126
1,2027-12-01,ACS,1,1.0000,true,,,3142
1,2027-12-01,ACS,2,1.0000,true,,,3142
1,2027-12-01,ACS,3,1.0000,true,,,3142
1,2027-12-01,ACS,4,1.0000,true,,,3142
1,2027-12-01,ACS,5,1.0000,true,,,3142
1,2027-12-01,GRASP_VNS,1,1.0000,false,63.9402,250.0842,3142
1,2027-12-01,GRASP_VNS,2,1.0000,false,63.7343,250.6720,3142
1,2027-12-01,GRASP_VNS,3,1.0000,false,66.8240,259.8620,3142
1,2027-12-01,GRASP_VNS,4,1.0000,false,65.3667,249.4910,3142
1,2027-12-01,GRASP_VNS,5,1.0000,false,66.4047,255.4319,3142
1,2028-03-05,ACS,1,1.0000,true,,,3007
1,2028-03-05,ACS,2,1.0000,true,,,3007
1,2028-03-05,ACS,3,1.0000,true,,,3007
1,2028-03-05,ACS,4,1.0000,true,,,3007
1,2028-03-05,ACS,5,1.0000,true,,,3007
1,2028-03-05,GRASP_VNS,1,1.0000,false,62.6197,245.9409,3007
1,2028-03-05,GRASP_VNS,2,1.0000,false,63.5097,256.4606,3007
1,2028-03-05,GRASP_VNS,3,1.0000,false,64.0206,255.7527,3007
1,2028-03-05,GRASP_VNS,4,1.0000,false,62.6533,247.7115,3007
1,2028-03-05,GRASP_VNS,5,1.0000,false,64.3566,255.6380,3007
1,2028-03-07,ACS,1,1.0000,true,,,2996
1,2028-03-07,ACS,2,1.0000,true,,,2996
1,2028-03-07,ACS,3,1.0000,true,,,2996
1,2028-03-07,ACS,4,1.0000,true,,,2996
1,2028-03-07,ACS,5,1.0000,true,,,2996
1,2028-03-07,GRASP_VNS,1,1.0000,false,66.4247,251.9928,2996
1,2028-03-07,GRASP_VNS,2,1.0000,false,66.9195,251.8710,2996
1,2028-03-07,GRASP_VNS,3,1.0000,false,68.8498,258.8548,2996
1,2028-03-07,GRASP_VNS,4,1.0000,false,68.6799,252.1004,2996
1,2028-03-07,GRASP_VNS,5,1.0000,false,67.7008,254.7832,2996
1,2027-10-10,ACS,1,1.0000,true,,,2998
1,2027-10-10,ACS,2,1.0000,true,,,2998
1,2027-10-10,ACS,3,1.0000,true,,,2998
1,2027-10-10,ACS,4,1.0000,true,,,2998
1,2027-10-10,ACS,5,1.0000,true,,,2998
1,2027-10-10,GRASP_VNS,1,1.0000,false,69.5263,238.1928,2998
1,2027-10-10,GRASP_VNS,2,1.0000,true,,,2998
1,2027-10-10,GRASP_VNS,3,1.0000,false,70.2155,237.5315,2998
1,2027-10-10,GRASP_VNS,4,1.0000,true,,,2998
1,2027-10-10,GRASP_VNS,5,1.0000,false,71.4582,239.4198,2998
1,2028-01-05,ACS,1,1.0000,true,,,3223
1,2028-01-05,ACS,2,1.0000,true,,,3223
1,2028-01-05,ACS,3,1.0000,true,,,3223
1,2028-01-05,ACS,4,1.0000,true,,,3223
1,2028-01-05,ACS,5,1.0000,true,,,3223
1,2028-01-05,GRASP_VNS,1,1.0000,false,66.9997,252.6282,3223
1,2028-01-05,GRASP_VNS,2,1.0000,false,64.0362,253.0253,3223
1,2028-01-05,GRASP_VNS,3,1.0000,false,66.2832,256.4061,3223
1,2028-01-05,GRASP_VNS,4,1.0000,false,65.9605,256.8087,3223
1,2028-01-05,GRASP_VNS,5,1.0000,false,68.0602,255.9495,3223
1,2027-11-03,ACS,1,1.0000,false,46.9131,145.3038,3027
1,2027-11-03,ACS,2,1.0000,true,,,3027
1,2027-11-03,ACS,3,1.0000,false,47.1056,146.2514,3027
1,2027-11-03,ACS,4,1.0000,true,,,3027
1,2027-11-03,ACS,5,1.0000,true,,,3027
1,2027-11-03,GRASP_VNS,1,1.0000,false,61.4431,241.1031,3027
1,2027-11-03,GRASP_VNS,2,1.0000,false,60.4739,245.8065,3027
1,2027-11-03,GRASP_VNS,3,1.0000,false,61.0898,240.4485,3027
1,2027-11-03,GRASP_VNS,4,1.0000,false,61.8340,242.7649,3027
1,2027-11-03,GRASP_VNS,5,1.0000,false,63.2311,245.9729,3027
1,2028-03-08,ACS,1,1.0000,true,,,3024
1,2028-03-08,ACS,2,1.0000,true,,,3024
1,2028-03-08,ACS,3,1.0000,true,,,3024
1,2028-03-08,ACS,4,1.0000,true,,,3024
1,2028-03-08,ACS,5,1.0000,true,,,3024
1,2028-03-08,GRASP_VNS,1,1.0000,false,65.4368,248.0163,3024
1,2028-03-08,GRASP_VNS,2,1.0000,false,66.9364,250.1341,3024
1,2028-03-08,GRASP_VNS,3,1.0000,false,68.8419,253.8877,3024
1,2028-03-08,GRASP_VNS,4,1.0000,false,67.4698,260.2862,3024
1,2028-03-08,GRASP_VNS,5,1.0000,false,67.6828,247.6087,3024
1,2027-09-03,ACS,1,1.0000,true,,,3039
1,2027-09-03,ACS,2,1.0000,true,,,3039
1,2027-09-03,ACS,3,1.0000,true,,,3039
1,2027-09-03,ACS,4,1.0000,true,,,3039
1,2027-09-03,ACS,5,1.0000,false,49.7969,153.6515,3039
1,2027-09-03,GRASP_VNS,1,1.0000,false,65.7766,257.4828,3039
1,2027-09-03,GRASP_VNS,2,1.0000,false,62.9385,253.3811,3039
1,2027-09-03,GRASP_VNS,3,1.0000,false,62.8380,248.1579,3039
1,2027-09-03,GRASP_VNS,4,1.0000,false,66.1265,251.3049,3039
1,2027-09-03,GRASP_VNS,5,1.0000,false,62.9712,250.1143,3039
1,2027-09-06,ACS,1,1.0000,true,,,3092
1,2027-09-06,ACS,2,1.0000,true,,,3092
1,2027-09-06,ACS,3,1.0000,true,,,3092
1,2027-09-06,ACS,4,1.0000,true,,,3092
1,2027-09-06,ACS,5,1.0000,false,51.8040,159.5727,3092
1,2027-09-06,GRASP_VNS,1,1.0000,false,64.7360,254.7053,3092
1,2027-09-06,GRASP_VNS,2,1.0000,false,61.6385,247.7017,3092
1,2027-09-06,GRASP_VNS,3,1.0000,false,62.3499,253.4236,3092
1,2027-09-06,GRASP_VNS,4,1.0000,false,63.8259,251.3573,3092
1,2027-09-06,GRASP_VNS,5,1.0000,false,62.4957,254.8766,3092
1,2027-11-09,ACS,1,1.0000,false,49.0323,151.9687,3029
1,2027-11-09,ACS,2,1.0000,false,47.8195,150.4254,3029
1,2027-11-09,ACS,3,1.0000,true,,,3029
1,2027-11-09,ACS,4,1.0000,false,46.8835,151.8674,3029
1,2027-11-09,ACS,5,1.0000,false,46.3863,151.6004,3029
1,2027-11-09,GRASP_VNS,1,1.0000,false,59.0070,243.1123,3029
1,2027-11-09,GRASP_VNS,2,1.0000,false,60.6095,249.6298,3029
1,2027-11-09,GRASP_VNS,3,1.0000,false,57.3104,236.5506,3029
1,2027-11-09,GRASP_VNS,4,1.0000,false,60.4816,248.8600,3029
1,2027-11-09,GRASP_VNS,5,1.0000,false,59.5808,241.9650,3029
1,2028-01-06,ACS,1,1.0000,true,,,2981
1,2028-01-06,ACS,2,1.0000,true,,,2981
1,2028-01-06,ACS,3,1.0000,true,,,2981
1,2028-01-06,ACS,4,1.0000,false,47.9403,152.2756,2981
1,2028-01-06,ACS,5,1.0000,false,46.8283,151.2048,2981
1,2028-01-06,GRASP_VNS,1,1.0000,false,61.6636,253.2570,2981
1,2028-01-06,GRASP_VNS,2,1.0000,false,63.8352,251.2998,2981
1,2028-01-06,GRASP_VNS,3,1.0000,false,62.7537,251.6760,2981
1,2028-01-06,GRASP_VNS,4,1.0000,false,63.2169,249.4525,2981
1,2028-01-06,GRASP_VNS,5,1.0000,false,62.2433,249.8250,2981
1,2028-02-01,ACS,1,1.0000,false,53.3041,155.8870,2934
1,2028-02-01,ACS,2,1.0000,true,,,2934
1,2028-02-01,ACS,3,1.0000,true,,,2934
1,2028-02-01,ACS,4,1.0000,true,,,2934
1,2028-02-01,ACS,5,1.0000,true,,,2934
1,2028-02-01,GRASP_VNS,1,1.0000,false,60.7348,249.0613,2934
1,2028-02-01,GRASP_VNS,2,1.0000,false,56.7878,234.7663,2934
1,2028-02-01,GRASP_VNS,3,1.0000,false,60.9864,242.6590,2934
1,2028-02-01,GRASP_VNS,4,1.0000,false,60.5229,252.6073,2934
1,2028-02-01,GRASP_VNS,5,1.0000,false,59.6878,247.5575,2934
1,2027-08-03,ACS,1,1.0000,false,45.4900,151.5923,2885
1,2027-08-03,ACS,2,1.0000,true,,,2885
1,2027-08-03,ACS,3,1.0000,false,45.2205,154.6885,2885
1,2027-08-03,ACS,4,1.0000,true,,,2885
1,2027-08-03,ACS,5,1.0000,false,42.9951,149.8404,2885
1,2027-08-03,GRASP_VNS,1,1.0000,false,58.1138,256.2058,2885
1,2027-08-03,GRASP_VNS,2,1.0000,false,59.7396,263.2058,2885
1,2027-08-03,GRASP_VNS,3,1.0000,false,56.7619,249.1865,2885
1,2027-08-03,GRASP_VNS,4,1.0000,false,57.8695,251.9673,2885
1,2027-08-03,GRASP_VNS,5,1.0000,false,57.1259,251.8673,2885
1,2028-02-04,ACS,1,1.0000,true,,,2972
1,2028-02-04,ACS,2,1.0000,true,,,2972
1,2028-02-04,ACS,3,1.0000,true,,,2972
1,2028-02-04,ACS,4,1.0000,true,,,2972
1,2028-02-04,ACS,5,1.0000,true,,,2972
1,2028-02-04,GRASP_VNS,1,1.0000,false,66.8370,250.7977,2972
1,2028-02-04,GRASP_VNS,2,1.0000,false,68.6415,254.6975,2972
1,2028-02-04,GRASP_VNS,3,1.0000,false,68.5528,256.3006,2972
1,2028-02-04,GRASP_VNS,4,1.0000,false,68.6029,258.9653,2972
1,2028-02-04,GRASP_VNS,5,1.0000,false,69.3904,262.5645,2972
1,2027-08-05,ACS,1,1.0000,true,,,2849
1,2027-08-05,ACS,2,1.0000,true,,,2849
1,2027-08-05,ACS,3,1.0000,true,,,2849
1,2027-08-05,ACS,4,1.0000,true,,,2849
1,2027-08-05,ACS,5,1.0000,true,,,2849
1,2027-08-05,GRASP_VNS,1,1.0000,false,62.1927,250.5185,2849
1,2027-08-05,GRASP_VNS,2,1.0000,false,65.9513,254.3528,2849
1,2027-08-05,GRASP_VNS,3,1.0000,false,64.5012,250.4055,2849
1,2027-08-05,GRASP_VNS,4,1.0000,false,60.4165,243.1988,2849
1,2027-08-05,GRASP_VNS,5,1.0000,false,64.2923,248.3431,2849
1,2028-01-03,ACS,1,1.0000,false,47.4449,159.0138,2830
1,2028-01-03,ACS,2,1.0000,true,,,2830
1,2028-01-03,ACS,3,1.0000,false,45.1574,156.5748,2830
1,2028-01-03,ACS,4,1.0000,true,,,2830
1,2028-01-03,ACS,5,1.0000,false,45.2720,156.8248,2830
1,2028-01-03,GRASP_VNS,1,1.0000,false,58.6984,254.0846,2830
1,2028-01-03,GRASP_VNS,2,1.0000,false,57.8520,254.0453,2830
1,2028-01-03,GRASP_VNS,3,1.0000,false,58.9970,245.5472,2830
1,2028-01-03,GRASP_VNS,4,1.0000,false,59.8012,253.7697,2830
1,2028-01-03,GRASP_VNS,5,1.0000,false,59.3953,260.4469,2830
1,2028-07-07,ACS,1,1.0000,false,45.7850,157.0118,2769
1,2028-07-07,ACS,2,1.0000,false,47.6008,159.1299,2769
1,2028-07-07,ACS,3,1.0000,true,,,2769
1,2028-07-07,ACS,4,1.0000,true,,,2769
1,2028-07-07,ACS,5,1.0000,false,46.5691,158.0098,2769
1,2028-07-07,GRASP_VNS,1,1.0000,false,56.1226,245.4665,2769
1,2028-07-07,GRASP_VNS,2,1.0000,false,56.4690,250.4370,2769
1,2028-07-07,GRASP_VNS,3,1.0000,false,59.0326,254.5177,2769
1,2028-07-07,GRASP_VNS,4,1.0000,false,56.9235,250.7303,2769
1,2028-07-07,GRASP_VNS,5,1.0000,false,60.9540,252.8406,2769
1,2027-09-07,ACS,1,1.0000,true,,,2730
1,2027-09-07,ACS,2,1.0000,true,,,2730
1,2027-09-07,ACS,3,1.0000,true,,,2730
1,2027-09-07,ACS,4,1.0000,false,48.0585,153.7653,2730
1,2027-09-07,ACS,5,1.0000,true,,,2730
1,2027-09-07,GRASP_VNS,1,1.0000,false,59.8609,243.7949,2730
1,2027-09-07,GRASP_VNS,2,1.0000,false,63.9937,249.7633,2730
1,2027-09-07,GRASP_VNS,3,1.0000,false,64.4798,257.5621,2730
1,2027-09-07,GRASP_VNS,4,1.0000,false,65.6661,254.1519,2730
1,2027-09-07,GRASP_VNS,5,1.0000,false,60.6320,245.5148,2730
1,2027-12-09,ACS,1,1.0000,true,,,2665
1,2027-12-09,ACS,2,1.0000,true,,,2665
1,2027-12-09,ACS,3,1.0000,false,45.0193,161.1554,2665
1,2027-12-09,ACS,4,1.0000,true,,,2665
1,2027-12-09,ACS,5,1.0000,false,42.4460,155.4024,2665
1,2027-12-09,GRASP_VNS,1,1.0000,false,55.0884,244.7450,2665
1,2027-12-09,GRASP_VNS,2,1.0000,false,55.7339,260.9661,2665
1,2027-12-09,GRASP_VNS,3,1.0000,false,57.1691,256.8267,2665
1,2027-12-09,GRASP_VNS,4,1.0000,false,52.3912,247.3426,2665
1,2027-12-09,GRASP_VNS,5,1.0000,false,55.1359,256.8725,2665
1,2027-11-04,ACS,1,1.0000,true,,,2859
1,2027-11-04,ACS,2,1.0000,true,,,2859
1,2027-11-04,ACS,3,1.0000,true,,,2859
1,2027-11-04,ACS,4,1.0000,false,46.3580,159.8124,2859
1,2027-11-04,ACS,5,1.0000,true,,,2859
1,2027-11-04,GRASP_VNS,1,1.0000,false,57.1768,253.8802,2859
1,2027-11-04,GRASP_VNS,2,1.0000,false,59.0520,257.8104,2859
1,2027-11-04,GRASP_VNS,3,1.0000,false,59.2692,255.9920,2859
1,2027-11-04,GRASP_VNS,4,1.0000,false,57.8953,253.3014,2859
1,2027-11-04,GRASP_VNS,5,1.0000,false,60.6475,262.9082,2859
1,2027-08-01,ACS,1,1.0000,false,39.6389,155.6437,2703
1,2027-08-01,ACS,2,1.0000,false,41.0105,156.2794,2703
1,2027-08-01,ACS,3,1.0000,false,42.0685,161.3745,2703
1,2027-08-01,ACS,4,1.0000,false,40.6588,156.6518,2703
1,2027-08-01,ACS,5,1.0000,false,40.4406,156.2591,2703
1,2027-08-01,GRASP_VNS,1,1.0000,false,50.1769,244.4332,2703
1,2027-08-01,GRASP_VNS,2,1.0000,false,52.8361,246.2389,2703
1,2027-08-01,GRASP_VNS,3,1.0000,false,51.3437,252.4798,2703
1,2027-08-01,GRASP_VNS,4,1.0000,false,49.3168,244.8036,2703
1,2027-08-01,GRASP_VNS,5,1.0000,false,52.1826,255.1113,2703
1,2027-11-02,ACS,1,1.0000,true,,,2759
1,2027-11-02,ACS,2,1.0000,true,,,2759
1,2027-11-02,ACS,3,1.0000,false,44.2848,153.0610,2759
1,2027-11-02,ACS,4,1.0000,false,44.2265,155.4350,2759
1,2027-11-02,ACS,5,1.0000,true,,,2759
1,2027-11-02,GRASP_VNS,1,1.0000,false,58.8003,254.8171,2759
1,2027-11-02,GRASP_VNS,2,1.0000,false,58.7646,252.5976,2759
1,2027-11-02,GRASP_VNS,3,1.0000,false,57.7605,255.3699,2759
1,2027-11-02,GRASP_VNS,4,1.0000,false,58.3074,247.3435,2759
1,2027-11-02,GRASP_VNS,5,1.0000,false,56.9937,248.6280,2759
1,2027-12-02,ACS,1,1.0000,false,40.5662,155.1520,2633
1,2027-12-02,ACS,2,1.0000,false,41.2953,157.0411,2633
1,2027-12-02,ACS,3,1.0000,true,,,2633
1,2027-12-02,ACS,4,1.0000,false,41.0488,156.0534,2633
1,2027-12-02,ACS,5,1.0000,false,41.7089,162.5688,2633
1,2027-12-02,GRASP_VNS,1,1.0000,false,50.4140,238.2341,2633
1,2027-12-02,GRASP_VNS,2,1.0000,false,52.7023,239.2485,2633
1,2027-12-02,GRASP_VNS,3,1.0000,false,49.9684,234.4271,2633
1,2027-12-02,GRASP_VNS,4,1.0000,false,51.5216,240.8214,2633
1,2027-12-02,GRASP_VNS,5,1.0000,false,50.2343,237.0637,2633
1,2027-12-04,ACS,1,1.0000,false,40.4895,158.2412,2732
1,2027-12-04,ACS,2,1.0000,false,41.8713,161.1691,2732
1,2027-12-04,ACS,3,1.0000,true,,,2732
1,2027-12-04,ACS,4,1.0000,false,40.6010,162.3340,2732
1,2027-12-04,ACS,5,1.0000,false,42.4179,161.9918,2732
1,2027-12-04,GRASP_VNS,1,1.0000,false,56.3833,247.5711,2732
1,2027-12-04,GRASP_VNS,2,1.0000,false,55.9457,260.5320,2732
1,2027-12-04,GRASP_VNS,3,1.0000,false,56.6489,257.8124,2732
1,2027-12-04,GRASP_VNS,4,1.0000,false,56.9282,264.0845,2732
1,2027-12-04,GRASP_VNS,5,1.0000,false,55.9117,253.0247,2732
1,2027-08-07,ACS,1,1.0000,false,38.8360,158.1364,2741
1,2027-08-07,ACS,2,1.0000,false,40.5269,162.8802,2741
1,2027-08-07,ACS,3,1.0000,false,40.1944,163.2810,2741
1,2027-08-07,ACS,4,1.0000,false,40.0504,162.9318,2741
1,2027-08-07,ACS,5,1.0000,false,40.2709,162.6756,2741
1,2027-08-07,GRASP_VNS,1,1.0000,false,50.2839,253.9979,2741
1,2027-08-07,GRASP_VNS,2,1.0000,false,51.4169,245.4463,2741
1,2027-08-07,GRASP_VNS,3,1.0000,false,50.9205,252.3120,2741
1,2027-08-07,GRASP_VNS,4,1.0000,false,50.5976,249.0950,2741
1,2027-08-07,GRASP_VNS,5,1.0000,false,50.6185,249.8017,2741
1,2027-10-05,ACS,1,1.0000,true,,,2618
1,2027-10-05,ACS,2,1.0000,false,40.5173,151.3017,2618
1,2027-10-05,ACS,3,1.0000,false,39.8757,155.7231,2618
1,2027-10-05,ACS,4,1.0000,false,41.2694,156.8450,2618
1,2027-10-05,ACS,5,1.0000,false,40.8780,156.5785,2618
1,2027-10-05,GRASP_VNS,1,1.0000,false,53.5768,245.5372,2618
1,2027-10-05,GRASP_VNS,2,1.0000,false,54.0235,248.7252,2618
1,2027-10-05,GRASP_VNS,3,1.0000,false,53.3794,243.4566,2618
1,2027-10-05,GRASP_VNS,4,1.0000,false,50.4922,243.2169,2618
1,2027-10-05,GRASP_VNS,5,1.0000,false,53.2328,242.1467,2618
1,2027-12-03,ACS,1,1.0000,false,39.3701,152.1573,2599
1,2027-12-03,ACS,2,1.0000,false,37.9220,149.9482,2599
1,2027-12-03,ACS,3,1.0000,false,39.0211,152.0518,2599
1,2027-12-03,ACS,4,1.0000,true,,,2599
1,2027-12-03,ACS,5,1.0000,false,37.9588,148.5176,2599
1,2027-12-03,GRASP_VNS,1,1.0000,false,53.2377,245.9379,2599
1,2027-12-03,GRASP_VNS,2,1.0000,false,51.3134,236.6211,2599
1,2027-12-03,GRASP_VNS,3,1.0000,false,49.4336,244.3520,2599
1,2027-12-03,GRASP_VNS,4,1.0000,false,50.8269,243.4079,2599
1,2027-12-03,GRASP_VNS,5,1.0000,false,49.2643,241.6087,2599
1,2028-11-06,ACS,1,1.0000,true,,,2629
1,2028-11-06,ACS,2,1.0000,false,41.8362,154.5259,2629
1,2028-11-06,ACS,3,1.0000,false,41.1748,155.0828,2629
1,2028-11-06,ACS,4,1.0000,true,,,2629
1,2028-11-06,ACS,5,1.0000,false,42.6120,158.3023,2629
1,2028-11-06,GRASP_VNS,1,1.0000,false,51.2150,243.4513,2629
1,2028-11-06,GRASP_VNS,2,1.0000,false,54.4950,249.8530,2629
1,2028-11-06,GRASP_VNS,3,1.0000,false,51.8155,250.3478,2629
1,2028-11-06,GRASP_VNS,4,1.0000,false,53.8277,251.4431,2629
1,2028-11-06,GRASP_VNS,5,1.0000,false,54.0623,250.4431,2629
1,2027-09-05,ACS,1,1.0000,false,38.6660,149.4066,2671
1,2027-09-05,ACS,2,1.0000,false,38.2665,149.1411,2671
1,2027-09-05,ACS,3,1.0000,true,,,2671
1,2027-09-05,ACS,4,1.0000,true,,,2671
1,2027-09-05,ACS,5,1.0000,true,,,2671
1,2027-09-05,GRASP_VNS,1,1.0000,false,52.6516,254.1120,2671
1,2027-09-05,GRASP_VNS,2,1.0000,false,52.5355,248.1598,2671
1,2027-09-05,GRASP_VNS,3,1.0000,false,50.3872,244.9544,2671
1,2027-09-05,GRASP_VNS,4,1.0000,false,50.5459,238.2137,2671
1,2027-09-05,GRASP_VNS,5,1.0000,false,52.9098,250.0311,2671
1,2027-07-04,ACS,1,1.0000,false,42.9657,150.7583,2637
1,2027-07-04,ACS,2,1.0000,true,,,2637
1,2027-07-04,ACS,3,1.0000,false,40.6944,151.9167,2637
1,2027-07-04,ACS,4,1.0000,false,40.8731,156.3292,2637
1,2027-07-04,ACS,5,1.0000,false,41.2280,156.0188,2637
1,2027-07-04,GRASP_VNS,1,1.0000,false,50.4835,239.0521,2637
1,2027-07-04,GRASP_VNS,2,1.0000,false,51.3626,239.9083,2637
1,2027-07-04,GRASP_VNS,3,1.0000,false,52.3058,247.2625,2637
1,2027-07-04,GRASP_VNS,4,1.0000,false,51.6421,241.6604,2637
1,2027-07-04,GRASP_VNS,5,1.0000,false,50.8601,238.7479,2637
1,2027-09-04,ACS,1,1.0000,false,41.8739,157.6868,2586
1,2027-09-04,ACS,2,1.0000,true,,,2586
1,2027-09-04,ACS,3,1.0000,false,40.2943,153.7453,2586
1,2027-09-04,ACS,4,1.0000,false,38.9861,153.1002,2586
1,2027-09-04,ACS,5,1.0000,true,,,2586
1,2027-09-04,GRASP_VNS,1,1.0000,false,48.8206,238.5470,2586
1,2027-09-04,GRASP_VNS,2,1.0000,false,52.2464,251.4509,2586
1,2027-09-04,GRASP_VNS,3,1.0000,false,48.8396,237.1754,2586
1,2027-09-04,GRASP_VNS,4,1.0000,false,50.0893,240.0271,2586
1,2027-09-04,GRASP_VNS,5,1.0000,false,49.0499,241.6743,2586
1,2027-12-08,ACS,1,1.0000,true,,,2544
1,2027-12-08,ACS,2,1.0000,false,40.6613,154.7055,2544
1,2027-12-08,ACS,3,1.0000,false,41.6628,159.1864,2544
1,2027-12-08,ACS,4,1.0000,false,40.2293,154.7712,2544
1,2027-12-08,ACS,5,1.0000,false,39.1326,153.2415,2544
1,2027-12-08,GRASP_VNS,1,1.0000,false,51.0907,244.8347,2544
1,2027-12-08,GRASP_VNS,2,1.0000,false,50.8519,238.1208,2544
1,2027-12-08,GRASP_VNS,3,1.0000,false,50.3951,243.4449,2544
1,2027-12-08,GRASP_VNS,4,1.0000,false,52.5743,242.2924,2544
1,2027-12-08,GRASP_VNS,5,1.0000,false,53.6703,249.2585,2544
1,2027-06-09,ACS,1,1.0000,false,36.6159,160.9293,2530
1,2027-06-09,ACS,2,1.0000,false,36.6569,161.4754,2530
1,2027-06-09,ACS,3,1.0000,false,37.9330,164.6381,2530
1,2027-06-09,ACS,4,1.0000,false,36.3549,159.6874,2530
1,2027-06-09,ACS,5,1.0000,false,37.4998,159.1349,2530
1,2027-06-09,GRASP_VNS,1,1.0000,false,47.9013,247.9529,2530
1,2027-06-09,GRASP_VNS,2,1.0000,false,46.7986,240.7281,2530
1,2027-06-09,GRASP_VNS,3,1.0000,false,48.3974,249.0771,2530
1,2027-06-09,GRASP_VNS,4,1.0000,false,47.8289,253.5589,2530
1,2027-06-09,GRASP_VNS,5,1.0000,false,47.2297,253.6938,2530
1,2027-07-08,ACS,1,1.0000,true,,,2501
1,2027-07-08,ACS,2,1.0000,false,41.6862,154.9979,2501
1,2027-07-08,ACS,3,1.0000,false,42.4028,159.9936,2501
1,2027-07-08,ACS,4,1.0000,false,42.9435,155.5225,2501
1,2027-07-08,ACS,5,1.0000,false,43.5182,159.8501,2501
1,2027-07-08,GRASP_VNS,1,1.0000,false,49.9212,236.5953,2501
1,2027-07-08,GRASP_VNS,2,1.0000,false,54.6360,249.8437,2501
1,2027-07-08,GRASP_VNS,3,1.0000,false,53.7870,250.4604,2501
1,2027-07-08,GRASP_VNS,4,1.0000,false,52.9582,243.0364,2501
1,2027-07-08,GRASP_VNS,5,1.0000,false,51.5982,245.9722,2501
1,2027-07-11,ACS,1,1.0000,true,,,2551
1,2027-07-11,ACS,2,1.0000,false,37.9198,158.4390,2551
1,2027-07-11,ACS,3,1.0000,false,36.9282,158.9636,2551
1,2027-07-11,ACS,4,1.0000,false,38.0621,157.2291,2551
1,2027-07-11,ACS,5,1.0000,false,38.3585,158.6167,2551
1,2027-07-11,GRASP_VNS,1,1.0000,false,48.0332,243.4004,2551
1,2027-07-11,GRASP_VNS,2,1.0000,false,49.7649,246.6381,2551
1,2027-07-11,GRASP_VNS,3,1.0000,false,48.7402,246.9529,2551
1,2027-07-11,GRASP_VNS,4,1.0000,false,46.0248,238.7687,2551
1,2027-07-11,GRASP_VNS,5,1.0000,false,47.4623,248.4176,2551
1,2027-07-03,ACS,1,1.0000,true,,,2613
1,2027-07-03,ACS,2,1.0000,false,41.3022,164.0172,2613
1,2027-07-03,ACS,3,1.0000,false,41.7894,163.5858,2613
1,2027-07-03,ACS,4,1.0000,false,42.0713,162.8927,2613
1,2027-07-03,ACS,5,1.0000,false,41.4869,160.1094,2613
1,2027-07-03,GRASP_VNS,1,1.0000,false,53.7267,254.9356,2613
1,2027-07-03,GRASP_VNS,2,1.0000,false,52.8012,251.4077,2613
1,2027-07-03,GRASP_VNS,3,1.0000,false,55.3758,260.5730,2613
1,2027-07-03,GRASP_VNS,4,1.0000,false,55.1852,261.8519,2613
1,2027-07-03,GRASP_VNS,5,1.0000,false,53.0567,248.9399,2613
1,2027-10-06,ACS,1,1.0000,false,36.4810,157.5668,2591
1,2027-10-06,ACS,2,1.0000,false,38.4558,155.6832,2591
1,2027-10-06,ACS,3,1.0000,false,37.1393,154.9267,2591
1,2027-10-06,ACS,4,1.0000,false,35.7293,155.6207,2591
1,2027-10-06,ACS,5,1.0000,false,35.4424,155.2909,2591
1,2027-10-06,GRASP_VNS,1,1.0000,false,48.7183,245.2565,2591
1,2027-10-06,GRASP_VNS,2,1.0000,false,50.3337,244.2198,2591
1,2027-10-06,GRASP_VNS,3,1.0000,false,47.6323,241.0022,2591
1,2027-10-06,GRASP_VNS,4,1.0000,false,48.5959,243.7091,2591
1,2027-10-06,GRASP_VNS,5,1.0000,false,48.9901,247.9547,2591
1,2027-11-05,ACS,1,1.0000,false,35.0255,158.6458,2412
1,2027-11-05,ACS,2,1.0000,false,34.3858,156.0130,2412
1,2027-11-05,ACS,3,1.0000,false,35.6559,158.7991,2412
1,2027-11-05,ACS,4,1.0000,false,36.6537,158.2981,2412
1,2027-11-05,ACS,5,1.0000,false,36.0691,157.3348,2412
1,2027-11-05,GRASP_VNS,1,1.0000,false,44.7768,248.8143,2412
1,2027-11-05,GRASP_VNS,2,1.0000,false,45.4855,248.3607,2412
1,2027-11-05,GRASP_VNS,3,1.0000,false,45.0303,245.3607,2412
1,2027-11-05,GRASP_VNS,4,1.0000,false,44.4618,239.3996,2412
1,2027-11-05,GRASP_VNS,5,1.0000,false,44.0887,246.0842,2412
1,2027-06-11,ACS,1,1.0000,false,36.5304,155.3777,2468
1,2027-06-11,ACS,2,1.0000,true,,,2468
1,2027-06-11,ACS,3,1.0000,false,38.0306,154.5175,2468
1,2027-06-11,ACS,4,1.0000,false,37.0400,153.5415,2468
1,2027-06-11,ACS,5,1.0000,false,36.9205,154.5852,2468
1,2027-06-11,GRASP_VNS,1,1.0000,false,49.8726,237.4017,2468
1,2027-06-11,GRASP_VNS,2,1.0000,false,50.2552,243.8690,2468
1,2027-06-11,GRASP_VNS,3,1.0000,false,49.5514,235.7642,2468
1,2027-06-11,GRASP_VNS,4,1.0000,false,49.9391,235.8603,2468
1,2027-06-11,GRASP_VNS,5,1.0000,false,47.4190,231.5983,2468
1,2027-07-02,ACS,1,1.0000,false,38.0736,159.0764,2486
1,2027-07-02,ACS,2,1.0000,false,35.7376,153.2926,2486
1,2027-07-02,ACS,3,1.0000,false,36.0734,157.0066,2486
1,2027-07-02,ACS,4,1.0000,true,,,2486
1,2027-07-02,ACS,5,1.0000,false,36.7137,157.5087,2486
1,2027-07-02,GRASP_VNS,1,1.0000,false,49.9276,248.5961,2486
1,2027-07-02,GRASP_VNS,2,1.0000,false,46.4587,246.8581,2486
1,2027-07-02,GRASP_VNS,3,1.0000,false,47.7252,245.3384,2486
1,2027-07-02,GRASP_VNS,4,1.0000,false,46.5015,249.1681,2486
1,2027-07-02,GRASP_VNS,5,1.0000,false,47.8171,242.5786,2486
1,2027-10-08,ACS,1,1.0000,false,38.9870,163.2948,2511
1,2027-10-08,ACS,2,1.0000,false,39.9726,163.4367,2511
1,2027-10-08,ACS,3,1.0000,false,39.7415,161.1921,2511
1,2027-10-08,ACS,4,1.0000,false,40.6823,163.4192,2511
1,2027-10-08,ACS,5,1.0000,false,39.5341,165.8777,2511
1,2027-10-08,GRASP_VNS,1,1.0000,false,48.8532,254.9039,2511
1,2027-10-08,GRASP_VNS,2,1.0000,false,50.3820,257.5655,2511
1,2027-10-08,GRASP_VNS,3,1.0000,false,49.8401,248.7598,2511
1,2027-10-08,GRASP_VNS,4,1.0000,false,51.1435,253.2424,2511
1,2027-10-08,GRASP_VNS,5,1.0000,false,47.8330,255.7205,2511
1,2027-08-02,ACS,1,1.0000,true,,,2494
1,2027-08-02,ACS,2,1.0000,true,,,2494
1,2027-08-02,ACS,3,1.0000,false,36.3683,160.9292,2494
1,2027-08-02,ACS,4,1.0000,false,36.4077,162.1549,2494
1,2027-08-02,ACS,5,1.0000,true,,,2494
1,2027-08-02,GRASP_VNS,1,1.0000,false,45.3773,247.1283,2494
1,2027-08-02,GRASP_VNS,2,1.0000,false,45.4109,245.3584,2494
1,2027-08-02,GRASP_VNS,3,1.0000,false,44.8657,250.3009,2494
1,2027-08-02,GRASP_VNS,4,1.0000,false,45.3097,248.8783,2494
1,2027-08-02,GRASP_VNS,5,1.0000,false,43.1109,243.2367,2494
1,2027-08-10,ACS,1,1.0000,true,,,2463
1,2027-08-10,ACS,2,1.0000,false,41.6786,157.1596,2463
1,2027-08-10,ACS,3,1.0000,false,41.0537,159.5078,2463
1,2027-08-10,ACS,4,1.0000,false,42.9687,160.1663,2463
1,2027-08-10,ACS,5,1.0000,true,,,2463
1,2027-08-10,GRASP_VNS,1,1.0000,false,51.1699,250.5144,2463
1,2027-08-10,GRASP_VNS,2,1.0000,false,50.9830,256.4346,2463
1,2027-08-10,GRASP_VNS,3,1.0000,false,54.6631,256.3038,2463
1,2027-08-10,GRASP_VNS,4,1.0000,false,50.0686,243.5100,2463
1,2027-08-10,GRASP_VNS,5,1.0000,false,51.4316,251.0732,2463
1,2027-10-04,ACS,1,1.0000,true,,,2437
1,2027-10-04,ACS,2,1.0000,false,43.6018,157.9397,2437
1,2027-10-04,ACS,3,1.0000,false,42.5521,159.4219,2437
1,2027-10-04,ACS,4,1.0000,false,41.2273,156.3371,2437
1,2027-10-04,ACS,5,1.0000,false,42.4711,158.8348,2437
1,2027-10-04,GRASP_VNS,1,1.0000,false,55.3681,256.3661,2437
1,2027-10-04,GRASP_VNS,2,1.0000,false,52.4952,243.6406,2437
1,2027-10-04,GRASP_VNS,3,1.0000,false,54.5072,256.3438,2437
1,2027-10-04,GRASP_VNS,4,1.0000,false,53.4541,253.7165,2437
1,2027-10-04,GRASP_VNS,5,1.0000,false,50.6811,250.3214,2437
1,2027-08-06,ACS,1,1.0000,false,38.5351,166.1351,2533
1,2027-08-06,ACS,2,1.0000,false,40.1790,168.9414,2533
1,2027-08-06,ACS,3,1.0000,false,39.6134,168.3041,2533
1,2027-08-06,ACS,4,1.0000,false,37.9963,166.3333,2533
1,2027-08-06,ACS,5,1.0000,false,38.4822,165.0068,2533
1,2027-08-06,GRASP_VNS,1,1.0000,false,50.6302,263.1667,2533
1,2027-08-06,GRASP_VNS,2,1.0000,false,52.3031,267.2432,2533
1,2027-08-06,GRASP_VNS,3,1.0000,false,51.7834,267.3874,2533
1,2027-08-06,GRASP_VNS,4,1.0000,false,52.3785,269.7635,2533
1,2027-08-06,GRASP_VNS,5,1.0000,false,52.5305,267.5698,2533
1,2027-06-02,ACS,1,1.0000,false,38.8795,168.8846,2461
1,2027-06-02,ACS,2,1.0000,false,38.7068,169.7262,2461
1,2027-06-02,ACS,3,1.0000,false,37.8424,168.5000,2461
1,2027-06-02,ACS,4,1.0000,false,39.1065,167.1109,2461
1,2027-06-02,ACS,5,1.0000,false,36.7070,166.8439,2461
1,2027-06-02,GRASP_VNS,1,1.0000,false,46.0299,251.4593,2461
1,2027-06-02,GRASP_VNS,2,1.0000,false,45.8635,262.9955,2461
1,2027-06-02,GRASP_VNS,3,1.0000,false,45.2605,247.6787,2461
1,2027-06-02,GRASP_VNS,4,1.0000,false,42.7466,238.2036,2461
1,2027-06-02,GRASP_VNS,5,1.0000,false,47.0353,248.6041,2461
1,2027-11-01,ACS,1,1.0000,false,37.8039,163.9615,2406
1,2027-11-01,ACS,2,1.0000,false,36.3054,163.0181,2406
1,2027-11-01,ACS,3,1.0000,false,36.6052,162.0339,2406
1,2027-11-01,ACS,4,1.0000,false,36.7820,160.2081,2406
1,2027-11-01,ACS,5,1.0000,false,36.9370,160.1493,2406
1,2027-11-01,GRASP_VNS,1,1.0000,false,45.4297,252.5724,2406
1,2027-11-01,GRASP_VNS,2,1.0000,false,47.0250,246.3529,2406
1,2027-11-01,GRASP_VNS,3,1.0000,false,47.2720,252.5249,2406
1,2027-11-01,GRASP_VNS,4,1.0000,false,44.4329,247.1629,2406
1,2027-11-01,GRASP_VNS,5,1.0000,false,46.2017,248.2602,2406
1,2027-06-04,ACS,1,1.0000,false,39.0183,167.4535,2430
1,2027-06-04,ACS,2,1.0000,false,37.6988,161.4717,2430
1,2027-06-04,ACS,3,1.0000,true,,,2430
1,2027-06-04,ACS,4,1.0000,false,39.0182,165.2381,2430
1,2027-06-04,ACS,5,1.0000,false,38.7787,164.8231,2430
1,2027-06-04,GRASP_VNS,1,1.0000,false,48.7911,252.5737,2430
1,2027-06-04,GRASP_VNS,2,1.0000,false,45.6021,253.1633,2430
1,2027-06-04,GRASP_VNS,3,1.0000,false,47.2613,245.8435,2430
1,2027-06-04,GRASP_VNS,4,1.0000,false,48.3805,259.0567,2430
1,2027-06-04,GRASP_VNS,5,1.0000,false,47.9596,254.9410,2430
1,2027-07-01,ACS,1,1.0000,false,36.8340,154.8503,2426
1,2027-07-01,ACS,2,1.0000,false,35.3120,153.8571,2426
1,2027-07-01,ACS,3,1.0000,false,33.8535,151.1905,2426
1,2027-07-01,ACS,4,1.0000,false,36.5782,152.6735,2426
1,2027-07-01,ACS,5,1.0000,false,36.2644,154.3016,2426
1,2027-07-01,GRASP_VNS,1,1.0000,false,46.8222,247.8435,2426
1,2027-07-01,GRASP_VNS,2,1.0000,false,48.8091,245.1882,2426
1,2027-07-01,GRASP_VNS,3,1.0000,false,48.0776,247.4082,2426
1,2027-07-01,GRASP_VNS,4,1.0000,false,46.5106,248.6100,2426
1,2027-07-01,GRASP_VNS,5,1.0000,false,49.2137,258.0680,2426
1,2027-07-10,ACS,1,1.0000,false,34.1036,160.1376,2286
1,2027-07-10,ACS,2,1.0000,false,33.1298,156.3142,2286
1,2027-07-10,ACS,3,1.0000,false,33.9005,160.4518,2286
1,2027-07-10,ACS,4,1.0000,false,33.4940,157.9885,2286
1,2027-07-10,ACS,5,1.0000,false,34.7727,162.3440,2286
1,2027-07-10,GRASP_VNS,1,1.0000,false,43.9297,245.6697,2286
1,2027-07-10,GRASP_VNS,2,1.0000,false,44.0177,243.0505,2286
1,2027-07-10,GRASP_VNS,3,1.0000,false,40.9958,237.3807,2286
1,2027-07-10,GRASP_VNS,4,1.0000,false,42.0278,240.7867,2286
1,2027-07-10,GRASP_VNS,5,1.0000,false,44.2259,243.3784,2286
1,2027-08-04,ACS,1,1.0000,false,34.9769,168.2903,2443
1,2027-08-04,ACS,2,1.0000,false,36.6758,167.1590,2443
1,2027-08-04,ACS,3,1.0000,false,35.3305,163.1521,2443
1,2027-08-04,ACS,4,1.0000,false,35.7663,162.3456,2443
1,2027-08-04,ACS,5,1.0000,false,36.0589,162.2512,2443
1,2027-08-04,GRASP_VNS,1,1.0000,false,50.2979,270.3779,2443
1,2027-08-04,GRASP_VNS,2,1.0000,false,48.7199,264.4793,2443
1,2027-08-04,GRASP_VNS,3,1.0000,false,47.8432,261.2673,2443
1,2027-08-04,GRASP_VNS,4,1.0000,false,49.3090,256.5000,2443
1,2027-08-04,GRASP_VNS,5,1.0000,false,50.2443,257.8940,2443
1,2027-10-01,ACS,1,1.0000,false,35.4932,157.5889,2358
1,2027-10-01,ACS,2,1.0000,false,36.9642,159.7921,2358
1,2027-10-01,ACS,3,1.0000,true,,,2358
1,2027-10-01,ACS,4,1.0000,false,35.1864,159.4804,2358
1,2027-10-01,ACS,5,1.0000,true,,,2358
1,2027-10-01,GRASP_VNS,1,1.0000,false,41.1909,235.9815,2358
1,2027-10-01,GRASP_VNS,2,1.0000,false,42.0747,239.8199,2358
1,2027-10-01,GRASP_VNS,3,1.0000,false,43.7243,241.2771,2358
1,2027-10-01,GRASP_VNS,4,1.0000,false,42.9844,236.7413,2358
1,2027-10-01,GRASP_VNS,5,1.0000,false,42.9668,239.5058,2358
1,2027-09-08,ACS,1,1.0000,false,37.5823,158.8449,2459
1,2027-09-08,ACS,2,1.0000,true,,,2459
1,2027-09-08,ACS,3,1.0000,true,,,2459
1,2027-09-08,ACS,4,1.0000,true,,,2459
1,2027-09-08,ACS,5,1.0000,true,,,2459
1,2027-09-08,GRASP_VNS,1,1.0000,false,47.8776,252.8287,2459
1,2027-09-08,GRASP_VNS,2,1.0000,false,48.3373,260.0810,2459
1,2027-09-08,GRASP_VNS,3,1.0000,false,49.8070,267.0648,2459
1,2027-09-08,GRASP_VNS,4,1.0000,false,48.2582,257.0208,2459
1,2027-09-08,GRASP_VNS,5,1.0000,false,49.5468,259.3426,2459
1,2027-06-03,ACS,1,1.0000,false,35.6521,168.1612,2377
1,2027-06-03,ACS,2,1.0000,false,33.9940,169.8154,2377
1,2027-06-03,ACS,3,1.0000,false,36.1926,169.8949,2377
1,2027-06-03,ACS,4,1.0000,false,32.5390,167.6963,2377
1,2027-06-03,ACS,5,1.0000,false,34.5483,168.4930,2377
1,2027-06-03,GRASP_VNS,1,1.0000,false,42.4175,246.1706,2377
1,2027-06-03,GRASP_VNS,2,1.0000,false,41.9709,246.0117,2377
1,2027-06-03,GRASP_VNS,3,1.0000,false,42.7032,253.7360,2377
1,2027-06-03,GRASP_VNS,4,1.0000,false,43.9312,251.5794,2377
1,2027-06-03,GRASP_VNS,5,1.0000,false,42.6131,254.5257,2377
1,2027-09-09,ACS,1,1.0000,false,34.5889,164.4988,2356
1,2027-09-09,ACS,2,1.0000,false,34.5506,161.1953,2356
1,2027-09-09,ACS,3,1.0000,false,34.9897,163.5882,2356
1,2027-09-09,ACS,4,1.0000,false,36.5622,165.1788,2356
1,2027-09-09,ACS,5,1.0000,true,,,2356
1,2027-09-09,GRASP_VNS,1,1.0000,false,44.0135,248.1553,2356
1,2027-09-09,GRASP_VNS,2,1.0000,false,43.1134,251.7976,2356
1,2027-09-09,GRASP_VNS,3,1.0000,false,43.5715,247.6588,2356
1,2027-09-09,GRASP_VNS,4,1.0000,false,44.5652,245.0588,2356
1,2027-09-09,GRASP_VNS,5,1.0000,false,40.8336,242.7718,2356
1,2027-09-02,ACS,1,1.0000,false,36.3673,165.6682,2354
1,2027-09-02,ACS,2,1.0000,false,34.7401,165.3152,2354
1,2027-09-02,ACS,3,1.0000,false,36.0795,165.8981,2354
1,2027-09-02,ACS,4,1.0000,false,36.5154,167.9858,2354
1,2027-09-02,ACS,5,1.0000,false,33.6267,163.9194,2354
1,2027-09-02,GRASP_VNS,1,1.0000,false,46.7389,248.8507,2354
1,2027-09-02,GRASP_VNS,2,1.0000,false,44.8507,247.3649,2354
1,2027-09-02,GRASP_VNS,3,1.0000,false,45.3508,245.5735,2354
1,2027-09-02,GRASP_VNS,4,1.0000,false,45.1564,250.8934,2354
1,2027-09-02,GRASP_VNS,5,1.0000,false,45.5198,236.8697,2354
1,2027-07-06,ACS,1,1.0000,false,35.6435,172.3900,2354
1,2027-07-06,ACS,2,1.0000,false,34.7065,168.0359,2354
1,2027-07-06,ACS,3,1.0000,false,33.9499,168.4306,2354
1,2027-07-06,ACS,4,1.0000,false,34.1169,166.7823,2354
1,2027-07-06,ACS,5,1.0000,false,35.9356,173.0502,2354
1,2027-07-06,GRASP_VNS,1,1.0000,false,43.1623,254.7081,2354
1,2027-07-06,GRASP_VNS,2,1.0000,false,45.4949,261.1866,2354
1,2027-07-06,GRASP_VNS,3,1.0000,false,43.9725,258.3373,2354
1,2027-07-06,GRASP_VNS,4,1.0000,false,45.3698,258.8708,2354
1,2027-07-06,GRASP_VNS,5,1.0000,false,42.0418,248.9354,2354
1,2027-05-08,ACS,1,1.0000,false,34.7045,163.3805,2251
1,2027-05-08,ACS,2,1.0000,false,32.6572,162.5244,2251
1,2027-05-08,ACS,3,1.0000,false,32.6466,162.9293,2251
1,2027-05-08,ACS,4,1.0000,true,,,2251
1,2027-05-08,ACS,5,1.0000,false,34.7126,166.9122,2251
1,2027-05-08,GRASP_VNS,1,1.0000,false,41.9000,250.6780,2251
1,2027-05-08,GRASP_VNS,2,1.0000,false,43.0166,249.6854,2251
1,2027-05-08,GRASP_VNS,3,1.0000,false,44.0053,252.0195,2251
1,2027-05-08,GRASP_VNS,4,1.0000,false,45.8720,261.2902,2251
1,2027-05-08,GRASP_VNS,5,1.0000,false,42.2749,247.5098,2251
1,2027-10-02,ACS,1,1.0000,false,33.6500,165.9878,2315
1,2027-10-02,ACS,2,1.0000,false,35.0434,166.5366,2315
1,2027-10-02,ACS,3,1.0000,false,34.9920,164.7902,2315
1,2027-10-02,ACS,4,1.0000,false,35.8675,168.1366,2315
1,2027-10-02,ACS,5,1.0000,false,34.2679,169.8634,2315
1,2027-10-02,GRASP_VNS,1,1.0000,false,41.7901,253.0683,2315
1,2027-10-02,GRASP_VNS,2,1.0000,false,42.3582,252.4024,2315
1,2027-10-02,GRASP_VNS,3,1.0000,false,41.9278,255.9707,2315
1,2027-10-02,GRASP_VNS,4,1.0000,false,40.0729,251.2024,2315
1,2027-10-02,GRASP_VNS,5,1.0000,false,42.5282,257.4268,2315
1,2027-05-01,ACS,1,1.0000,false,34.3080,168.8117,2263
1,2027-05-01,ACS,2,1.0000,false,34.4370,170.9756,2263
1,2027-05-01,ACS,3,1.0000,false,34.1024,170.2910,2263
1,2027-05-01,ACS,4,1.0000,false,33.9075,169.2494,2263
1,2027-05-01,ACS,5,1.0000,false,35.1855,167.6601,2263
1,2027-05-01,GRASP_VNS,1,1.0000,false,43.4518,262.5966,2263
1,2027-05-01,GRASP_VNS,2,1.0000,false,42.1562,255.9438,2263
1,2027-05-01,GRASP_VNS,3,1.0000,false,45.2790,268.0293,2263
1,2027-05-01,GRASP_VNS,4,1.0000,false,43.9719,268.4841,2263
1,2027-05-01,GRASP_VNS,5,1.0000,false,43.7809,253.7604,2263
1,2027-09-10,ACS,1,1.0000,true,,,2198
1,2027-09-10,ACS,2,1.0000,false,29.2963,170.8391,2198
1,2027-09-10,ACS,3,1.0000,false,29.9518,167.4752,2198
1,2027-09-10,ACS,4,1.0000,false,28.9028,166.4035,2198
1,2027-09-10,ACS,5,1.0000,false,30.0279,167.0446,2198
1,2027-09-10,GRASP_VNS,1,1.0000,false,40.5149,250.3218,2198
1,2027-09-10,GRASP_VNS,2,1.0000,false,41.1581,254.3193,2198
1,2027-09-10,GRASP_VNS,3,1.0000,false,40.4955,245.9604,2198
1,2027-09-10,GRASP_VNS,4,1.0000,false,42.1214,251.5322,2198
1,2027-09-10,GRASP_VNS,5,1.0000,false,40.7524,255.3119,2198
1,2027-05-03,ACS,1,1.0000,false,30.7270,165.4764,2259
1,2027-05-03,ACS,2,1.0000,false,33.2434,169.6377,2259
1,2027-05-03,ACS,3,1.0000,false,34.5051,174.2208,2259
1,2027-05-03,ACS,4,1.0000,false,31.9098,167.5484,2259
1,2027-05-03,ACS,5,1.0000,false,32.1982,170.0025,2259
1,2027-05-03,GRASP_VNS,1,1.0000,false,42.3490,256.7742,2259
1,2027-05-03,GRASP_VNS,2,1.0000,false,41.9465,251.9057,2259
1,2027-05-03,GRASP_VNS,3,1.0000,false,40.8420,252.8288,2259
1,2027-05-03,GRASP_VNS,4,1.0000,false,39.9514,249.0496,2259
1,2027-05-03,GRASP_VNS,5,1.0000,false,39.9104,252.0596,2259
1,2027-05-05,ACS,1,1.0000,false,34.0138,177.6025,2254
1,2027-05-05,ACS,2,1.0000,false,33.4451,175.4700,2254
1,2027-05-05,ACS,3,1.0000,false,34.4604,179.4400,2254
1,2027-05-05,ACS,4,1.0000,false,32.1069,175.3250,2254
1,2027-05-05,ACS,5,1.0000,false,33.5718,172.9450,2254
1,2027-05-05,GRASP_VNS,1,1.0000,false,39.8884,251.9125,2254
1,2027-05-05,GRASP_VNS,2,1.0000,false,41.2099,252.9325,2254
1,2027-05-05,GRASP_VNS,3,1.0000,false,40.4743,249.6825,2254
1,2027-05-05,GRASP_VNS,4,1.0000,false,40.6457,257.5625,2254
1,2027-05-05,GRASP_VNS,5,1.0000,false,41.4064,248.7825,2254
1,2027-09-01,ACS,1,1.0000,false,32.2650,171.6407,2146
1,2027-09-01,ACS,2,1.0000,false,29.9693,164.9347,2146
1,2027-09-01,ACS,3,1.0000,false,31.4131,170.3844,2146
1,2027-09-01,ACS,4,1.0000,false,30.4147,168.5176,2146
1,2027-09-01,ACS,5,1.0000,false,30.5396,166.6809,2146
1,2027-09-01,GRASP_VNS,1,1.0000,false,36.6358,240.6910,2146
1,2027-09-01,GRASP_VNS,2,1.0000,false,37.9596,246.0905,2146
1,2027-09-01,GRASP_VNS,3,1.0000,false,40.3772,262.4598,2146
1,2027-09-01,GRASP_VNS,4,1.0000,false,37.1684,243.3342,2146
1,2027-09-01,GRASP_VNS,5,1.0000,false,38.1218,252.9497,2146
2,2027-08-01,ACS,1,2.0000,true,,,2703
2,2027-08-01,ACS,2,2.0000,true,,,2703
2,2027-08-01,ACS,3,2.0000,true,,,2703
2,2027-08-01,ACS,4,2.0000,true,,,2703
2,2027-08-01,ACS,5,2.0000,true,,,2703
2,2027-08-01,ACS,1,1.5000,true,,,2703
2,2027-08-01,ACS,2,1.5000,false,56.0705,206.3907,2703
2,2027-08-01,ACS,3,1.5000,false,54.7680,206.8462,2703
2,2027-08-01,ACS,4,1.5000,false,55.2246,204.8644,2703
2,2027-08-01,ACS,5,1.5000,true,,,2703
2,2027-08-01,ACS,1,1.2500,false,50.2523,185.9312,2703
2,2027-08-01,ACS,2,1.2500,true,,,2703
2,2027-08-01,ACS,3,1.2500,true,,,2703
2,2027-08-01,ACS,4,1.2500,false,49.0372,186.7996,2703
2,2027-08-01,ACS,5,1.2500,false,49.6855,184.9717,2703
2,2027-08-01,ACS,1,1.1250,true,,,2703
2,2027-08-01,ACS,2,1.1250,false,44.9248,172.5466,2703
2,2027-08-01,ACS,3,1.1250,false,46.9307,173.3077,2703
2,2027-08-01,ACS,4,1.1250,true,,,2703
2,2027-08-01,ACS,5,1.1250,true,,,2703
2,2027-08-01,ACS,1,1.0625,false,45.5861,173.5769,2703
2,2027-08-01,ACS,2,1.0625,false,48.1698,177.1619,2703
2,2027-08-01,ACS,3,1.0625,false,46.7899,173.8421,2703
2,2027-08-01,ACS,4,1.0625,false,47.6681,176.5223,2703
2,2027-08-01,ACS,5,1.0625,false,46.3558,172.7733,2703
2,2027-08-01,ACS,1,1.0938,false,45.5861,173.5769,2703
2,2027-08-01,ACS,2,1.0938,false,48.1698,177.1619,2703
2,2027-08-01,ACS,3,1.0938,false,46.7899,173.8421,2703
2,2027-08-01,ACS,4,1.0938,false,47.6681,176.5223,2703
2,2027-08-01,ACS,5,1.0938,false,46.3558,172.7733,2703
2,2027-08-01,ACS,1,1.1938,true,,,2703
2,2027-08-01,ACS,2,1.1938,false,47.9466,180.4960,2703
2,2027-08-01,ACS,3,1.1938,true,,,2703
2,2027-08-01,ACS,4,1.1938,false,48.2821,181.2874,2703
2,2027-08-01,ACS,5,1.1938,false,47.8197,181.6417,2703
2,2027-08-01,ACS,1,1.2938,false,50.7342,191.4494,2703
2,2027-08-01,ACS,2,1.2938,true,,,2703
2,2027-08-01,ACS,3,1.2938,false,51.7561,196.0466,2703
2,2027-08-01,ACS,4,1.2938,false,51.2145,188.6093,2703
2,2027-08-01,ACS,5,1.2938,true,,,2703
2,2027-08-01,GRASP_VNS,1,2.0000,true,,,2703
2,2027-08-01,GRASP_VNS,2,2.0000,true,,,2703
2,2027-08-01,GRASP_VNS,3,2.0000,true,,,2703
2,2027-08-01,GRASP_VNS,4,2.0000,true,,,2703
2,2027-08-01,GRASP_VNS,5,2.0000,true,,,2703
2,2027-08-01,GRASP_VNS,1,1.5000,false,72.5589,325.5749,2703
2,2027-08-01,GRASP_VNS,2,1.5000,false,70.0292,317.9109,2703
2,2027-08-01,GRASP_VNS,3,1.5000,false,72.1029,328.4879,2703
2,2027-08-01,GRASP_VNS,4,1.5000,false,72.6629,327.3036,2703
2,2027-08-01,GRASP_VNS,5,1.5000,false,71.1186,320.8117,2703
2,2027-08-01,GRASP_VNS,1,1.7500,true,,,2703
2,2027-08-01,GRASP_VNS,2,1.7500,true,,,2703
2,2027-08-01,GRASP_VNS,3,1.7500,true,,,2703
2,2027-08-01,GRASP_VNS,4,1.7500,true,,,2703
2,2027-08-01,GRASP_VNS,5,1.7500,true,,,2703
2,2027-08-01,GRASP_VNS,1,1.6250,true,,,2703
2,2027-08-01,GRASP_VNS,2,1.6250,true,,,2703
2,2027-08-01,GRASP_VNS,3,1.6250,true,,,2703
2,2027-08-01,GRASP_VNS,4,1.6250,true,,,2703
2,2027-08-01,GRASP_VNS,5,1.6250,true,,,2703
2,2027-08-01,GRASP_VNS,1,1.5625,false,74.6118,323.4352,2703
2,2027-08-01,GRASP_VNS,2,1.5625,true,,,2703
2,2027-08-01,GRASP_VNS,3,1.5625,true,,,2703
2,2027-08-01,GRASP_VNS,4,1.5625,false,74.4175,326.4818,2703
2,2027-08-01,GRASP_VNS,5,1.5625,true,,,2703
2,2027-08-01,GRASP_VNS,1,1.5313,false,73.3974,324.4352,2703
2,2027-08-01,GRASP_VNS,2,1.5313,false,76.0430,327.2874,2703
2,2027-08-01,GRASP_VNS,3,1.5313,true,,,2703
2,2027-08-01,GRASP_VNS,4,1.5313,false,76.0320,322.2065,2703
2,2027-08-01,GRASP_VNS,5,1.5313,true,,,2703
2,2027-08-01,GRASP_VNS,1,1.6000,false,76.9160,330.0628,2703
2,2027-08-01,GRASP_VNS,2,1.6000,true,,,2703
2,2027-08-01,GRASP_VNS,3,1.6000,true,,,2703
2,2027-08-01,GRASP_VNS,4,1.6000,false,74.5909,327.2045,2703
2,2027-08-01,GRASP_VNS,5,1.6000,true,,,2703
2,2027-08-01,GRASP_VNS,1,1.7000,true,,,2703
2,2027-08-01,GRASP_VNS,2,1.7000,true,,,2703
2,2027-08-01,GRASP_VNS,3,1.7000,true,,,2703
2,2027-08-01,GRASP_VNS,4,1.7000,true,,,2703
2,2027-08-01,GRASP_VNS,5,1.7000,true,,,2703
2,2027-08-07,ACS,1,2.0000,true,,,2741
2,2027-08-07,ACS,2,2.0000,true,,,2741
2,2027-08-07,ACS,3,2.0000,true,,,2741
2,2027-08-07,ACS,4,2.0000,true,,,2741
2,2027-08-07,ACS,5,2.0000,true,,,2741
2,2027-08-07,ACS,1,1.5000,false,56.4852,210.2603,2741
2,2027-08-07,ACS,2,1.5000,true,,,2741
2,2027-08-07,ACS,3,1.5000,true,,,2741
2,2027-08-07,ACS,4,1.5000,true,,,2741
2,2027-08-07,ACS,5,1.5000,true,,,2741
2,2027-08-07,ACS,1,1.2500,true,,,2741
2,2027-08-07,ACS,2,1.2500,true,,,2741
2,2027-08-07,ACS,3,1.2500,true,,,2741
2,2027-08-07,ACS,4,1.2500,true,,,2741
2,2027-08-07,ACS,5,1.2500,false,51.7412,192.0909,2741
2,2027-08-07,ACS,1,1.1250,false,46.2933,183.4979,2741
2,2027-08-07,ACS,2,1.1250,false,45.7498,179.0475,2741
2,2027-08-07,ACS,3,1.1250,false,44.5246,178.1240,2741
2,2027-08-07,ACS,4,1.1250,true,,,2741
2,2027-08-07,ACS,5,1.1250,false,44.3832,179.5640,2741
2,2027-08-07,ACS,1,1.0625,false,47.4726,179.9711,2741
2,2027-08-07,ACS,2,1.0625,false,45.3609,177.3802,2741
2,2027-08-07,ACS,3,1.0625,true,,,2741
2,2027-08-07,ACS,4,1.0625,false,47.1881,176.8512,2741
2,2027-08-07,ACS,5,1.0625,false,46.2653,180.5909,2741
2,2027-08-07,ACS,1,1.0313,false,47.4726,179.9711,2741
2,2027-08-07,ACS,2,1.0313,false,45.3609,177.3802,2741
2,2027-08-07,ACS,3,1.0313,true,,,2741
2,2027-08-07,ACS,4,1.0313,false,47.1881,176.8512,2741
2,2027-08-07,ACS,5,1.0313,false,46.2653,180.5909,2741
2,2027-08-07,ACS,1,1.1000,false,47.4726,179.9711,2741
2,2027-08-07,ACS,2,1.1000,false,45.3609,177.3802,2741
2,2027-08-07,ACS,3,1.1000,true,,,2741
2,2027-08-07,ACS,4,1.1000,false,47.1881,176.8512,2741
2,2027-08-07,ACS,5,1.1000,false,46.2653,180.5909,2741
2,2027-08-07,ACS,1,1.2000,false,49.6044,185.9339,2741
2,2027-08-07,ACS,2,1.2000,false,47.7260,184.9008,2741
2,2027-08-07,ACS,3,1.2000,false,49.3568,187.7273,2741
2,2027-08-07,ACS,4,1.2000,true,,,2741
2,2027-08-07,ACS,5,1.2000,true,,,2741
2,2027-08-07,GRASP_VNS,1,2.0000,true,,,2741
2,2027-08-07,GRASP_VNS,2,2.0000,true,,,2741
2,2027-08-07,GRASP_VNS,3,2.0000,true,,,2741
2,2027-08-07,GRASP_VNS,4,2.0000,true,,,2741
2,2027-08-07,GRASP_VNS,5,2.0000,true,,,2741
2,2027-08-07,GRASP_VNS,1,1.5000,false,68.3035,309.3223,2741
2,2027-08-07,GRASP_VNS,2,1.5000,false,69.0011,305.8430,2741
2,2027-08-07,GRASP_VNS,3,1.5000,false,67.9875,317.2376,2741
2,2027-08-07,GRASP_VNS,4,1.5000,false,68.0736,315.7748,2741
2,2027-08-07,GRASP_VNS,5,1.5000,false,68.6089,316.9277,2741
2,2027-08-07,GRASP_VNS,1,1.7500,true,,,2741
2,2027-08-07,GRASP_VNS,2,1.7500,true,,,2741
2,2027-08-07,GRASP_VNS,3,1.7500,true,,,2741
2,2027-08-07,GRASP_VNS,4,1.7500,true,,,2741
2,2027-08-07,GRASP_VNS,5,1.7500,true,,,2741
2,2027-08-07,GRASP_VNS,1,1.6250,true,,,2741
2,2027-08-07,GRASP_VNS,2,1.6250,true,,,2741
2,2027-08-07,GRASP_VNS,3,1.6250,false,71.4648,327.7190,2741
2,2027-08-07,GRASP_VNS,4,1.6250,true,,,2741
2,2027-08-07,GRASP_VNS,5,1.6250,true,,,2741
2,2027-08-07,GRASP_VNS,1,1.5625,false,70.0212,327.7562,2741
2,2027-08-07,GRASP_VNS,2,1.5625,false,70.2232,316.1674,2741
2,2027-08-07,GRASP_VNS,3,1.5625,false,70.5230,322.1467,2741
2,2027-08-07,GRASP_VNS,4,1.5625,false,69.7925,319.4029,2741
2,2027-08-07,GRASP_VNS,5,1.5625,false,69.6821,322.2624,2741
2,2027-08-07,GRASP_VNS,1,1.5938,false,69.2581,317.6467,2741
2,2027-08-07,GRASP_VNS,2,1.5938,false,68.5023,311.5186,2741
2,2027-08-07,GRASP_VNS,3,1.5938,false,69.9766,315.3099,2741
2,2027-08-07,GRASP_VNS,4,1.5938,false,70.1394,325.9483,2741
2,2027-08-07,GRASP_VNS,5,1.5938,false,68.7910,323.3368,2741
2,2027-08-07,GRASP_VNS,1,1.6938,true,,,2741
2,2027-08-07,GRASP_VNS,2,1.6938,true,,,2741
2,2027-08-07,GRASP_VNS,3,1.6938,true,,,2741
2,2027-08-07,GRASP_VNS,4,1.6938,true,,,2741
2,2027-08-07,GRASP_VNS,5,1.6938,true,,,2741
2,2027-08-07,GRASP_VNS,1,1.7938,true,,,2741
2,2027-08-07,GRASP_VNS,2,1.7938,true,,,2741
2,2027-08-07,GRASP_VNS,3,1.7938,true,,,2741
2,2027-08-07,GRASP_VNS,4,1.7938,true,,,2741
2,2027-08-07,GRASP_VNS,5,1.7938,true,,,2741
2,2027-06-09,ACS,1,2.0000,true,,,2530
2,2027-06-09,ACS,2,2.0000,true,,,2530
2,2027-06-09,ACS,3,2.0000,true,,,2530
2,2027-06-09,ACS,4,2.0000,true,,,2530
2,2027-06-09,ACS,5,2.0000,true,,,2530
2,2027-06-09,ACS,1,1.5000,true,,,2530
2,2027-06-09,ACS,2,1.5000,true,,,2530
2,2027-06-09,ACS,3,1.5000,true,,,2530
2,2027-06-09,ACS,4,1.5000,true,,,2530
2,2027-06-09,ACS,5,1.5000,true,,,2530
2,2027-06-09,ACS,1,1.2500,false,43.3773,184.5653,2530
2,2027-06-09,ACS,2,1.2500,false,45.8915,186.6210,2530
2,2027-06-09,ACS,3,1.2500,false,44.1762,184.5118,2530
2,2027-06-09,ACS,4,1.2500,false,42.6280,181.9229,2530
2,2027-06-09,ACS,5,1.2500,false,45.6911,185.6060,2530
2,2027-06-09,ACS,1,1.3750,true,,,2530
2,2027-06-09,ACS,2,1.3750,true,,,2530
2,2027-06-09,ACS,3,1.3750,true,,,2530
2,2027-06-09,ACS,4,1.3750,true,,,2530
2,2027-06-09,ACS,5,1.3750,true,,,2530
2,2027-06-09,ACS,1,1.3125,false,45.8633,191.4154,2530
2,2027-06-09,ACS,2,1.3125,true,,,2530
2,2027-06-09,ACS,3,1.3125,false,45.9224,190.0857,2530
2,2027-06-09,ACS,4,1.3125,false,45.4500,192.3833,2530
2,2027-06-09,ACS,5,1.3125,false,45.0381,190.9850,2530
2,2027-06-09,ACS,1,1.2813,false,44.9362,189.7409,2530
2,2027-06-09,ACS,2,1.2813,true,,,2530
2,2027-06-09,ACS,3,1.2813,true,,,2530
2,2027-06-09,ACS,4,1.2813,false,45.6655,187.5310,2530
2,2027-06-09,ACS,5,1.2813,false,44.6015,186.7923,2530
2,2027-06-09,ACS,1,1.3500,true,,,2530
2,2027-06-09,ACS,2,1.3500,true,,,2530
2,2027-06-09,ACS,3,1.3500,true,,,2530
2,2027-06-09,ACS,4,1.3500,true,,,2530
2,2027-06-09,ACS,5,1.3500,true,,,2530
2,2027-06-09,ACS,1,1.4500,true,,,2530
2,2027-06-09,ACS,2,1.4500,true,,,2530
2,2027-06-09,ACS,3,1.4500,true,,,2530
2,2027-06-09,ACS,4,1.4500,true,,,2530
2,2027-06-09,ACS,5,1.4500,true,,,2530
2,2027-06-09,GRASP_VNS,1,2.0000,true,,,2530
2,2027-06-09,GRASP_VNS,2,2.0000,true,,,2530
2,2027-06-09,GRASP_VNS,3,2.0000,true,,,2530
2,2027-06-09,GRASP_VNS,4,2.0000,true,,,2530
2,2027-06-09,GRASP_VNS,5,2.0000,true,,,2530
2,2027-06-09,GRASP_VNS,1,1.5000,false,65.3403,322.7131,2530
2,2027-06-09,GRASP_VNS,2,1.5000,false,63.7111,314.9165,2530
2,2027-06-09,GRASP_VNS,3,1.5000,false,64.3916,319.5418,2530
2,2027-06-09,GRASP_VNS,4,1.5000,false,65.9537,313.0600,2530
2,2027-06-09,GRASP_VNS,5,1.5000,false,64.0978,312.7859,2530
2,2027-06-09,GRASP_VNS,1,1.7500,true,,,2530
2,2027-06-09,GRASP_VNS,2,1.7500,true,,,2530
2,2027-06-09,GRASP_VNS,3,1.7500,true,,,2530
2,2027-06-09,GRASP_VNS,4,1.7500,true,,,2530
2,2027-06-09,GRASP_VNS,5,1.7500,true,,,2530
2,2027-06-09,GRASP_VNS,1,1.6250,true,,,2530
2,2027-06-09,GRASP_VNS,2,1.6250,true,,,2530
2,2027-06-09,GRASP_VNS,3,1.6250,true,,,2530
2,2027-06-09,GRASP_VNS,4,1.6250,true,,,2530
2,2027-06-09,GRASP_VNS,5,1.6250,true,,,2530
2,2027-06-09,GRASP_VNS,1,1.5625,false,68.5300,329.9893,2530
2,2027-06-09,GRASP_VNS,2,1.5625,false,68.6621,326.0792,2530
2,2027-06-09,GRASP_VNS,3,1.5625,false,69.2629,326.9764,2530
2,2027-06-09,GRASP_VNS,4,1.5625,false,67.7901,330.0257,2530
2,2027-06-09,GRASP_VNS,5,1.5625,false,68.1289,322.7002,2530
2,2027-06-09,GRASP_VNS,1,1.5938,false,69.0678,328.6574,2530
2,2027-06-09,GRASP_VNS,2,1.5938,false,67.7284,322.6809,2530
2,2027-06-09,GRASP_VNS,3,1.5938,false,68.5947,327.9293,2530
2,2027-06-09,GRASP_VNS,4,1.5938,false,67.8925,324.5096,2530
2,2027-06-09,GRASP_VNS,5,1.5938,false,69.1575,324.3383,2530
2,2027-06-09,GRASP_VNS,1,1.6938,true,,,2530
2,2027-06-09,GRASP_VNS,2,1.6938,true,,,2530
2,2027-06-09,GRASP_VNS,3,1.6938,true,,,2530
2,2027-06-09,GRASP_VNS,4,1.6938,true,,,2530
2,2027-06-09,GRASP_VNS,5,1.6938,true,,,2530
2,2027-06-09,GRASP_VNS,1,1.7938,true,,,2530
2,2027-06-09,GRASP_VNS,2,1.7938,true,,,2530
2,2027-06-09,GRASP_VNS,3,1.7938,true,,,2530
2,2027-06-09,GRASP_VNS,4,1.7938,true,,,2530
2,2027-06-09,GRASP_VNS,5,1.7938,true,,,2530
2,2027-10-06,ACS,1,2.0000,true,,,2591
2,2027-10-06,ACS,2,2.0000,true,,,2591
2,2027-10-06,ACS,3,2.0000,true,,,2591
2,2027-10-06,ACS,4,2.0000,true,,,2591
2,2027-10-06,ACS,5,2.0000,true,,,2591
2,2027-10-06,ACS,1,1.5000,true,,,2591
2,2027-10-06,ACS,2,1.5000,true,,,2591
2,2027-10-06,ACS,3,1.5000,true,,,2591
2,2027-10-06,ACS,4,1.5000,true,,,2591
2,2027-10-06,ACS,5,1.5000,true,,,2591
2,2027-10-06,ACS,1,1.2500,false,46.8413,181.0216,2591
2,2027-10-06,ACS,2,1.2500,false,46.1869,183.9634,2591
2,2027-10-06,ACS,3,1.2500,false,47.0738,185.7026,2591
2,2027-10-06,ACS,4,1.2500,false,46.1499,184.4547,2591
2,2027-10-06,ACS,5,1.2500,false,45.9461,183.2845,2591
2,2027-10-06,ACS,1,1.3750,true,,,2591
2,2027-10-06,ACS,2,1.3750,true,,,2591
2,2027-10-06,ACS,3,1.3750,true,,,2591
2,2027-10-06,ACS,4,1.3750,true,,,2591
2,2027-10-06,ACS,5,1.3750,true,,,2591
2,2027-10-06,ACS,1,1.3125,false,49.5580,189.4806,2591
2,2027-10-06,ACS,2,1.3125,true,,,2591
2,2027-10-06,ACS,3,1.3125,true,,,2591
2,2027-10-06,ACS,4,1.3125,false,46.5270,188.0323,2591
2,2027-10-06,ACS,5,1.3125,false,47.7285,190.5237,2591
2,2027-10-06,ACS,1,1.2813,false,46.7763,184.0043,2591
2,2027-10-06,ACS,2,1.2813,false,47.5598,186.2866,2591
2,2027-10-06,ACS,3,1.2813,false,48.0754,188.8685,2591
2,2027-10-06,ACS,4,1.2813,false,45.9469,186.4246,2591
2,2027-10-06,ACS,5,1.2813,false,48.4479,188.7457,2591
2,2027-10-06,ACS,1,1.3813,true,,,2591
2,2027-10-06,ACS,2,1.3813,false,50.7881,200.0216,2591
2,2027-10-06,ACS,3,1.3813,true,,,2591
2,2027-10-06,ACS,4,1.3813,true,,,2591
2,2027-10-06,ACS,5,1.3813,true,,,2591
2,2027-10-06,ACS,1,1.4813,true,,,2591
2,2027-10-06,ACS,2,1.4813,true,,,2591
2,2027-10-06,ACS,3,1.4813,true,,,2591
2,2027-10-06,ACS,4,1.4813,true,,,2591
2,2027-10-06,ACS,5,1.4813,true,,,2591
2,2027-10-06,GRASP_VNS,1,2.0000,true,,,2591
2,2027-10-06,GRASP_VNS,2,2.0000,true,,,2591
2,2027-10-06,GRASP_VNS,3,2.0000,true,,,2591
2,2027-10-06,GRASP_VNS,4,2.0000,true,,,2591
2,2027-10-06,GRASP_VNS,5,2.0000,false,73.4740,339.1358,2591
2,2027-10-06,GRASP_VNS,1,1.5000,false,67.0288,316.4634,2591
2,2027-10-06,GRASP_VNS,2,1.5000,false,67.3929,317.0129,2591
2,2027-10-06,GRASP_VNS,3,1.5000,false,68.3457,323.2134,2591
2,2027-10-06,GRASP_VNS,4,1.5000,false,67.3584,317.1379,2591
2,2027-10-06,GRASP_VNS,5,1.5000,false,68.9030,319.0647,2591
2,2027-10-06,GRASP_VNS,1,1.7500,false,75.5986,334.7414,2591
2,2027-10-06,GRASP_VNS,2,1.7500,true,,,2591
2,2027-10-06,GRASP_VNS,3,1.7500,true,,,2591
2,2027-10-06,GRASP_VNS,4,1.7500,true,,,2591
2,2027-10-06,GRASP_VNS,5,1.7500,true,,,2591
2,2027-10-06,GRASP_VNS,1,1.6250,true,,,2591
2,2027-10-06,GRASP_VNS,2,1.6250,false,74.5386,334.0409,2591
2,2027-10-06,GRASP_VNS,3,1.6250,false,73.9374,337.1336,2591
2,2027-10-06,GRASP_VNS,4,1.6250,false,74.6062,325.9483,2591
2,2027-10-06,GRASP_VNS,5,1.6250,true,,,2591
2,2027-10-06,GRASP_VNS,1,1.5625,false,69.5112,330.0927,2591
2,2027-10-06,GRASP_VNS,2,1.5625,false,69.2414,325.9418,2591
2,2027-10-06,GRASP_VNS,3,1.5625,false,71.3319,331.2780,2591
2,2027-10-06,GRASP_VNS,4,1.5625,false,69.4965,326.7694,2591
2,2027-10-06,GRASP_VNS,5,1.5625,false,69.4154,322.6013,2591
2,2027-10-06,GRASP_VNS,1,1.5938,false,73.3460,331.5905,2591
2,2027-10-06,GRASP_VNS,2,1.5938,false,69.7107,322.4310,2591
2,2027-10-06,GRASP_VNS,3,1.5938,false,71.0101,326.3082,2591
2,2027-10-06,GRASP_VNS,4,1.5938,false,70.0750,330.2629,2591
2,2027-10-06,GRASP_VNS,5,1.5938,false,69.6611,320.9849,2591
2,2027-10-06,GRASP_VNS,1,1.6938,false,73.9941,336.0539,2591
2,2027-10-06,GRASP_VNS,2,1.6938,false,71.8919,335.4612,2591
2,2027-10-06,GRASP_VNS,3,1.6938,true,,,2591
2,2027-10-06,GRASP_VNS,4,1.6938,false,74.8269,334.8922,2591
2,2027-10-06,GRASP_VNS,5,1.6938,true,,,2591
2,2027-10-06,GRASP_VNS,1,1.7938,true,,,2591
2,2027-10-06,GRASP_VNS,2,1.7938,true,,,2591
2,2027-10-06,GRASP_VNS,3,1.7938,true,,,2591
2,2027-10-06,GRASP_VNS,4,1.7938,true,,,2591
2,2027-10-06,GRASP_VNS,5,1.7938,true,,,2591
2,2027-11-05,ACS,1,2.0000,true,,,2412
2,2027-11-05,ACS,2,2.0000,true,,,2412
2,2027-11-05,ACS,3,2.0000,true,,,2412
2,2027-11-05,ACS,4,2.0000,true,,,2412
2,2027-11-05,ACS,5,2.0000,true,,,2412
2,2027-11-05,ACS,1,1.5000,true,,,2412
2,2027-11-05,ACS,2,1.5000,true,,,2412
2,2027-11-05,ACS,3,1.5000,true,,,2412
2,2027-11-05,ACS,4,1.5000,true,,,2412
2,2027-11-05,ACS,5,1.5000,false,46.4392,200.7322,2412
2,2027-11-05,ACS,1,1.2500,false,42.7838,186.0497,2412
2,2027-11-05,ACS,2,1.2500,false,41.8588,187.4708,2412
2,2027-11-05,ACS,3,1.2500,true,,,2412
2,2027-11-05,ACS,4,1.2500,true,,,2412
2,2027-11-05,ACS,5,1.2500,false,40.2449,181.5788,2412
2,2027-11-05,ACS,1,1.1250,false,38.8341,173.9827,2412
2,2027-11-05,ACS,2,1.1250,true,,,2412
2,2027-11-05,ACS,3,1.1250,true,,,2412
2,2027-11-05,ACS,4,1.1250,true,,,2412
2,2027-11-05,ACS,5,1.1250,true,,,2412
2,2027-11-05,ACS,1,1.0625,false,37.8296,173.3110,2412
2,2027-11-05,ACS,2,1.0625,true,,,2412
2,2027-11-05,ACS,3,1.0625,false,40.2720,175.7322,2412
2,2027-11-05,ACS,4,1.0625,false,39.5195,171.5076,2412
2,2027-11-05,ACS,5,1.0625,false,40.2269,173.7840,2412
2,2027-11-05,ACS,1,1.0313,false,37.8296,173.3110,2412
2,2027-11-05,ACS,2,1.0313,true,,,2412
2,2027-11-05,ACS,3,1.0313,false,40.2720,175.7322,2412
2,2027-11-05,ACS,4,1.0313,false,39.5195,171.5076,2412
2,2027-11-05,ACS,5,1.0313,false,40.2269,173.7840,2412
2,2027-11-05,ACS,1,1.1000,false,37.8296,173.3110,2412
2,2027-11-05,ACS,2,1.1000,true,,,2412
2,2027-11-05,ACS,3,1.1000,false,40.2720,175.7322,2412
2,2027-11-05,ACS,4,1.1000,false,39.5195,171.5076,2412
2,2027-11-05,ACS,5,1.1000,false,40.2269,173.7840,2412
2,2027-11-05,ACS,1,1.2000,false,40.4002,178.5270,2412
2,2027-11-05,ACS,2,1.2000,false,39.4819,181.9935,2412
2,2027-11-05,ACS,3,1.2000,false,41.0165,181.5745,2412
2,2027-11-05,ACS,4,1.2000,false,39.4293,180.0540,2412
2,2027-11-05,ACS,5,1.2000,true,,,2412
2,2027-11-05,GRASP_VNS,1,2.0000,false,69.4124,341.4968,2412
2,2027-11-05,GRASP_VNS,2,2.0000,false,70.7817,346.6523,2412
2,2027-11-05,GRASP_VNS,3,2.0000,false,64.9739,346.7300,2412
2,2027-11-05,GRASP_VNS,4,2.0000,false,68.6072,343.6199,2412
2,2027-11-05,GRASP_VNS,5,2.0000,false,68.0908,346.0691,2412
2,2027-11-05,GRASP_VNS,1,4.0000,true,,,2412
2,2027-11-05,GRASP_VNS,2,4.0000,true,,,2412
2,2027-11-05,GRASP_VNS,3,4.0000,true,,,2412
2,2027-11-05,GRASP_VNS,4,4.0000,true,,,2412
2,2027-11-05,GRASP_VNS,5,4.0000,true,,,2412
2,2027-11-05,GRASP_VNS,1,3.0000,true,,,2412
2,2027-11-05,GRASP_VNS,2,3.0000,true,,,2412
2,2027-11-05,GRASP_VNS,3,3.0000,true,,,2412
2,2027-11-05,GRASP_VNS,4,3.0000,true,,,2412
2,2027-11-05,GRASP_VNS,5,3.0000,true,,,2412
2,2027-11-05,GRASP_VNS,1,2.5000,true,,,2412
2,2027-11-05,GRASP_VNS,2,2.5000,true,,,2412
2,2027-11-05,GRASP_VNS,3,2.5000,true,,,2412
2,2027-11-05,GRASP_VNS,4,2.5000,true,,,2412
2,2027-11-05,GRASP_VNS,5,2.5000,true,,,2412
2,2027-11-05,GRASP_VNS,1,2.2500,true,,,2412
2,2027-11-05,GRASP_VNS,2,2.2500,true,,,2412
2,2027-11-05,GRASP_VNS,3,2.2500,true,,,2412
2,2027-11-05,GRASP_VNS,4,2.2500,true,,,2412
2,2027-11-05,GRASP_VNS,5,2.2500,true,,,2412
2,2027-11-05,GRASP_VNS,1,2.1250,true,,,2412
2,2027-11-05,GRASP_VNS,2,2.1250,true,,,2412
2,2027-11-05,GRASP_VNS,3,2.1250,true,,,2412
2,2027-11-05,GRASP_VNS,4,2.1250,true,,,2412
2,2027-11-05,GRASP_VNS,5,2.1250,true,,,2412
2,2027-11-05,GRASP_VNS,1,2.0625,true,,,2412
2,2027-11-05,GRASP_VNS,2,2.0625,true,,,2412
2,2027-11-05,GRASP_VNS,3,2.0625,true,,,2412
2,2027-11-05,GRASP_VNS,4,2.0625,true,,,2412
2,2027-11-05,GRASP_VNS,5,2.0625,true,,,2412
2,2027-11-05,GRASP_VNS,1,2.0313,true,,,2412
2,2027-11-05,GRASP_VNS,2,2.0313,true,,,2412
2,2027-11-05,GRASP_VNS,3,2.0313,true,,,2412
2,2027-11-05,GRASP_VNS,4,2.0313,true,,,2412
2,2027-11-05,GRASP_VNS,5,2.0313,true,,,2412
2,2027-11-05,GRASP_VNS,1,2.1000,true,,,2412
2,2027-11-05,GRASP_VNS,2,2.1000,true,,,2412
2,2027-11-05,GRASP_VNS,3,2.1000,true,,,2412
2,2027-11-05,GRASP_VNS,4,2.1000,true,,,2412
2,2027-11-05,GRASP_VNS,5,2.1000,true,,,2412
2,2027-11-05,GRASP_VNS,1,2.2000,true,,,2412
2,2027-11-05,GRASP_VNS,2,2.2000,true,,,2412
2,2027-11-05,GRASP_VNS,3,2.2000,true,,,2412
2,2027-11-05,GRASP_VNS,4,2.2000,true,,,2412
2,2027-11-05,GRASP_VNS,5,2.2000,true,,,2412
2,2027-10-08,ACS,1,2.0000,true,,,2511
2,2027-10-08,ACS,2,2.0000,true,,,2511
2,2027-10-08,ACS,3,2.0000,true,,,2511
2,2027-10-08,ACS,4,2.0000,true,,,2511
2,2027-10-08,ACS,5,2.0000,true,,,2511
2,2027-10-08,ACS,1,1.5000,true,,,2511
2,2027-10-08,ACS,2,1.5000,true,,,2511
2,2027-10-08,ACS,3,1.5000,true,,,2511
2,2027-10-08,ACS,4,1.5000,true,,,2511
2,2027-10-08,ACS,5,1.5000,true,,,2511
2,2027-10-08,ACS,1,1.2500,true,,,2511
2,2027-10-08,ACS,2,1.2500,false,48.2457,191.0044,2511
2,2027-10-08,ACS,3,1.2500,true,,,2511
2,2027-10-08,ACS,4,1.2500,false,48.7219,193.1528,2511
2,2027-10-08,ACS,5,1.2500,false,46.9835,187.2183,2511
2,2027-10-08,ACS,1,1.1250,true,,,2511
2,2027-10-08,ACS,2,1.1250,false,43.9822,179.0895,2511
2,2027-10-08,ACS,3,1.1250,false,45.1255,181.0677,2511
2,2027-10-08,ACS,4,1.1250,false,45.8259,181.1135,2511
2,2027-10-08,ACS,5,1.1250,false,45.5301,182.0633,2511
2,2027-10-08,ACS,1,1.0625,true,,,2511
2,2027-10-08,ACS,2,1.0625,true,,,2511
2,2027-10-08,ACS,3,1.0625,true,,,2511
2,2027-10-08,ACS,4,1.0625,false,45.0411,179.0721,2511
2,2027-10-08,ACS,5,1.0625,false,44.9656,177.9061,2511
2,2027-10-08,ACS,1,1.0313,true,,,2511
2,2027-10-08,ACS,2,1.0313,true,,,2511
2,2027-10-08,ACS,3,1.0313,true,,,2511
2,2027-10-08,ACS,4,1.0313,false,45.0411,179.0721,2511
2,2027-10-08,ACS,5,1.0313,false,44.9656,177.9061,2511
2,2027-10-08,ACS,1,1.1000,true,,,2511
2,2027-10-08,ACS,2,1.1000,true,,,2511
2,2027-10-08,ACS,3,1.1000,true,,,2511
2,2027-10-08,ACS,4,1.1000,false,45.0411,179.0721,2511
2,2027-10-08,ACS,5,1.1000,false,44.9656,177.9061,2511
2,2027-10-08,ACS,1,1.2000,false,47.4942,186.8515,2511
2,2027-10-08,ACS,2,1.2000,false,46.9040,187.4017,2511
2,2027-10-08,ACS,3,1.2000,false,47.4489,186.5131,2511
2,2027-10-08,ACS,4,1.2000,false,46.5862,189.9279,2511
2,2027-10-08,ACS,5,1.2000,false,46.4694,186.4083,2511
2,2027-10-08,GRASP_VNS,1,2.0000,true,,,2511
2,2027-10-08,GRASP_VNS,2,2.0000,true,,,2511
2,2027-10-08,GRASP_VNS,3,2.0000,true,,,2511
2,2027-10-08,GRASP_VNS,4,2.0000,true,,,2511
2,2027-10-08,GRASP_VNS,5,2.0000,true,,,2511
2,2027-10-08,GRASP_VNS,1,1.5000,false,69.7109,336.4978,2511
2,2027-10-08,GRASP_VNS,2,1.5000,false,66.8632,331.2205,2511
2,2027-10-08,GRASP_VNS,3,1.5000,false,68.4899,333.0000,2511
2,2027-10-08,GRASP_VNS,4,1.5000,false,67.5765,328.5328,2511
2,2027-10-08,GRASP_VNS,5,1.5000,false,69.7452,333.8646,2511
2,2027-10-08,GRASP_VNS,1,1.7500,true,,,2511
2,2027-10-08,GRASP_VNS,2,1.7500,true,,,2511
2,2027-10-08,GRASP_VNS,3,1.7500,true,,,2511
2,2027-10-08,GRASP_VNS,4,1.7500,true,,,2511
2,2027-10-08,GRASP_VNS,5,1.7500,true,,,2511
2,2027-10-08,GRASP_VNS,1,1.6250,true,,,2511
2,2027-10-08,GRASP_VNS,2,1.6250,true,,,2511
2,2027-10-08,GRASP_VNS,3,1.6250,true,,,2511
2,2027-10-08,GRASP_VNS,4,1.6250,true,,,2511
2,2027-10-08,GRASP_VNS,5,1.6250,true,,,2511
2,2027-10-08,GRASP_VNS,1,1.5625,false,71.3583,337.9367,2511
2,2027-10-08,GRASP_VNS,2,1.5625,true,,,2511
2,2027-10-08,GRASP_VNS,3,1.5625,false,72.4122,346.2293,2511
2,2027-10-08,GRASP_VNS,4,1.5625,true,,,2511
2,2027-10-08,GRASP_VNS,5,1.5625,false,71.4904,334.9323,2511
2,2027-10-08,GRASP_VNS,1,1.5313,false,70.4684,333.6332,2511
2,2027-10-08,GRASP_VNS,2,1.5313,true,,,2511
2,2027-10-08,GRASP_VNS,3,1.5313,false,67.3001,327.8362,2511
2,2027-10-08,GRASP_VNS,4,1.5313,false,71.1781,338.0022,2511
2,2027-10-08,GRASP_VNS,5,1.5313,false,71.0531,332.2096,2511
2,2027-10-08,GRASP_VNS,1,1.6000,false,70.8885,334.9913,2511
2,2027-10-08,GRASP_VNS,2,1.6000,false,71.9412,344.2795,2511
2,2027-10-08,GRASP_VNS,3,1.6000,true,,,2511
2,2027-10-08,GRASP_VNS,4,1.6000,false,71.9131,334.7991,2511
2,2027-10-08,GRASP_VNS,5,1.6000,false,70.7267,334.4236,2511
2,2027-10-08,GRASP_VNS,1,1.7000,true,,,2511
2,2027-10-08,GRASP_VNS,2,1.7000,true,,,2511
2,2027-10-08,GRASP_VNS,3,1.7000,true,,,2511
2,2027-10-08,GRASP_VNS,4,1.7000,true,,,2511
2,2027-10-08,GRASP_VNS,5,1.7000,true,,,2511
2,2027-08-06,ACS,1,2.0000,true,,,2533
2,2027-08-06,ACS,2,2.0000,true,,,2533
2,2027-08-06,ACS,3,2.0000,true,,,2533
2,2027-08-06,ACS,4,2.0000,true,,,2533
2,2027-08-06,ACS,5,2.0000,true,,,2533
2,2027-08-06,ACS,1,1.5000,true,,,2533
2,2027-08-06,ACS,2,1.5000,true,,,2533
2,2027-08-06,ACS,3,1.5000,true,,,2533
2,2027-08-06,ACS,4,1.5000,true,,,2533
2,2027-08-06,ACS,5,1.5000,true,,,2533
2,2027-08-06,ACS,1,1.2500,true,,,2533
2,2027-08-06,ACS,2,1.2500,true,,,2533
2,2027-08-06,ACS,3,1.2500,false,50.0310,193.7140,2533
2,2027-08-06,ACS,4,1.2500,true,,,2533
2,2027-08-06,ACS,5,1.2500,true,,,2533
2,2027-08-06,ACS,1,1.1250,true,,,2533
2,2027-08-06,ACS,2,1.1250,false,45.1864,184.7725,2533
2,2027-08-06,ACS,3,1.1250,true,,,2533
2,2027-08-06,ACS,4,1.1250,true,,,2533
2,2027-08-06,ACS,5,1.1250,true,,,2533
2,2027-08-06,ACS,1,1.0625,false,45.5230,185.2883,2533
2,2027-08-06,ACS,2,1.0625,true,,,2533
2,2027-08-06,ACS,3,1.0625,true,,,2533
2,2027-08-06,ACS,4,1.0625,true,,,2533
2,2027-08-06,ACS,5,1.0625,false,44.7977,186.1284,2533
2,2027-08-06,ACS,1,1.0313,false,45.5230,185.2883,2533
2,2027-08-06,ACS,2,1.0313,true,,,2533
2,2027-08-06,ACS,3,1.0313,true,,,2533
2,2027-08-06,ACS,4,1.0313,true,,,2533
2,2027-08-06,ACS,5,1.0313,false,44.7977,186.1284,2533
2,2027-08-06,ACS,1,1.1000,false,45.5230,185.2883,2533
2,2027-08-06,ACS,2,1.1000,true,,,2533
2,2027-08-06,ACS,3,1.1000,true,,,2533
2,2027-08-06,ACS,4,1.1000,true,,,2533
2,2027-08-06,ACS,5,1.1000,false,44.7977,186.1284,2533
2,2027-08-06,ACS,1,1.2000,true,,,2533
2,2027-08-06,ACS,2,1.2000,false,46.5851,189.2860,2533
2,2027-08-06,ACS,3,1.2000,true,,,2533
2,2027-08-06,ACS,4,1.2000,false,46.8001,186.7545,2533
2,2027-08-06,ACS,5,1.2000,true,,,2533
2,2027-08-06,GRASP_VNS,1,2.0000,true,,,2533
2,2027-08-06,GRASP_VNS,2,2.0000,true,,,2533
2,2027-08-06,GRASP_VNS,3,2.0000,true,,,2533
2,2027-08-06,GRASP_VNS,4,2.0000,true,,,2533
2,2027-08-06,GRASP_VNS,5,2.0000,true,,,2533
2,2027-08-06,GRASP_VNS,1,1.5000,false,70.7055,339.9032,2533
2,2027-08-06,GRASP_VNS,2,1.5000,false,71.5605,338.8176,2533
2,2027-08-06,GRASP_VNS,3,1.5000,false,67.7389,333.8829,2533
2,2027-08-06,GRASP_VNS,4,1.5000,false,71.7677,338.5856,2533
2,2027-08-06,GRASP_VNS,5,1.5000,false,68.6624,329.9910,2533
2,2027-08-06,GRASP_VNS,1,1.7500,true,,,2533
2,2027-08-06,GRASP_VNS,2,1.7500,true,,,2533
2,2027-08-06,GRASP_VNS,3,1.7500,true,,,2533
2,2027-08-06,GRASP_VNS,4,1.7500,true,,,2533
2,2027-08-06,GRASP_VNS,5,1.7500,true,,,2533
2,2027-08-06,GRASP_VNS,1,1.6250,true,,,2533
2,2027-08-06,GRASP_VNS,2,1.6250,true,,,2533
2,2027-08-06,GRASP_VNS,3,1.6250,true,,,2533
2,2027-08-06,GRASP_VNS,4,1.6250,true,,,2533
2,2027-08-06,GRASP_VNS,5,1.6250,true,,,2533
2,2027-08-06,GRASP_VNS,1,1.5625,true,,,2533
2,2027-08-06,GRASP_VNS,2,1.5625,true,,,2533
2,2027-08-06,GRASP_VNS,3,1.5625,true,,,2533
2,2027-08-06,GRASP_VNS,4,1.5625,true,,,2533
2,2027-08-06,GRASP_VNS,5,1.5625,true,,,2533
2,2027-08-06,GRASP_VNS,1,1.5313,true,,,2533
2,2027-08-06,GRASP_VNS,2,1.5313,true,,,2533
2,2027-08-06,GRASP_VNS,3,1.5313,true,,,2533
2,2027-08-06,GRASP_VNS,4,1.5313,false,71.4638,345.3311,2533
2,2027-08-06,GRASP_VNS,5,1.5313,false,71.1660,340.8559,2533
2,2027-08-06,GRASP_VNS,1,1.6000,true,,,2533
2,2027-08-06,GRASP_VNS,2,1.6000,false,71.6786,352.4437,2533
2,2027-08-06,GRASP_VNS,3,1.6000,false,72.3152,346.4369,2533
2,2027-08-06,GRASP_VNS,4,1.6000,false,72.2743,348.6554,2533
2,2027-08-06,GRASP_VNS,5,1.6000,true,,,2533
2,2027-08-06,GRASP_VNS,1,1.7000,true,,,2533
2,2027-08-06,GRASP_VNS,2,1.7000,true,,,2533
2,2027-08-06,GRASP_VNS,3,1.7000,true,,,2533
2,2027-08-06,GRASP_VNS,4,1.7000,true,,,2533
2,2027-08-06,GRASP_VNS,5,1.7000,true,,,2533
2,2027-06-02,ACS,1,2.0000,true,,,2461
2,2027-06-02,ACS,2,2.0000,true,,,2461
2,2027-06-02,ACS,3,2.0000,true,,,2461
2,2027-06-02,ACS,4,2.0000,true,,,2461
2,2027-06-02,ACS,5,2.0000,true,,,2461
2,2027-06-02,ACS,1,1.5000,true,,,2461
2,2027-06-02,ACS,2,1.5000,true,,,2461
2,2027-06-02,ACS,3,1.5000,true,,,2461
2,2027-06-02,ACS,4,1.5000,true,,,2461
2,2027-06-02,ACS,5,1.5000,true,,,2461
2,2027-06-02,ACS,1,1.2500,true,,,2461
2,2027-06-02,ACS,2,1.2500,true,,,2461
2,2027-06-02,ACS,3,1.2500,true,,,2461
2,2027-06-02,ACS,4,1.2500,true,,,2461
2,2027-06-02,ACS,5,1.2500,false,43.5557,191.2421,2461
2,2027-06-02,ACS,1,1.1250,false,41.2845,186.0249,2461
2,2027-06-02,ACS,2,1.1250,true,,,2461
2,2027-06-02,ACS,3,1.1250,false,40.9974,184.1448,2461
2,2027-06-02,ACS,4,1.1250,false,41.4448,184.6629,2461
2,2027-06-02,ACS,5,1.1250,true,,,2461
2,2027-06-02,ACS,1,1.0625,true,,,2461
2,2027-06-02,ACS,2,1.0625,true,,,2461
2,2027-06-02,ACS,3,1.0625,true,,,2461
2,2027-06-02,ACS,4,1.0625,true,,,2461
2,2027-06-02,ACS,5,1.0625,false,41.3109,182.9502,2461
2,2027-06-02,ACS,1,1.0313,true,,,2461
2,2027-06-02,ACS,2,1.0313,true,,,2461
2,2027-06-02,ACS,3,1.0313,true,,,2461
2,2027-06-02,ACS,4,1.0313,true,,,2461
2,2027-06-02,ACS,5,1.0313,false,41.3109,182.9502,2461
2,2027-06-02,ACS,1,1.1000,true,,,2461
2,2027-06-02,ACS,2,1.1000,true,,,2461
2,2027-06-02,ACS,3,1.1000,true,,,2461
2,2027-06-02,ACS,4,1.1000,true,,,2461
2,2027-06-02,ACS,5,1.1000,false,41.3109,182.9502,2461
2,2027-06-02,ACS,1,1.2000,false,43.3329,187.0113,2461
2,2027-06-02,ACS,2,1.2000,true,,,2461
2,2027-06-02,ACS,3,1.2000,true,,,2461
2,2027-06-02,ACS,4,1.2000,true,,,2461
2,2027-06-02,ACS,5,1.2000,false,42.3032,188.0860,2461
2,2027-06-02,GRASP_VNS,1,2.0000,true,,,2461
2,2027-06-02,GRASP_VNS,2,2.0000,true,,,2461
2,2027-06-02,GRASP_VNS,3,2.0000,true,,,2461
2,2027-06-02,GRASP_VNS,4,2.0000,true,,,2461
2,2027-06-02,GRASP_VNS,5,2.0000,true,,,2461
2,2027-06-02,GRASP_VNS,1,1.5000,false,62.2557,322.2217,2461
2,2027-06-02,GRASP_VNS,2,1.5000,false,62.2684,319.8100,2461
2,2027-06-02,GRASP_VNS,3,1.5000,false,65.1345,325.5543,2461
2,2027-06-02,GRASP_VNS,4,1.5000,false,64.8394,321.5158,2461
2,2027-06-02,GRASP_VNS,5,1.5000,false,65.0028,325.6787,2461
2,2027-06-02,GRASP_VNS,1,1.7500,true,,,2461
2,2027-06-02,GRASP_VNS,2,1.7500,true,,,2461
2,2027-06-02,GRASP_VNS,3,1.7500,true,,,2461
2,2027-06-02,GRASP_VNS,4,1.7500,true,,,2461
2,2027-06-02,GRASP_VNS,5,1.7500,true,,,2461
2,2027-06-02,GRASP_VNS,1,1.6250,true,,,2461
2,2027-06-02,GRASP_VNS,2,1.6250,true,,,2461
2,2027-06-02,GRASP_VNS,3,1.6250,true,,,2461
2,2027-06-02,GRASP_VNS,4,1.6250,true,,,2461
2,2027-06-02,GRASP_VNS,5,1.6250,true,,,2461
2,2027-06-02,GRASP_VNS,1,1.5625,false,66.8751,338.1176,2461
2,2027-06-02,GRASP_VNS,2,1.5625,false,66.9958,337.8326,2461
2,2027-06-02,GRASP_VNS,3,1.5625,false,65.1121,332.6968,2461
2,2027-06-02,GRASP_VNS,4,1.5625,true,,,2461
2,2027-06-02,GRASP_VNS,5,1.5625,false,69.0126,340.3824,2461
2,2027-06-02,GRASP_VNS,1,1.5313,false,66.0738,326.8778,2461
2,2027-06-02,GRASP_VNS,2,1.5313,false,66.0804,326.9412,2461
2,2027-06-02,GRASP_VNS,3,1.5313,false,64.9877,334.1923,2461
2,2027-06-02,GRASP_VNS,4,1.5313,false,65.3327,326.0090,2461
2,2027-06-02,GRASP_VNS,5,1.5313,false,65.5590,335.2828,2461
2,2027-06-02,GRASP_VNS,1,1.6313,true,,,2461
2,2027-06-02,GRASP_VNS,2,1.6313,false,68.1466,336.9276,2461
2,2027-06-02,GRASP_VNS,3,1.6313,true,,,2461
2,2027-06-02,GRASP_VNS,4,1.6313,true,,,2461
2,2027-06-02,GRASP_VNS,5,1.6313,true,,,2461
2,2027-06-02,GRASP_VNS,1,1.7313,true,,,2461
2,2027-06-02,GRASP_VNS,2,1.7313,true,,,2461
2,2027-06-02,GRASP_VNS,3,1.7313,true,,,2461
2,2027-06-02,GRASP_VNS,4,1.7313,true,,,2461
2,2027-06-02,GRASP_VNS,5,1.7313,true,,,2461
2,2027-11-01,ACS,1,2.0000,true,,,2406
2,2027-11-01,ACS,2,2.0000,true,,,2406
2,2027-11-01,ACS,3,2.0000,true,,,2406
2,2027-11-01,ACS,4,2.0000,true,,,2406
2,2027-11-01,ACS,5,2.0000,true,,,2406
2,2027-11-01,ACS,1,1.5000,true,,,2406
2,2027-11-01,ACS,2,1.5000,true,,,2406
2,2027-11-01,ACS,3,1.5000,true,,,2406
2,2027-11-01,ACS,4,1.5000,true,,,2406
2,2027-11-01,ACS,5,1.5000,true,,,2406
2,2027-11-01,ACS,1,1.2500,false,46.5161,185.9253,2406
2,2027-11-01,ACS,2,1.2500,false,46.3177,192.6833,2406
2,2027-11-01,ACS,3,1.2500,false,44.7721,184.7081,2406
2,2027-11-01,ACS,4,1.2500,false,46.2242,188.0973,2406
2,2027-11-01,ACS,5,1.2500,true,,,2406
2,2027-11-01,ACS,1,1.1250,false,39.6800,176.0023,2406
2,2027-11-01,ACS,2,1.1250,true,,,2406
2,2027-11-01,ACS,3,1.1250,false,43.0545,179.8891,2406
2,2027-11-01,ACS,4,1.1250,false,41.2953,177.9932,2406
2,2027-11-01,ACS,5,1.1250,true,,,2406
2,2027-11-01,ACS,1,1.0625,false,39.6056,172.7036,2406
2,2027-11-01,ACS,2,1.0625,true,,,2406
2,2027-11-01,ACS,3,1.0625,true,,,2406
2,2027-11-01,ACS,4,1.0625,true,,,2406
2,2027-11-01,ACS,5,1.0625,false,41.9366,179.2964,2406
2,2027-11-01,ACS,1,1.0313,false,39.6056,172.7036,2406
2,2027-11-01,ACS,2,1.0313,true,,,2406
2,2027-11-01,ACS,3,1.0313,true,,,2406
2,2027-11-01,ACS,4,1.0313,true,,,2406
2,2027-11-01,ACS,5,1.0313,false,41.9366,179.2964,2406
2,2027-11-01,ACS,1,1.1000,false,39.6056,172.7036,2406
2,2027-11-01,ACS,2,1.1000,true,,,2406
2,2027-11-01,ACS,3,1.1000,true,,,2406
2,2027-11-01,ACS,4,1.1000,true,,,2406
2,2027-11-01,ACS,5,1.1000,false,41.9366,179.2964,2406
2,2027-11-01,ACS,1,1.2000,false,42.9044,182.7692,2406
2,2027-11-01,ACS,2,1.2000,true,,,2406
2,2027-11-01,ACS,3,1.2000,true,,,2406
2,2027-11-01,ACS,4,1.2000,false,42.9804,181.1086,2406
2,2027-11-01,ACS,5,1.2000,false,43.3312,182.1131,2406
2,2027-11-01,GRASP_VNS,1,2.0000,true,,,2406
2,2027-11-01,GRASP_VNS,2,2.0000,true,,,2406
2,2027-11-01,GRASP_VNS,3,2.0000,true,,,2406
2,2027-11-01,GRASP_VNS,4,2.0000,true,,,2406
2,2027-11-01,GRASP_VNS,5,2.0000,true,,,2406
2,2027-11-01,GRASP_VNS,1,1.5000,false,66.0961,316.6154,2406
2,2027-11-01,GRASP_VNS,2,1.5000,false,65.4385,320.1109,2406
2,2027-11-01,GRASP_VNS,3,1.5000,false,66.8974,325.4661,2406
2,2027-11-01,GRASP_VNS,4,1.5000,false,65.0025,326.6335,2406
2,2027-11-01,GRASP_VNS,5,1.5000,false,66.1577,320.1674,2406
2,2027-11-01,GRASP_VNS,1,1.7500,true,,,2406
2,2027-11-01,GRASP_VNS,2,1.7500,true,,,2406
2,2027-11-01,GRASP_VNS,3,1.7500,true,,,2406
2,2027-11-01,GRASP_VNS,4,1.7500,true,,,2406
2,2027-11-01,GRASP_VNS,5,1.7500,true,,,2406
2,2027-11-01,GRASP_VNS,1,1.6250,true,,,2406
2,2027-11-01,GRASP_VNS,2,1.6250,true,,,2406
2,2027-11-01,GRASP_VNS,3,1.6250,true,,,2406
2,2027-11-01,GRASP_VNS,4,1.6250,true,,,2406
2,2027-11-01,GRASP_VNS,5,1.6250,false,69.7902,335.7308,2406
2,2027-11-01,GRASP_VNS,1,1.5625,false,69.8190,334.4095,2406
2,2027-11-01,GRASP_VNS,2,1.5625,false,68.0073,323.9231,2406
2,2027-11-01,GRASP_VNS,3,1.5625,false,69.2780,328.0204,2406
2,2027-11-01,GRASP_VNS,4,1.5625,false,67.8930,328.2692,2406
2,2027-11-01,GRASP_VNS,5,1.5625,false,70.9289,336.4683,2406
2,2027-11-01,GRASP_VNS,1,1.5938,false,69.0240,324.6742,2406
2,2027-11-01,GRASP_VNS,2,1.5938,false,70.7508,325.4570,2406
2,2027-11-01,GRASP_VNS,3,1.5938,true,,,2406
2,2027-11-01,GRASP_VNS,4,1.5938,false,68.3680,331.6652,2406
2,2027-11-01,GRASP_VNS,5,1.5938,false,68.1490,328.4955,2406
2,2027-11-01,GRASP_VNS,1,1.6625,true,,,2406
2,2027-11-01,GRASP_VNS,2,1.6625,true,,,2406
2,2027-11-01,GRASP_VNS,3,1.6625,true,,,2406
2,2027-11-01,GRASP_VNS,4,1.6625,true,,,2406
2,2027-11-01,GRASP_VNS,5,1.6625,true,,,2406
2,2027-11-01,GRASP_VNS,1,1.7625,true,,,2406
2,2027-11-01,GRASP_VNS,2,1.7625,true,,,2406
2,2027-11-01,GRASP_VNS,3,1.7625,true,,,2406
2,2027-11-01,GRASP_VNS,4,1.7625,true,,,2406
2,2027-11-01,GRASP_VNS,5,1.7625,true,,,2406
2,2027-07-01,ACS,1,2.0000,true,,,2426
2,2027-07-01,ACS,2,2.0000,true,,,2426
2,2027-07-01,ACS,3,2.0000,true,,,2426
2,2027-07-01,ACS,4,2.0000,true,,,2426
2,2027-07-01,ACS,5,2.0000,true,,,2426
2,2027-07-01,ACS,1,1.5000,true,,,2426
2,2027-07-01,ACS,2,1.5000,true,,,2426
2,2027-07-01,ACS,3,1.5000,true,,,2426
2,2027-07-01,ACS,4,1.5000,true,,,2426
2,2027-07-01,ACS,5,1.5000,true,,,2426
2,2027-07-01,ACS,1,1.2500,false,45.1656,183.8639,2426
2,2027-07-01,ACS,2,1.2500,true,,,2426
2,2027-07-01,ACS,3,1.2500,false,45.0314,180.5034,2426
2,2027-07-01,ACS,4,1.2500,true,,,2426
2,2027-07-01,ACS,5,1.2500,true,,,2426
2,2027-07-01,ACS,1,1.1250,false,39.7349,174.2834,2426
2,2027-07-01,ACS,2,1.1250,true,,,2426
2,2027-07-01,ACS,3,1.1250,false,42.4949,172.4331,2426
2,2027-07-01,ACS,4,1.1250,true,,,2426
2,2027-07-01,ACS,5,1.1250,false,41.6835,173.2834,2426
2,2027-07-01,ACS,1,1.0625,false,41.6727,169.1497,2426
2,2027-07-01,ACS,2,1.0625,false,41.1507,166.0091,2426
2,2027-07-01,ACS,3,1.0625,false,43.7925,170.1973,2426
2,2027-07-01,ACS,4,1.0625,false,43.3066,174.2358,2426
2,2027-07-01,ACS,5,1.0625,true,,,2426
2,2027-07-01,ACS,1,1.0313,false,41.6727,169.1497,2426
2,2027-07-01,ACS,2,1.0313,false,41.1507,166.0091,2426
2,2027-07-01,ACS,3,1.0313,false,43.7925,170.1973,2426
2,2027-07-01,ACS,4,1.0313,false,43.3066,174.2358,2426
2,2027-07-01,ACS,5,1.0313,true,,,2426
2,2027-07-01,ACS,1,1.1000,false,41.6727,169.1497,2426
2,2027-07-01,ACS,2,1.1000,false,41.1507,166.0091,2426
2,2027-07-01,ACS,3,1.1000,false,43.7925,170.1973,2426
2,2027-07-01,ACS,4,1.1000,false,43.3066,174.2358,2426
2,2027-07-01,ACS,5,1.1000,true,,,2426
2,2027-07-01,ACS,1,1.2000,false,44.5469,176.5442,2426
2,2027-07-01,ACS,2,1.2000,true,,,2426
2,2027-07-01,ACS,3,1.2000,true,,,2426
2,2027-07-01,ACS,4,1.2000,true,,,2426
2,2027-07-01,ACS,5,1.2000,false,44.4864,176.5374,2426
2,2027-07-01,GRASP_VNS,1,2.0000,true,,,2426
2,2027-07-01,GRASP_VNS,2,2.0000,true,,,2426
2,2027-07-01,GRASP_VNS,3,2.0000,false,73.4977,337.4898,2426
2,2027-07-01,GRASP_VNS,4,2.0000,true,,,2426
2,2027-07-01,GRASP_VNS,5,2.0000,false,73.9884,334.4535,2426
2,2027-07-01,GRASP_VNS,1,1.5000,false,63.1447,318.0658,2426
2,2027-07-01,GRASP_VNS,2,1.5000,false,64.8356,316.9433,2426
2,2027-07-01,GRASP_VNS,3,1.5000,false,64.9212,315.1338,2426
2,2027-07-01,GRASP_VNS,4,1.5000,false,66.2535,318.1361,2426
2,2027-07-01,GRASP_VNS,5,1.5000,false,64.9204,312.4218,2426
2,2027-07-01,GRASP_VNS,1,1.7500,true,,,2426
2,2027-07-01,GRASP_VNS,2,1.7500,true,,,2426
2,2027-07-01,GRASP_VNS,3,1.7500,false,74.1217,341.2540,2426
2,2027-07-01,GRASP_VNS,4,1.7500,false,73.4788,340.8934,2426
2,2027-07-01,GRASP_VNS,5,1.7500,true,,,2426
2,2027-07-01,GRASP_VNS,1,1.6250,false,70.9327,331.2245,2426
2,2027-07-01,GRASP_VNS,2,1.6250,false,73.9276,337.1973,2426
2,2027-07-01,GRASP_VNS,3,1.6250,false,72.0886,338.2177,2426
2,2027-07-01,GRASP_VNS,4,1.6250,true,,,2426
2,2027-07-01,GRASP_VNS,5,1.6250,false,72.1579,331.7279,2426
2,2027-07-01,GRASP_VNS,1,1.5625,false,66.5569,318.8322,2426
2,2027-07-01,GRASP_VNS,2,1.5625,false,68.6027,321.7438,2426
2,2027-07-01,GRASP_VNS,3,1.5625,false,69.1108,327.9093,2426
2,2027-07-01,GRASP_VNS,4,1.5625,false,67.7995,327.8980,2426
2,2027-07-01,GRASP_VNS,5,1.5625,false,65.5691,324.6621,2426
2,2027-07-01,GRASP_VNS,1,1.5938,false,69.1074,325.5351,2426
2,2027-07-01,GRASP_VNS,2,1.5938,false,70.2910,331.4739,2426
2,2027-07-01,GRASP_VNS,3,1.5938,false,67.8186,330.2404,2426
2,2027-07-01,GRASP_VNS,4,1.5938,false,69.4296,325.7370,2426
2,2027-07-01,GRASP_VNS,5,1.5938,false,69.0136,331.1293,2426
2,2027-07-01,GRASP_VNS,1,1.6938,false,72.7517,331.6735,2426
2,2027-07-01,GRASP_VNS,2,1.6938,true,,,2426
2,2027-07-01,GRASP_VNS,3,1.6938,true,,,2426
2,2027-07-01,GRASP_VNS,4,1.6938,false,73.4098,336.5601,2426
2,2027-07-01,GRASP_VNS,5,1.6938,false,73.3473,339.2562,2426
2,2027-07-01,GRASP_VNS,1,1.7938,true,,,2426
2,2027-07-01,GRASP_VNS,2,1.7938,true,,,2426
2,2027-07-01,GRASP_VNS,3,1.7938,true,,,2426
2,2027-07-01,GRASP_VNS,4,1.7938,true,,,2426
2,2027-07-01,GRASP_VNS,5,1.7938,true,,,2426
2,2027-07-10,ACS,1,2.0000,true,,,2286
2,2027-07-10,ACS,2,2.0000,true,,,2286
2,2027-07-10,ACS,3,2.0000,true,,,2286
2,2027-07-10,ACS,4,2.0000,true,,,2286
2,2027-07-10,ACS,5,2.0000,true,,,2286
2,2027-07-10,ACS,1,1.5000,false,46.3901,204.8601,2286
2,2027-07-10,ACS,2,1.5000,true,,,2286
2,2027-07-10,ACS,3,1.5000,false,47.7369,204.7133,2286
2,2027-07-10,ACS,4,1.5000,true,,,2286
2,2027-07-10,ACS,5,1.5000,true,,,2286
2,2027-07-10,ACS,1,1.2500,false,41.9251,186.3463,2286
2,2027-07-10,ACS,2,1.2500,true,,,2286
2,2027-07-10,ACS,3,1.2500,false,41.1642,188.2706,2286
2,2027-07-10,ACS,4,1.2500,false,41.8983,184.4197,2286
2,2027-07-10,ACS,5,1.2500,false,41.5978,186.1399,2286
2,2027-07-10,ACS,1,1.1250,false,39.7142,179.1330,2286
2,2027-07-10,ACS,2,1.1250,false,38.2088,176.3922,2286
2,2027-07-10,ACS,3,1.1250,false,36.9282,174.2087,2286
2,2027-07-10,ACS,4,1.1250,false,38.3003,176.3211,2286
2,2027-07-10,ACS,5,1.1250,false,39.3215,175.9335,2286
2,2027-07-10,ACS,1,1.1875,false,38.9853,179.6789,2286
2,2027-07-10,ACS,2,1.1875,false,38.0601,178.2615,2286
2,2027-07-10,ACS,3,1.1875,false,38.1987,177.4771,2286
2,2027-07-10,ACS,4,1.1875,false,39.8152,180.7156,2286
2,2027-07-10,ACS,5,1.1875,false,40.5351,179.8326,2286
2,2027-07-10,ACS,1,1.2188,false,41.1034,183.1674,2286
2,2027-07-10,ACS,2,1.2188,false,41.2478,185.7110,2286
2,2027-07-10,ACS,3,1.2188,false,41.7819,184.5872,2286
2,2027-07-10,ACS,4,1.2188,false,42.6217,189.2913,2286
2,2027-07-10,ACS,5,1.2188,false,42.0778,187.3463,2286
2,2027-07-10,ACS,1,1.3188,false,42.1220,191.6697,2286
2,2027-07-10,ACS,2,1.3188,false,44.1121,194.4679,2286
2,2027-07-10,ACS,3,1.3188,false,41.6120,189.6812,2286
2,2027-07-10,ACS,4,1.3188,false,41.5433,187.3463,2286
2,2027-07-10,ACS,5,1.3188,false,42.0734,191.0596,2286
2,2027-07-10,ACS,1,1.4188,false,45.8364,199.4885,2286
2,2027-07-10,ACS,2,1.4188,true,,,2286
2,2027-07-10,ACS,3,1.4188,false,44.3160,193.6032,2286
2,2027-07-10,ACS,4,1.4188,false,46.9541,201.1170,2286
2,2027-07-10,ACS,5,1.4188,true,,,2286
2,2027-07-10,GRASP_VNS,1,2.0000,false,67.5757,336.8050,2286
2,2027-07-10,GRASP_VNS,2,2.0000,false,71.5466,350.8463,2286
2,2027-07-10,GRASP_VNS,3,2.0000,false,68.1974,345.0849,2286
2,2027-07-10,GRASP_VNS,4,2.0000,false,68.5104,349.4794,2286
2,2027-07-10,GRASP_VNS,5,2.0000,false,67.6635,333.1789,2286
2,2027-07-10,GRASP_VNS,1,4.0000,true,,,2286
2,2027-07-10,GRASP_VNS,2,4.0000,true,,,2286
2,2027-07-10,GRASP_VNS,3,4.0000,true,,,2286
2,2027-07-10,GRASP_VNS,4,4.0000,true,,,2286
2,2027-07-10,GRASP_VNS,5,4.0000,true,,,2286
2,2027-07-10,GRASP_VNS,1,3.0000,true,,,2286
2,2027-07-10,GRASP_VNS,2,3.0000,true,,,2286
2,2027-07-10,GRASP_VNS,3,3.0000,true,,,2286
2,2027-07-10,GRASP_VNS,4,3.0000,true,,,2286
2,2027-07-10,GRASP_VNS,5,3.0000,true,,,2286
2,2027-07-10,GRASP_VNS,1,2.5000,true,,,2286
2,2027-07-10,GRASP_VNS,2,2.5000,true,,,2286
2,2027-07-10,GRASP_VNS,3,2.5000,true,,,2286
2,2027-07-10,GRASP_VNS,4,2.5000,true,,,2286
2,2027-07-10,GRASP_VNS,5,2.5000,true,,,2286
2,2027-07-10,GRASP_VNS,1,2.2500,true,,,2286
2,2027-07-10,GRASP_VNS,2,2.2500,true,,,2286
2,2027-07-10,GRASP_VNS,3,2.2500,true,,,2286
2,2027-07-10,GRASP_VNS,4,2.2500,true,,,2286
2,2027-07-10,GRASP_VNS,5,2.2500,true,,,2286
2,2027-07-10,GRASP_VNS,1,2.1250,true,,,2286
2,2027-07-10,GRASP_VNS,2,2.1250,true,,,2286
2,2027-07-10,GRASP_VNS,3,2.1250,true,,,2286
2,2027-07-10,GRASP_VNS,4,2.1250,true,,,2286
2,2027-07-10,GRASP_VNS,5,2.1250,true,,,2286
2,2027-07-10,GRASP_VNS,1,2.0625,true,,,2286
2,2027-07-10,GRASP_VNS,2,2.0625,true,,,2286
2,2027-07-10,GRASP_VNS,3,2.0625,true,,,2286
2,2027-07-10,GRASP_VNS,4,2.0625,true,,,2286
2,2027-07-10,GRASP_VNS,5,2.0625,true,,,2286
2,2027-07-10,GRASP_VNS,1,2.0313,true,,,2286
2,2027-07-10,GRASP_VNS,2,2.0313,true,,,2286
2,2027-07-10,GRASP_VNS,3,2.0313,true,,,2286
2,2027-07-10,GRASP_VNS,4,2.0313,true,,,2286
2,2027-07-10,GRASP_VNS,5,2.0313,true,,,2286
2,2027-07-10,GRASP_VNS,1,2.1000,true,,,2286
2,2027-07-10,GRASP_VNS,2,2.1000,true,,,2286
2,2027-07-10,GRASP_VNS,3,2.1000,true,,,2286
2,2027-07-10,GRASP_VNS,4,2.1000,true,,,2286
2,2027-07-10,GRASP_VNS,5,2.1000,true,,,2286
2,2027-07-10,GRASP_VNS,1,2.2000,true,,,2286
2,2027-07-10,GRASP_VNS,2,2.2000,true,,,2286
2,2027-07-10,GRASP_VNS,3,2.2000,true,,,2286
2,2027-07-10,GRASP_VNS,4,2.2000,true,,,2286
2,2027-07-10,GRASP_VNS,5,2.2000,true,,,2286
2,2027-08-04,ACS,1,2.0000,true,,,2443
2,2027-08-04,ACS,2,2.0000,true,,,2443
2,2027-08-04,ACS,3,2.0000,true,,,2443
2,2027-08-04,ACS,4,2.0000,true,,,2443
2,2027-08-04,ACS,5,2.0000,true,,,2443
2,2027-08-04,ACS,1,1.5000,false,51.0773,221.8134,2443
2,2027-08-04,ACS,2,1.5000,true,,,2443
2,2027-08-04,ACS,3,1.5000,true,,,2443
2,2027-08-04,ACS,4,1.5000,false,51.5026,223.2834,2443
2,2027-08-04,ACS,5,1.5000,false,51.9360,224.1336,2443
2,2027-08-04,ACS,1,1.2500,false,45.9134,199.8548,2443
2,2027-08-04,ACS,2,1.2500,false,45.7795,203.6359,2443
2,2027-08-04,ACS,3,1.2500,false,44.4837,202.3802,2443
2,2027-08-04,ACS,4,1.2500,false,46.2360,200.2719,2443
2,2027-08-04,ACS,5,1.2500,false,44.4292,200.0991,2443
2,2027-08-04,ACS,1,1.3750,false,50.3667,214.8111,2443
2,2027-08-04,ACS,2,1.3750,false,50.6935,216.1336,2443
2,2027-08-04,ACS,3,1.3750,false,49.2785,214.8710,2443
2,2027-08-04,ACS,4,1.3750,false,49.2127,211.8618,2443
2,2027-08-04,ACS,5,1.3750,false,51.2222,215.6359,2443
2,2027-08-04,ACS,1,1.4375,false,51.9742,221.5760,2443
2,2027-08-04,ACS,2,1.4375,false,50.7098,219.7811,2443
2,2027-08-04,ACS,3,1.4375,false,50.3467,220.6129,2443
2,2027-08-04,ACS,4,1.4375,false,49.0962,214.6751,2443
2,2027-08-04,ACS,5,1.4375,false,49.3743,219.1797,2443
2,2027-08-04,ACS,1,1.4688,false,51.0773,221.8134,2443
2,2027-08-04,ACS,2,1.4688,true,,,2443
2,2027-08-04,ACS,3,1.4688,true,,,2443
2,2027-08-04,ACS,4,1.4688,false,51.5026,223.2834,2443
2,2027-08-04,ACS,5,1.4688,false,51.9360,224.1336,2443
2,2027-08-04,ACS,1,1.5375,false,51.2749,227.3618,2443
2,2027-08-04,ACS,2,1.5375,false,51.6144,228.1244,2443
2,2027-08-04,ACS,3,1.5375,true,,,2443
2,2027-08-04,ACS,4,1.5375,false,54.8364,229.7765,2443
2,2027-08-04,ACS,5,1.5375,true,,,2443
2,2027-08-04,ACS,1,1.6375,true,,,2443
2,2027-08-04,ACS,2,1.6375,true,,,2443
2,2027-08-04,ACS,3,1.6375,false,55.3576,241.0714,2443
2,2027-08-04,ACS,4,1.6375,false,57.4607,240.0553,2443
2,2027-08-04,ACS,5,1.6375,true,,,2443
2,2027-08-04,GRASP_VNS,1,2.0000,true,,,2443
2,2027-08-04,GRASP_VNS,2,2.0000,true,,,2443
2,2027-08-04,GRASP_VNS,3,2.0000,true,,,2443
2,2027-08-04,GRASP_VNS,4,2.0000,true,,,2443
2,2027-08-04,GRASP_VNS,5,2.0000,true,,,2443
2,2027-08-04,GRASP_VNS,1,1.5000,false,70.3318,345.6313,2443
2,2027-08-04,GRASP_VNS,2,1.5000,false,68.7535,335.8088,2443
2,2027-08-04,GRASP_VNS,3,1.5000,false,69.9835,346.3710,2443
2,2027-08-04,GRASP_VNS,4,1.5000,false,69.2172,348.0853,2443
2,2027-08-04,GRASP_VNS,5,1.5000,false,67.4299,346.5207,2443
2,2027-08-04,GRASP_VNS,1,1.7500,true,,,2443
2,2027-08-04,GRASP_VNS,2,1.7500,true,,,2443
2,2027-08-04,GRASP_VNS,3,1.7500,false,76.4016,362.3871,2443
2,2027-08-04,GRASP_VNS,4,1.7500,false,77.3747,358.8041,2443
2,2027-08-04,GRASP_VNS,5,1.7500,false,76.1607,355.9263,2443
2,2027-08-04,GRASP_VNS,1,1.6250,false,74.9716,359.4816,2443
2,2027-08-04,GRASP_VNS,2,1.6250,false,76.3743,361.2028,2443
2,2027-08-04,GRASP_VNS,3,1.6250,false,72.4714,364.1267,2443
2,2027-08-04,GRASP_VNS,4,1.6250,false,75.0844,358.4309,2443
2,2027-08-04,GRASP_VNS,5,1.6250,false,75.3827,360.4447,2443
2,2027-08-04,GRASP_VNS,1,1.6875,false,76.6615,362.0899,2443
2,2027-08-04,GRASP_VNS,2,1.6875,false,75.0008,358.9931,2443
2,2027-08-04,GRASP_VNS,3,1.6875,false,74.3508,353.6866,2443
2,2027-08-04,GRASP_VNS,4,1.6875,false,75.1870,359.4954,2443
2,2027-08-04,GRASP_VNS,5,1.6875,false,75.1435,361.8295,2443
2,2027-08-04,GRASP_VNS,1,1.7188,true,,,2443
2,2027-08-04,GRASP_VNS,2,1.7188,true,,,2443
2,2027-08-04,GRASP_VNS,3,1.7188,false,76.4016,362.3871,2443
2,2027-08-04,GRASP_VNS,4,1.7188,false,77.3747,358.8041,2443
2,2027-08-04,GRASP_VNS,5,1.7188,false,76.1607,355.9263,2443
2,2027-08-04,GRASP_VNS,1,1.7875,true,,,2443
2,2027-08-04,GRASP_VNS,2,1.7875,true,,,2443
2,2027-08-04,GRASP_VNS,3,1.7875,true,,,2443
2,2027-08-04,GRASP_VNS,4,1.7875,false,77.3369,360.7834,2443
2,2027-08-04,GRASP_VNS,5,1.7875,true,,,2443
2,2027-08-04,GRASP_VNS,1,1.8875,true,,,2443
2,2027-08-04,GRASP_VNS,2,1.8875,true,,,2443
2,2027-08-04,GRASP_VNS,3,1.8875,true,,,2443
2,2027-08-04,GRASP_VNS,4,1.8875,true,,,2443
2,2027-08-04,GRASP_VNS,5,1.8875,true,,,2443
2,2027-06-03,ACS,1,2.0000,true,,,2377
2,2027-06-03,ACS,2,2.0000,true,,,2377
2,2027-06-03,ACS,3,2.0000,true,,,2377
2,2027-06-03,ACS,4,2.0000,true,,,2377
2,2027-06-03,ACS,5,2.0000,true,,,2377
2,2027-06-03,ACS,1,1.5000,true,,,2377
2,2027-06-03,ACS,2,1.5000,true,,,2377
2,2027-06-03,ACS,3,1.5000,false,48.1136,213.5561,2377
2,2027-06-03,ACS,4,1.5000,false,45.3460,212.6332,2377
2,2027-06-03,ACS,5,1.5000,true,,,2377
2,2027-06-03,ACS,1,1.2500,false,40.2984,191.7430,2377
2,2027-06-03,ACS,2,1.2500,false,41.1643,191.3855,2377
2,2027-06-03,ACS,3,1.2500,true,,,2377
2,2027-06-03,ACS,4,1.2500,false,44.3646,189.9860,2377
2,2027-06-03,ACS,5,1.2500,false,42.0014,189.8224,2377
2,2027-06-03,ACS,1,1.1250,false,37.3689,178.8388,2377
2,2027-06-03,ACS,2,1.1250,false,38.5953,181.3364,2377
2,2027-06-03,ACS,3,1.1250,false,40.4751,187.1706,2377
2,2027-06-03,ACS,4,1.1250,false,39.6763,186.9626,2377
2,2027-06-03,ACS,5,1.1250,false,38.7015,186.5818,2377
2,2027-06-03,ACS,1,1.1875,false,38.1437,185.6472,2377
2,2027-06-03,ACS,2,1.1875,false,41.6062,188.3855,2377
2,2027-06-03,ACS,3,1.1875,false,36.9052,186.4533,2377
2,2027-06-03,ACS,4,1.1875,false,39.2163,185.5234,2377
2,2027-06-03,ACS,5,1.1875,false,40.7057,185.6542,2377
2,2027-06-03,ACS,1,1.2188,true,,,2377
2,2027-06-03,ACS,2,1.2188,false,40.6978,189.2243,2377
2,2027-06-03,ACS,3,1.2188,false,40.3974,189.6589,2377
2,2027-06-03,ACS,4,1.2188,false,40.1267,188.4743,2377
2,2027-06-03,ACS,5,1.2188,false,42.6001,195.8505,2377
2,2027-06-03,ACS,1,1.2875,false,44.1426,200.7033,2377
2,2027-06-03,ACS,2,1.2875,false,42.5159,197.5467,2377
2,2027-06-03,ACS,3,1.2875,false,42.7049,200.2079,2377
2,2027-06-03,ACS,4,1.2875,false,41.2060,196.5818,2377
2,2027-06-03,ACS,5,1.2875,false,41.7524,196.8178,2377
2,2027-06-03,ACS,1,1.3875,true,,,2377
2,2027-06-03,ACS,2,1.3875,false,46.5077,203.4673,2377
2,2027-06-03,ACS,3,1.3875,true,,,2377
2,2027-06-03,ACS,4,1.3875,true,,,2377
2,2027-06-03,ACS,5,1.3875,false,47.2879,209.2220,2377
2,2027-06-03,GRASP_VNS,1,2.0000,false,70.5235,363.8037,2377
2,2027-06-03,GRASP_VNS,2,2.0000,true,,,2377
2,2027-06-03,GRASP_VNS,3,2.0000,false,70.2877,359.5888,2377
2,2027-06-03,GRASP_VNS,4,2.0000,false,70.3147,363.0584,2377
2,2027-06-03,GRASP_VNS,5,2.0000,false,72.7294,359.6215,2377
2,2027-06-03,GRASP_VNS,1,1.5000,false,61.7887,332.3154,2377
2,2027-06-03,GRASP_VNS,2,1.5000,false,58.1673,314.1121,2377
2,2027-06-03,GRASP_VNS,3,1.5000,false,60.9355,322.3458,2377
2,2027-06-03,GRASP_VNS,4,1.5000,false,60.3757,323.8364,2377
2,2027-06-03,GRASP_VNS,5,1.5000,false,61.0091,326.0724,2377
2,2027-06-03,GRASP_VNS,1,1.7500,false,68.1755,350.8271,2377
2,2027-06-03,GRASP_VNS,2,1.7500,false,69.5010,358.7593,2377
2,2027-06-03,GRASP_VNS,3,1.7500,false,68.8973,354.5093,2377
2,2027-06-03,GRASP_VNS,4,1.7500,false,72.0014,364.1659,2377
2,2027-06-03,GRASP_VNS,5,1.7500,false,69.2408,350.5467,2377
2,2027-06-03,GRASP_VNS,1,1.8750,true,,,2377
2,2027-06-03,GRASP_VNS,2,1.8750,true,,,2377
2,2027-06-03,GRASP_VNS,3,1.8750,true,,,2377
2,2027-06-03,GRASP_VNS,4,1.8750,true,,,2377
2,2027-06-03,GRASP_VNS,5,1.8750,false,74.4314,367.5864,2377
2,2027-06-03,GRASP_VNS,1,1.8125,false,73.1654,363.2593,2377
2,2027-06-03,GRASP_VNS,2,1.8125,true,,,2377
2,2027-06-03,GRASP_VNS,3,1.8125,false,74.8647,359.0724,2377
2,2027-06-03,GRASP_VNS,4,1.8125,true,,,2377
2,2027-06-03,GRASP_VNS,5,1.8125,true,,,2377
2,2027-06-03,GRASP_VNS,1,1.7813,false,72.9516,362.6612,2377
2,2027-06-03,GRASP_VNS,2,1.7813,false,72.1665,356.2243,2377
2,2027-06-03,GRASP_VNS,3,1.7813,false,71.7102,360.5023,2377
2,2027-06-03,GRASP_VNS,4,1.7813,false,71.5441,358.5537,2377
2,2027-06-03,GRASP_VNS,5,1.7813,false,72.9636,359.9673,2377
2,2027-06-03,GRASP_VNS,1,1.8813,false,71.5780,364.4766,2377
2,2027-06-03,GRASP_VNS,2,1.8813,true,,,2377
2,2027-06-03,GRASP_VNS,3,1.8813,true,,,2377
2,2027-06-03,GRASP_VNS,4,1.8813,true,,,2377
2,2027-06-03,GRASP_VNS,5,1.8813,true,,,2377
2,2027-06-03,GRASP_VNS,1,1.9813,false,70.5235,363.8037,2377
2,2027-06-03,GRASP_VNS,2,1.9813,true,,,2377
2,2027-06-03,GRASP_VNS,3,1.9813,false,70.2877,359.5888,2377
2,2027-06-03,GRASP_VNS,4,1.9813,false,70.3147,363.0584,2377
2,2027-06-03,GRASP_VNS,5,1.9813,false,72.7294,359.6215,2377
2,2027-09-02,ACS,1,2.0000,true,,,2354
2,2027-09-02,ACS,2,2.0000,true,,,2354
2,2027-09-02,ACS,3,2.0000,true,,,2354
2,2027-09-02,ACS,4,2.0000,true,,,2354
2,2027-09-02,ACS,5,2.0000,true,,,2354
2,2027-09-02,ACS,1,1.5000,true,,,2354
2,2027-09-02,ACS,2,1.5000,true,,,2354
2,2027-09-02,ACS,3,1.5000,true,,,2354
2,2027-09-02,ACS,4,1.5000,true,,,2354
2,2027-09-02,ACS,5,1.5000,true,,,2354
2,2027-09-02,ACS,1,1.2500,true,,,2354
2,2027-09-02,ACS,2,1.2500,true,,,2354
2,2027-09-02,ACS,3,1.2500,true,,,2354
2,2027-09-02,ACS,4,1.2500,false,45.1140,191.4076,2354
2,2027-09-02,ACS,5,1.2500,true,,,2354
2,2027-09-02,ACS,1,1.1250,false,40.5312,182.0332,2354
2,2027-09-02,ACS,2,1.1250,true,,,2354
2,2027-09-02,ACS,3,1.1250,false,42.2740,179.8507,2354
2,2027-09-02,ACS,4,1.1250,true,,,2354
2,2027-09-02,ACS,5,1.1250,false,40.1478,178.4194,2354
2,2027-09-02,ACS,1,1.0625,false,39.5192,175.5355,2354
2,2027-09-02,ACS,2,1.0625,true,,,2354
2,2027-09-02,ACS,3,1.0625,false,40.0302,176.2488,2354
2,2027-09-02,ACS,4,1.0625,false,41.9843,178.9787,2354
2,2027-09-02,ACS,5,1.0625,false,38.7620,177.6706,2354
2,2027-09-02,ACS,1,1.0313,false,39.5192,175.5355,2354
2,2027-09-02,ACS,2,1.0313,true,,,2354
2,2027-09-02,ACS,3,1.0313,false,40.0302,176.2488,2354
2,2027-09-02,ACS,4,1.0313,false,41.9843,178.9787,2354
2,2027-09-02,ACS,5,1.0313,false,38.7620,177.6706,2354
2,2027-09-02,ACS,1,1.1000,false,39.5192,175.5355,2354
2,2027-09-02,ACS,2,1.1000,true,,,2354
2,2027-09-02,ACS,3,1.1000,false,40.0302,176.2488,2354
2,2027-09-02,ACS,4,1.1000,false,41.9843,178.9787,2354
2,2027-09-02,ACS,5,1.1000,false,38.7620,177.6706,2354
2,2027-09-02,ACS,1,1.2000,false,41.7815,181.7844,2354
2,2027-09-02,ACS,2,1.2000,true,,,2354
2,2027-09-02,ACS,3,1.2000,false,41.9401,186.5237,2354
2,2027-09-02,ACS,4,1.2000,true,,,2354
2,2027-09-02,ACS,5,1.2000,false,42.3991,185.4123,2354
2,2027-09-02,GRASP_VNS,1,2.0000,true,,,2354
2,2027-09-02,GRASP_VNS,2,2.0000,true,,,2354
2,2027-09-02,GRASP_VNS,3,2.0000,true,,,2354
2,2027-09-02,GRASP_VNS,4,2.0000,true,,,2354
2,2027-09-02,GRASP_VNS,5,2.0000,true,,,2354
2,2027-09-02,GRASP_VNS,1,1.5000,false,67.2172,321.8412,2354
2,2027-09-02,GRASP_VNS,2,1.5000,false,65.9949,320.2654,2354
2,2027-09-02,GRASP_VNS,3,1.5000,false,66.6106,325.6706,2354
2,2027-09-02,GRASP_VNS,4,1.5000,false,66.0045,318.2227,2354
2,2027-09-02,GRASP_VNS,5,1.5000,false,66.2828,317.0782,2354
2,2027-09-02,GRASP_VNS,1,1.7500,true,,,2354
2,2027-09-02,GRASP_VNS,2,1.7500,true,,,2354
2,2027-09-02,GRASP_VNS,3,1.7500,true,,,2354
2,2027-09-02,GRASP_VNS,4,1.7500,true,,,2354
2,2027-09-02,GRASP_VNS,5,1.7500,true,,,2354
2,2027-09-02,GRASP_VNS,1,1.6250,true,,,2354
2,2027-09-02,GRASP_VNS,2,1.6250,true,,,2354
2,2027-09-02,GRASP_VNS,3,1.6250,false,69.8159,325.6374,2354
2,2027-09-02,GRASP_VNS,4,1.6250,true,,,2354
2,2027-09-02,GRASP_VNS,5,1.6250,true,,,2354
2,2027-09-02,GRASP_VNS,1,1.5625,false,65.7159,332.4550,2354
2,2027-09-02,GRASP_VNS,2,1.5625,false,69.4683,334.0355,2354
2,2027-09-02,GRASP_VNS,3,1.5625,false,66.6279,325.9431,2354
2,2027-09-02,GRASP_VNS,4,1.5625,false,68.2891,329.8033,2354
2,2027-09-02,GRASP_VNS,5,1.5625,true,,,2354
2,2027-09-02,GRASP_VNS,1,1.5313,false,68.2782,328.0142,2354
2,2027-09-02,GRASP_VNS,2,1.5313,false,67.5976,324.1754,2354
2,2027-09-02,GRASP_VNS,3,1.5313,false,69.0555,331.4739,2354
2,2027-09-02,GRASP_VNS,4,1.5313,false,67.6855,327.5118,2354
2,2027-09-02,GRASP_VNS,5,1.5313,false,68.1616,334.3270,2354
2,2027-09-02,GRASP_VNS,1,1.6313,true,,,2354
2,2027-09-02,GRASP_VNS,2,1.6313,true,,,2354
2,2027-09-02,GRASP_VNS,3,1.6313,true,,,2354
2,2027-09-02,GRASP_VNS,4,1.6313,true,,,2354
2,2027-09-02,GRASP_VNS,5,1.6313,true,,,2354
2,2027-09-02,GRASP_VNS,1,1.7313,true,,,2354
2,2027-09-02,GRASP_VNS,2,1.7313,true,,,2354
2,2027-09-02,GRASP_VNS,3,1.7313,true,,,2354
2,2027-09-02,GRASP_VNS,4,1.7313,true,,,2354
2,2027-09-02,GRASP_VNS,5,1.7313,true,,,2354
2,2027-07-06,ACS,1,2.0000,false,53.4461,244.9234,2354
2,2027-07-06,ACS,2,2.0000,true,,,2354
2,2027-07-06,ACS,3,2.0000,true,,,2354
2,2027-07-06,ACS,4,2.0000,true,,,2354
2,2027-07-06,ACS,5,2.0000,false,55.2837,254.0455,2354
2,2027-07-06,ACS,1,1.5000,false,46.5897,212.5455,2354
2,2027-07-06,ACS,2,1.5000,false,47.8008,213.0646,2354
2,2027-07-06,ACS,3,1.5000,false,46.3509,210.1890,2354
2,2027-07-06,ACS,4,1.5000,false,48.6606,213.0789,2354
2,2027-07-06,ACS,5,1.5000,false,47.5682,212.4354,2354
2,2027-07-06,ACS,1,1.7500,true,,,2354
2,2027-07-06,ACS,2,1.7500,true,,,2354
2,2027-07-06,ACS,3,1.7500,true,,,2354
2,2027-07-06,ACS,4,1.7500,false,53.8392,233.0167,2354
2,2027-07-06,ACS,5,1.7500,true,,,2354
2,2027-07-06,ACS,1,1.6250,false,54.1715,227.2321,2354
2,2027-07-06,ACS,2,1.6250,true,,,2354
2,2027-07-06,ACS,3,1.6250,true,,,2354
2,2027-07-06,ACS,4,1.6250,false,53.9790,228.2608,2354
2,2027-07-06,ACS,5,1.6250,false,53.0135,226.9880,2354
2,2027-07-06,ACS,1,1.5625,false,48.2768,220.6483,2354
2,2027-07-06,ACS,2,1.5625,false,50.8219,220.0431,2354
2,2027-07-06,ACS,3,1.5625,true,,,2354
2,2027-07-06,ACS,4,1.5625,false,49.9313,219.3086,2354
2,2027-07-06,ACS,5,1.5625,false,50.4075,218.5383,2354
2,2027-07-06,ACS,1,1.5313,false,48.7261,219.1244,2354
2,2027-07-06,ACS,2,1.5313,true,,,2354
2,2027-07-06,ACS,3,1.5313,false,50.0210,219.6483,2354
2,2027-07-06,ACS,4,1.5313,false,50.5462,222.3780,2354
2,2027-07-06,ACS,5,1.5313,false,48.8417,222.6962,2354
2,2027-07-06,ACS,1,1.6000,false,48.7134,221.0000,2354
2,2027-07-06,ACS,2,1.6000,false,50.8587,224.1100,2354
2,2027-07-06,ACS,3,1.6000,false,48.9185,221.9234,2354
2,2027-07-06,ACS,4,1.6000,false,50.6570,224.7297,2354
2,2027-07-06,ACS,5,1.6000,false,51.7042,223.9904,2354
2,2027-07-06,ACS,1,1.7000,true,,,2354
2,2027-07-06,ACS,2,1.7000,true,,,2354
2,2027-07-06,ACS,3,1.7000,true,,,2354
2,2027-07-06,ACS,4,1.7000,false,54.5178,236.1699,2354
2,2027-07-06,ACS,5,1.7000,false,52.7630,230.8158,2354
2,2027-07-06,GRASP_VNS,1,2.0000,false,72.8039,354.3517,2354
2,2027-07-06,GRASP_VNS,2,2.0000,false,69.4133,354.1148,2354
2,2027-07-06,GRASP_VNS,3,2.0000,false,71.7929,351.0550,2354
2,2027-07-06,GRASP_VNS,4,2.0000,false,71.5725,351.6962,2354
2,2027-07-06,GRASP_VNS,5,2.0000,false,70.9215,351.9976,2354
2,2027-07-06,GRASP_VNS,1,4.0000,true,,,2354
2,2027-07-06,GRASP_VNS,2,4.0000,true,,,2354
2,2027-07-06,GRASP_VNS,3,4.0000,true,,,2354
2,2027-07-06,GRASP_VNS,4,4.0000,true,,,2354
2,2027-07-06,GRASP_VNS,5,4.0000,true,,,2354
2,2027-07-06,GRASP_VNS,1,3.0000,true,,,2354
2,2027-07-06,GRASP_VNS,2,3.0000,true,,,2354
2,2027-07-06,GRASP_VNS,3,3.0000,true,,,2354
2,2027-07-06,GRASP_VNS,4,3.0000,true,,,2354
2,2027-07-06,GRASP_VNS,5,3.0000,true,,,2354
2,2027-07-06,GRASP_VNS,1,2.5000,true,,,2354
2,2027-07-06,GRASP_VNS,2,2.5000,true,,,2354
2,2027-07-06,GRASP_VNS,3,2.5000,true,,,2354
2,2027-07-06,GRASP_VNS,4,2.5000,true,,,2354
2,2027-07-06,GRASP_VNS,5,2.5000,true,,,2354
2,2027-07-06,GRASP_VNS,1,2.2500,true,,,2354
2,2027-07-06,GRASP_VNS,2,2.2500,true,,,2354
2,2027-07-06,GRASP_VNS,3,2.2500,true,,,2354
2,2027-07-06,GRASP_VNS,4,2.2500,true,,,2354
2,2027-07-06,GRASP_VNS,5,2.2500,true,,,2354
2,2027-07-06,GRASP_VNS,1,2.1250,true,,,2354
2,2027-07-06,GRASP_VNS,2,2.1250,true,,,2354
2,2027-07-06,GRASP_VNS,3,2.1250,true,,,2354
2,2027-07-06,GRASP_VNS,4,2.1250,true,,,2354
2,2027-07-06,GRASP_VNS,5,2.1250,true,,,2354
2,2027-07-06,GRASP_VNS,1,2.0625,true,,,2354
2,2027-07-06,GRASP_VNS,2,2.0625,true,,,2354
2,2027-07-06,GRASP_VNS,3,2.0625,true,,,2354
2,2027-07-06,GRASP_VNS,4,2.0625,true,,,2354
2,2027-07-06,GRASP_VNS,5,2.0625,true,,,2354
2,2027-07-06,GRASP_VNS,1,2.0313,true,,,2354
2,2027-07-06,GRASP_VNS,2,2.0313,true,,,2354
2,2027-07-06,GRASP_VNS,3,2.0313,true,,,2354
2,2027-07-06,GRASP_VNS,4,2.0313,true,,,2354
2,2027-07-06,GRASP_VNS,5,2.0313,true,,,2354
2,2027-07-06,GRASP_VNS,1,2.1000,true,,,2354
2,2027-07-06,GRASP_VNS,2,2.1000,true,,,2354
2,2027-07-06,GRASP_VNS,3,2.1000,true,,,2354
2,2027-07-06,GRASP_VNS,4,2.1000,true,,,2354
2,2027-07-06,GRASP_VNS,5,2.1000,true,,,2354
2,2027-07-06,GRASP_VNS,1,2.2000,true,,,2354
2,2027-07-06,GRASP_VNS,2,2.2000,true,,,2354
2,2027-07-06,GRASP_VNS,3,2.2000,true,,,2354
2,2027-07-06,GRASP_VNS,4,2.2000,true,,,2354
2,2027-07-06,GRASP_VNS,5,2.2000,true,,,2354
2,2027-10-02,ACS,1,2.0000,true,,,2315
2,2027-10-02,ACS,2,2.0000,true,,,2315
2,2027-10-02,ACS,3,2.0000,true,,,2315
2,2027-10-02,ACS,4,2.0000,true,,,2315
2,2027-10-02,ACS,5,2.0000,true,,,2315
2,2027-10-02,ACS,1,1.5000,true,,,2315
2,2027-10-02,ACS,2,1.5000,false,45.5085,217.7171,2315
2,2027-10-02,ACS,3,1.5000,false,47.6800,212.6610,2315
2,2027-10-02,ACS,4,1.5000,false,46.1479,215.0146,2315
2,2027-10-02,ACS,5,1.5000,false,47.1763,214.9439,2315
2,2027-10-02,ACS,1,1.2500,false,41.6331,197.5293,2315
2,2027-10-02,ACS,2,1.2500,false,39.8801,195.2171,2315
2,2027-10-02,ACS,3,1.2500,false,41.4923,194.5585,2315
2,2027-10-02,ACS,4,1.2500,false,41.7022,197.3561,2315
2,2027-10-02,ACS,5,1.2500,false,40.6846,197.1146,2315
2,2027-10-02,ACS,1,1.3750,true,,,2315
2,2027-10-02,ACS,2,1.3750,false,43.4138,207.7610,2315
2,2027-10-02,ACS,3,1.3750,false,47.2549,210.8122,2315
2,2027-10-02,ACS,4,1.3750,false,44.7484,211.4683,2315
2,2027-10-02,ACS,5,1.3750,false,45.3088,209.1829,2315
2,2027-10-02,ACS,1,1.3125,false,41.8928,200.9756,2315
2,2027-10-02,ACS,2,1.3125,false,42.1651,198.7390,2315
2,2027-10-02,ACS,3,1.3125,false,42.3142,205.4634,2315
2,2027-10-02,ACS,4,1.3125,true,,,2315
2,2027-10-02,ACS,5,1.3125,false,44.3725,208.9024,2315
2,2027-10-02,ACS,1,1.2813,false,41.4532,199.3805,2315
2,2027-10-02,ACS,2,1.2813,false,40.3250,199.1854,2315
2,2027-10-02,ACS,3,1.2813,true,,,2315
2,2027-10-02,ACS,4,1.2813,false,42.0744,201.9756,2315
2,2027-10-02,ACS,5,1.2813,false,41.9087,199.5390,2315
2,2027-10-02,ACS,1,1.3500,true,,,2315
2,2027-10-02,ACS,2,1.3500,false,43.4138,207.7610,2315
2,2027-10-02,ACS,3,1.3500,false,47.2549,210.8122,2315
2,2027-10-02,ACS,4,1.3500,false,44.7484,211.4683,2315
2,2027-10-02,ACS,5,1.3500,false,45.3088,209.1829,2315
2,2027-10-02,ACS,1,1.4500,true,,,2315
2,2027-10-02,ACS,2,1.4500,false,45.5085,217.7171,2315
2,2027-10-02,ACS,3,1.4500,false,47.6800,212.6610,2315
2,2027-10-02,ACS,4,1.4500,false,46.1479,215.0146,2315
2,2027-10-02,ACS,5,1.4500,false,47.1763,214.9439,2315
2,2027-10-02,GRASP_VNS,1,2.0000,false,67.3174,364.7537,2315
2,2027-10-02,GRASP_VNS,2,2.0000,false,66.7025,355.0732,2315
2,2027-10-02,GRASP_VNS,3,2.0000,false,69.0466,364.4341,2315
2,2027-10-02,GRASP_VNS,4,2.0000,false,68.9682,366.4268,2315
2,2027-10-02,GRASP_VNS,5,2.0000,false,66.5920,362.7805,2315
2,2027-10-02,GRASP_VNS,1,4.0000,true,,,2315
2,2027-10-02,GRASP_VNS,2,4.0000,true,,,2315
2,2027-10-02,GRASP_VNS,3,4.0000,true,,,2315
2,2027-10-02,GRASP_VNS,4,4.0000,true,,,2315
2,2027-10-02,GRASP_VNS,5,4.0000,true,,,2315
2,2027-10-02,GRASP_VNS,1,3.0000,true,,,2315
2,2027-10-02,GRASP_VNS,2,3.0000,true,,,2315
2,2027-10-02,GRASP_VNS,3,3.0000,true,,,2315
2,2027-10-02,GRASP_VNS,4,3.0000,true,,,2315
2,2027-10-02,GRASP_VNS,5,3.0000,true,,,2315
2,2027-10-02,GRASP_VNS,1,2.5000,true,,,2315
2,2027-10-02,GRASP_VNS,2,2.5000,true,,,2315
2,2027-10-02,GRASP_VNS,3,2.5000,true,,,2315
2,2027-10-02,GRASP_VNS,4,2.5000,true,,,2315
2,2027-10-02,GRASP_VNS,5,2.5000,true,,,2315
2,2027-10-02,GRASP_VNS,1,2.2500,true,,,2315
2,2027-10-02,GRASP_VNS,2,2.2500,true,,,2315
2,2027-10-02,GRASP_VNS,3,2.2500,true,,,2315
2,2027-10-02,GRASP_VNS,4,2.2500,true,,,2315
2,2027-10-02,GRASP_VNS,5,2.2500,true,,,2315
2,2027-10-02,GRASP_VNS,1,2.1250,true,,,2315
2,2027-10-02,GRASP_VNS,2,2.1250,true,,,2315
2,2027-10-02,GRASP_VNS,3,2.1250,true,,,2315
2,2027-10-02,GRASP_VNS,4,2.1250,true,,,2315
2,2027-10-02,GRASP_VNS,5,2.1250,true,,,2315
2,2027-10-02,GRASP_VNS,1,2.0625,true,,,2315
2,2027-10-02,GRASP_VNS,2,2.0625,true,,,2315
2,2027-10-02,GRASP_VNS,3,2.0625,true,,,2315
2,2027-10-02,GRASP_VNS,4,2.0625,true,,,2315
2,2027-10-02,GRASP_VNS,5,2.0625,true,,,2315
2,2027-10-02,GRASP_VNS,1,2.0313,true,,,2315
2,2027-10-02,GRASP_VNS,2,2.0313,true,,,2315
2,2027-10-02,GRASP_VNS,3,2.0313,true,,,2315
2,2027-10-02,GRASP_VNS,4,2.0313,true,,,2315
2,2027-10-02,GRASP_VNS,5,2.0313,true,,,2315
2,2027-10-02,GRASP_VNS,1,2.1000,true,,,2315
2,2027-10-02,GRASP_VNS,2,2.1000,true,,,2315
2,2027-10-02,GRASP_VNS,3,2.1000,true,,,2315
2,2027-10-02,GRASP_VNS,4,2.1000,true,,,2315
2,2027-10-02,GRASP_VNS,5,2.1000,true,,,2315
2,2027-10-02,GRASP_VNS,1,2.2000,true,,,2315
2,2027-10-02,GRASP_VNS,2,2.2000,true,,,2315
2,2027-10-02,GRASP_VNS,3,2.2000,true,,,2315
2,2027-10-02,GRASP_VNS,4,2.2000,true,,,2315
2,2027-10-02,GRASP_VNS,5,2.2000,true,,,2315
2,2027-05-01,ACS,1,2.0000,false,54.1724,257.4083,2263
2,2027-05-01,ACS,2,2.0000,false,53.2933,254.0880,2263
2,2027-05-01,ACS,3,2.0000,false,54.4014,255.1100,2263
2,2027-05-01,ACS,4,2.0000,true,,,2263
2,2027-05-01,ACS,5,2.0000,true,,,2263
2,2027-05-01,ACS,1,1.5000,false,47.7637,220.2372,2263
2,2027-05-01,ACS,2,1.5000,false,46.4767,216.5403,2263
2,2027-05-01,ACS,3,1.5000,false,45.5945,218.6259,2263
2,2027-05-01,ACS,4,1.5000,false,47.1169,219.3545,2263
2,2027-05-01,ACS,5,1.5000,false,46.3566,216.8093,2263
2,2027-05-01,ACS,1,1.7500,false,53.1815,241.5672,2263
2,2027-05-01,ACS,2,1.7500,false,53.3061,242.6699,2263
2,2027-05-01,ACS,3,1.7500,true,,,2263
2,2027-05-01,ACS,4,1.7500,true,,,2263
2,2027-05-01,ACS,5,1.7500,false,55.7046,240.1076,2263
2,2027-05-01,ACS,1,1.6250,false,51.7799,232.5844,2263
2,2027-05-01,ACS,2,1.6250,false,50.9415,228.5526,2263
2,2027-05-01,ACS,3,1.6250,false,51.6521,232.6259,2263
2,2027-05-01,ACS,4,1.6250,false,52.3775,234.7384,2263
2,2027-05-01,ACS,5,1.6250,false,50.3722,233.8289,2263
2,2027-05-01,ACS,1,1.6875,true,,,2263
2,2027-05-01,ACS,2,1.6875,false,53.2103,236.2763,2263
2,2027-05-01,ACS,3,1.6875,true,,,2263
2,2027-05-01,ACS,4,1.6875,false,53.3293,239.6161,2263
2,2027-05-01,ACS,5,1.6875,false,52.6436,239.4083,2263
2,2027-05-01,ACS,1,1.6563,false,53.4047,233.9438,2263
2,2027-05-01,ACS,2,1.6563,true,,,2263
2,2027-05-01,ACS,3,1.6563,false,52.8376,233.4450,2263
2,2027-05-01,ACS,4,1.6563,true,,,2263
2,2027-05-01,ACS,5,1.6563,true,,,2263
2,2027-05-01,ACS,1,1.7250,false,53.1815,241.5672,2263
2,2027-05-01,ACS,2,1.7250,false,53.3061,242.6699,2263
2,2027-05-01,ACS,3,1.7250,true,,,2263
2,2027-05-01,ACS,4,1.7250,true,,,2263
2,2027-05-01,ACS,5,1.7250,false,55.7046,240.1076,2263
2,2027-05-01,ACS,1,1.8250,false,57.8134,253.8215,2263
2,2027-05-01,ACS,2,1.8250,true,,,2263
2,2027-05-01,ACS,3,1.8250,false,56.1655,248.3667,2263
2,2027-05-01,ACS,4,1.8250,true,,,2263
2,2027-05-01,ACS,5,1.8250,false,55.4776,253.7188,2263
2,2027-05-01,GRASP_VNS,1,2.0000,false,70.0113,371.5355,2263
2,2027-05-01,GRASP_VNS,2,2.0000,false,70.1040,366.7188,2263
2,2027-05-01,GRASP_VNS,3,2.0000,false,66.7970,360.2152,2263
2,2027-05-01,GRASP_VNS,4,2.0000,false,70.3085,370.7800,2263
2,2027-05-01,GRASP_VNS,5,2.0000,false,67.9893,365.9095,2263
2,2027-05-01,GRASP_VNS,1,4.0000,true,,,2263
2,2027-05-01,GRASP_VNS,2,4.0000,true,,,2263
2,2027-05-01,GRASP_VNS,3,4.0000,true,,,2263
2,2027-05-01,GRASP_VNS,4,4.0000,true,,,2263
2,2027-05-01,GRASP_VNS,5,4.0000,true,,,2263
2,2027-05-01,GRASP_VNS,1,3.0000,true,,,2263
2,2027-05-01,GRASP_VNS,2,3.0000,true,,,2263
2,2027-05-01,GRASP_VNS,3,3.0000,true,,,2263
2,2027-05-01,GRASP_VNS,4,3.0000,true,,,2263
2,2027-05-01,GRASP_VNS,5,3.0000,true,,,2263
2,2027-05-01,GRASP_VNS,1,2.5000,true,,,2263
2,2027-05-01,GRASP_VNS,2,2.5000,true,,,2263
2,2027-05-01,GRASP_VNS,3,2.5000,true,,,2263
2,2027-05-01,GRASP_VNS,4,2.5000,true,,,2263
2,2027-05-01,GRASP_VNS,5,2.5000,true,,,2263
2,2027-05-01,GRASP_VNS,1,2.2500,true,,,2263
2,2027-05-01,GRASP_VNS,2,2.2500,true,,,2263
2,2027-05-01,GRASP_VNS,3,2.2500,true,,,2263
2,2027-05-01,GRASP_VNS,4,2.2500,true,,,2263
2,2027-05-01,GRASP_VNS,5,2.2500,true,,,2263
2,2027-05-01,GRASP_VNS,1,2.1250,true,,,2263
2,2027-05-01,GRASP_VNS,2,2.1250,true,,,2263
2,2027-05-01,GRASP_VNS,3,2.1250,true,,,2263
2,2027-05-01,GRASP_VNS,4,2.1250,true,,,2263
2,2027-05-01,GRASP_VNS,5,2.1250,true,,,2263
2,2027-05-01,GRASP_VNS,1,2.0625,true,,,2263
2,2027-05-01,GRASP_VNS,2,2.0625,true,,,2263
2,2027-05-01,GRASP_VNS,3,2.0625,true,,,2263
2,2027-05-01,GRASP_VNS,4,2.0625,true,,,2263
2,2027-05-01,GRASP_VNS,5,2.0625,true,,,2263
2,2027-05-01,GRASP_VNS,1,2.0313,true,,,2263
2,2027-05-01,GRASP_VNS,2,2.0313,true,,,2263
2,2027-05-01,GRASP_VNS,3,2.0313,true,,,2263
2,2027-05-01,GRASP_VNS,4,2.0313,true,,,2263
2,2027-05-01,GRASP_VNS,5,2.0313,true,,,2263
2,2027-05-01,GRASP_VNS,1,2.1000,true,,,2263
2,2027-05-01,GRASP_VNS,2,2.1000,true,,,2263
2,2027-05-01,GRASP_VNS,3,2.1000,true,,,2263
2,2027-05-01,GRASP_VNS,4,2.1000,true,,,2263
2,2027-05-01,GRASP_VNS,5,2.1000,true,,,2263
2,2027-05-01,GRASP_VNS,1,2.2000,true,,,2263
2,2027-05-01,GRASP_VNS,2,2.2000,true,,,2263
2,2027-05-01,GRASP_VNS,3,2.2000,true,,,2263
2,2027-05-01,GRASP_VNS,4,2.2000,true,,,2263
2,2027-05-01,GRASP_VNS,5,2.2000,true,,,2263
2,2027-05-03,ACS,1,2.0000,false,51.3749,255.8313,2259
2,2027-05-03,ACS,2,2.0000,false,52.8842,257.0273,2259
2,2027-05-03,ACS,3,2.0000,false,51.4066,252.9082,2259
2,2027-05-03,ACS,4,2.0000,true,,,2259
2,2027-05-03,ACS,5,2.0000,false,47.4006,248.1836,2259
2,2027-05-03,ACS,1,1.5000,true,,,2259
2,2027-05-03,ACS,2,1.5000,false,44.1619,215.5658,2259
2,2027-05-03,ACS,3,1.5000,false,43.3590,215.1960,2259
2,2027-05-03,ACS,4,1.5000,false,43.3544,217.0347,2259
2,2027-05-03,ACS,5,1.5000,false,42.7801,212.9132,2259
2,2027-05-03,ACS,1,1.2500,false,38.4366,192.8114,2259
2,2027-05-03,ACS,2,1.2500,false,38.3975,192.1613,2259
2,2027-05-03,ACS,3,1.2500,false,37.4977,194.5732,2259
2,2027-05-03,ACS,4,1.2500,false,37.7117,195.7891,2259
2,2027-05-03,ACS,5,1.2500,false,37.8182,194.5037,2259
2,2027-05-03,ACS,1,1.3750,false,41.8564,205.4888,2259
2,2027-05-03,ACS,2,1.3750,false,43.1915,207.7469,2259
2,2027-05-03,ACS,3,1.3750,true,,,2259
2,2027-05-03,ACS,4,1.3750,false,43.3944,209.0819,2259
2,2027-05-03,ACS,5,1.3750,false,42.3650,206.5509,2259
2,2027-05-03,ACS,1,1.3125,false,39.6884,200.6898,2259
2,2027-05-03,ACS,2,1.3125,false,39.4744,202.3524,2259
2,2027-05-03,ACS,3,1.3125,false,39.7216,200.8238,2259
2,2027-05-03,ACS,4,1.3125,false,40.5651,203.3499,2259
2,2027-05-03,ACS,5,1.3125,false,41.2943,202.5980,2259
2,2027-05-03,ACS,1,1.3438,false,41.8564,205.4888,2259
2,2027-05-03,ACS,2,1.3438,false,43.1915,207.7469,2259
2,2027-05-03,ACS,3,1.3438,true,,,2259
2,2027-05-03,ACS,4,1.3438,false,43.3944,209.0819,2259
2,2027-05-03,ACS,5,1.3438,false,42.3650,206.5509,2259
2,2027-05-03,ACS,1,1.4125,false,42.5768,212.2854,2259
2,2027-05-03,ACS,2,1.4125,true,,,2259
2,2027-05-03,ACS,3,1.4125,false,42.7300,217.3226,2259
2,2027-05-03,ACS,4,1.4125,false,42.2316,212.3226,2259
2,2027-05-03,ACS,5,1.4125,false,40.1370,206.6849,2259
2,2027-05-03,ACS,1,1.5125,false,44.4098,222.7196,2259
2,2027-05-03,ACS,2,1.5125,false,43.9455,222.5906,2259
2,2027-05-03,ACS,3,1.5125,false,44.1764,220.5087,2259
2,2027-05-03,ACS,4,1.5125,false,43.7856,226.0620,2259
2,2027-05-03,ACS,5,1.5125,true,,,2259
2,2027-05-03,GRASP_VNS,1,2.0000,false,61.5845,360.6154,2259
2,2027-05-03,GRASP_VNS,2,2.0000,false,65.4758,368.8313,2259
2,2027-05-03,GRASP_VNS,3,2.0000,false,66.8989,367.5931,2259
2,2027-05-03,GRASP_VNS,4,2.0000,false,66.6835,371.1836,2259
2,2027-05-03,GRASP_VNS,5,2.0000,false,64.7798,370.5931,2259
2,2027-05-03,GRASP_VNS,1,4.0000,true,,,2259
2,2027-05-03,GRASP_VNS,2,4.0000,true,,,2259
2,2027-05-03,GRASP_VNS,3,4.0000,true,,,2259
2,2027-05-03,GRASP_VNS,4,4.0000,true,,,2259
2,2027-05-03,GRASP_VNS,5,4.0000,true,,,2259
2,2027-05-03,GRASP_VNS,1,3.0000,true,,,2259
2,2027-05-03,GRASP_VNS,2,3.0000,true,,,2259
2,2027-05-03,GRASP_VNS,3,3.0000,true,,,2259
2,2027-05-03,GRASP_VNS,4,3.0000,true,,,2259
2,2027-05-03,GRASP_VNS,5,3.0000,true,,,2259
2,2027-05-03,GRASP_VNS,1,2.5000,true,,,2259
2,2027-05-03,GRASP_VNS,2,2.5000,true,,,2259
2,2027-05-03,GRASP_VNS,3,2.5000,true,,,2259
2,2027-05-03,GRASP_VNS,4,2.5000,true,,,2259
2,2027-05-03,GRASP_VNS,5,2.5000,true,,,2259
2,2027-05-03,GRASP_VNS,1,2.2500,true,,,2259
2,2027-05-03,GRASP_VNS,2,2.2500,true,,,2259
2,2027-05-03,GRASP_VNS,3,2.2500,true,,,2259
2,2027-05-03,GRASP_VNS,4,2.2500,true,,,2259
2,2027-05-03,GRASP_VNS,5,2.2500,true,,,2259
2,2027-05-03,GRASP_VNS,1,2.1250,false,75.3372,400.8610,2259
2,2027-05-03,GRASP_VNS,2,2.1250,true,,,2259
2,2027-05-03,GRASP_VNS,3,2.1250,true,,,2259
2,2027-05-03,GRASP_VNS,4,2.1250,true,,,2259
2,2027-05-03,GRASP_VNS,5,2.1250,true,,,2259
2,2027-05-03,GRASP_VNS,1,2.0625,true,,,2259
2,2027-05-03,GRASP_VNS,2,2.0625,false,75.3413,402.3325,2259
2,2027-05-03,GRASP_VNS,3,2.0625,true,,,2259
2,2027-05-03,GRASP_VNS,4,2.0625,false,75.4273,395.0943,2259
2,2027-05-03,GRASP_VNS,5,2.0625,false,75.4410,398.4566,2259
2,2027-05-03,GRASP_VNS,1,2.0313,true,,,2259
2,2027-05-03,GRASP_VNS,2,2.0313,false,75.3413,402.3325,2259
2,2027-05-03,GRASP_VNS,3,2.0313,true,,,2259
2,2027-05-03,GRASP_VNS,4,2.0313,false,75.4273,395.0943,2259
2,2027-05-03,GRASP_VNS,5,2.0313,false,75.4410,398.4566,2259
2,2027-05-03,GRASP_VNS,1,2.1000,true,,,2259
2,2027-05-03,GRASP_VNS,2,2.1000,false,75.3413,402.3325,2259
2,2027-05-03,GRASP_VNS,3,2.1000,true,,,2259
2,2027-05-03,GRASP_VNS,4,2.1000,false,75.4273,395.0943,2259
2,2027-05-03,GRASP_VNS,5,2.1000,false,75.4410,398.4566,2259
2,2027-05-03,GRASP_VNS,1,2.2000,true,,,2259
2,2027-05-03,GRASP_VNS,2,2.2000,true,,,2259
2,2027-05-03,GRASP_VNS,3,2.2000,true,,,2259
2,2027-05-03,GRASP_VNS,4,2.2000,true,,,2259
2,2027-05-03,GRASP_VNS,5,2.2000,true,,,2259
2,2027-05-05,ACS,1,2.0000,true,,,2254
2,2027-05-05,ACS,2,2.0000,true,,,2254
2,2027-05-05,ACS,3,2.0000,true,,,2254
2,2027-05-05,ACS,4,2.0000,true,,,2254
2,2027-05-05,ACS,5,2.0000,true,,,2254
2,2027-05-05,ACS,1,1.5000,false,44.8374,220.2775,2254
2,2027-05-05,ACS,2,1.5000,false,44.2321,220.0475,2254
2,2027-05-05,ACS,3,1.5000,false,44.1599,221.7075,2254
2,2027-05-05,ACS,4,1.5000,false,44.8314,219.7225,2254
2,2027-05-05,ACS,5,1.5000,false,43.6453,220.0675,2254
2,2027-05-05,ACS,1,1.7500,true,,,2254
2,2027-05-05,ACS,2,1.7500,true,,,2254
2,2027-05-05,ACS,3,1.7500,false,52.8751,244.7875,2254
2,2027-05-05,ACS,4,1.7500,true,,,2254
2,2027-05-05,ACS,5,1.7500,true,,,2254
2,2027-05-05,ACS,1,1.6250,false,48.6328,234.2450,2254
2,2027-05-05,ACS,2,1.6250,true,,,2254
2,2027-05-05,ACS,3,1.6250,false,49.6864,237.8325,2254
2,2027-05-05,ACS,4,1.6250,true,,,2254
2,2027-05-05,ACS,5,1.6250,false,50.8948,236.2375,2254
2,2027-05-05,ACS,1,1.5625,true,,,2254
2,2027-05-05,ACS,2,1.5625,false,46.7657,226.9950,2254
2,2027-05-05,ACS,3,1.5625,false,45.1688,231.3950,2254
2,2027-05-05,ACS,4,1.5625,false,45.7142,233.1350,2254
2,2027-05-05,ACS,5,1.5625,false,47.4058,231.6075,2254
2,2027-05-05,ACS,1,1.5313,false,46.1777,232.3150,2254
2,2027-05-05,ACS,2,1.5313,false,42.2860,225.3450,2254
2,2027-05-05,ACS,3,1.5313,false,46.9954,230.0625,2254
2,2027-05-05,ACS,4,1.5313,false,45.3979,225.3550,2254
2,2027-05-05,ACS,5,1.5313,false,44.6792,233.1200,2254
2,2027-05-05,ACS,1,1.6313,true,,,2254
2,2027-05-05,ACS,2,1.6313,false,49.8201,236.2450,2254
2,2027-05-05,ACS,3,1.6313,true,,,2254
2,2027-05-05,ACS,4,1.6313,false,49.9849,240.3650,2254
2,2027-05-05,ACS,5,1.6313,false,49.6143,240.2350,2254
2,2027-05-05,ACS,1,1.7313,true,,,2254
2,2027-05-05,ACS,2,1.7313,true,,,2254
2,2027-05-05,ACS,3,1.7313,false,52.8751,244.7875,2254
2,2027-05-05,ACS,4,1.7313,true,,,2254
2,2027-05-05,ACS,5,1.7313,true,,,2254
2,2027-05-05,GRASP_VNS,1,2.0000,false,67.5864,368.2050,2254
2,2027-05-05,GRASP_VNS,2,2.0000,false,66.7634,365.4000,2254
2,2027-05-05,GRASP_VNS,3,2.0000,false,67.1566,367.3025,2254
2,2027-05-05,GRASP_VNS,4,2.0000,false,66.4297,362.8450,2254
2,2027-05-05,GRASP_VNS,5,2.0000,false,67.2523,363.5075,2254
2,2027-05-05,GRASP_VNS,1,4.0000,true,,,2254
2,2027-05-05,GRASP_VNS,2,4.0000,true,,,2254
2,2027-05-05,GRASP_VNS,3,4.0000,true,,,2254
2,2027-05-05,GRASP_VNS,4,4.0000,true,,,2254
2,2027-05-05,GRASP_VNS,5,4.0000,true,,,2254
2,2027-05-05,GRASP_VNS,1,3.0000,true,,,2254
2,2027-05-05,GRASP_VNS,2,3.0000,true,,,2254
2,2027-05-05,GRASP_VNS,3,3.0000,true,,,2254
2,2027-05-05,GRASP_VNS,4,3.0000,true,,,2254
2,2027-05-05,GRASP_VNS,5,3.0000,true,,,2254
2,2027-05-05,GRASP_VNS,1,2.5000,true,,,2254
2,2027-05-05,GRASP_VNS,2,2.5000,true,,,2254
2,2027-05-05,GRASP_VNS,3,2.5000,true,,,2254
2,2027-05-05,GRASP_VNS,4,2.5000,true,,,2254
2,2027-05-05,GRASP_VNS,5,2.5000,true,,,2254
2,2027-05-05,GRASP_VNS,1,2.2500,true,,,2254
2,2027-05-05,GRASP_VNS,2,2.2500,true,,,2254
2,2027-05-05,GRASP_VNS,3,2.2500,true,,,2254
2,2027-05-05,GRASP_VNS,4,2.2500,true,,,2254
2,2027-05-05,GRASP_VNS,5,2.2500,true,,,2254
2,2027-05-05,GRASP_VNS,1,2.1250,true,,,2254
2,2027-05-05,GRASP_VNS,2,2.1250,true,,,2254
2,2027-05-05,GRASP_VNS,3,2.1250,true,,,2254
2,2027-05-05,GRASP_VNS,4,2.1250,true,,,2254
2,2027-05-05,GRASP_VNS,5,2.1250,true,,,2254
2,2027-05-05,GRASP_VNS,1,2.0625,true,,,2254
2,2027-05-05,GRASP_VNS,2,2.0625,true,,,2254
2,2027-05-05,GRASP_VNS,3,2.0625,true,,,2254
2,2027-05-05,GRASP_VNS,4,2.0625,true,,,2254
2,2027-05-05,GRASP_VNS,5,2.0625,true,,,2254
2,2027-05-05,GRASP_VNS,1,2.0313,true,,,2254
2,2027-05-05,GRASP_VNS,2,2.0313,true,,,2254
2,2027-05-05,GRASP_VNS,3,2.0313,true,,,2254
2,2027-05-05,GRASP_VNS,4,2.0313,true,,,2254
2,2027-05-05,GRASP_VNS,5,2.0313,true,,,2254
2,2027-05-05,GRASP_VNS,1,2.1000,true,,,2254
2,2027-05-05,GRASP_VNS,2,2.1000,true,,,2254
2,2027-05-05,GRASP_VNS,3,2.1000,true,,,2254
2,2027-05-05,GRASP_VNS,4,2.1000,true,,,2254
2,2027-05-05,GRASP_VNS,5,2.1000,true,,,2254
2,2027-05-05,GRASP_VNS,1,2.2000,true,,,2254
2,2027-05-05,GRASP_VNS,2,2.2000,true,,,2254
2,2027-05-05,GRASP_VNS,3,2.2000,true,,,2254
2,2027-05-05,GRASP_VNS,4,2.2000,true,,,2254
2,2027-05-05,GRASP_VNS,5,2.2000,true,,,2254
2,2027-09-01,ACS,1,2.0000,true,,,2146
2,2027-09-01,ACS,2,2.0000,true,,,2146
2,2027-09-01,ACS,3,2.0000,false,45.5634,247.3719,2146
2,2027-09-01,ACS,4,2.0000,false,46.1332,245.8467,2146
2,2027-09-01,ACS,5,2.0000,false,44.9758,246.9296,2146
2,2027-09-01,ACS,1,1.5000,false,39.3270,208.6508,2146
2,2027-09-01,ACS,2,1.5000,false,39.5147,207.3719,2146
2,2027-09-01,ACS,3,1.5000,false,40.9971,207.4095,2146
2,2027-09-01,ACS,4,1.5000,false,40.8153,208.5327,2146
2,2027-09-01,ACS,5,1.5000,false,37.2395,208.9171,2146
2,2027-09-01,ACS,1,1.7500,false,44.9873,232.6307,2146
2,2027-09-01,ACS,2,1.7500,false,43.9475,226.9121,2146
2,2027-09-01,ACS,3,1.7500,false,44.5521,232.6985,2146
2,2027-09-01,ACS,4,1.7500,false,44.8066,235.3618,2146
2,2027-09-01,ACS,5,1.7500,false,45.9837,234.9322,2146
2,2027-09-01,ACS,1,1.8750,false,45.5617,243.7915,2146
2,2027-09-01,ACS,2,1.8750,false,48.4495,243.2688,2146
2,2027-09-01,ACS,3,1.8750,false,48.3849,247.3819,2146
2,2027-09-01,ACS,4,1.8750,true,,,2146
2,2027-09-01,ACS,5,1.8750,false,49.6208,247.5000,2146
2,2027-09-01,ACS,1,1.8125,false,46.9307,245.1508,2146
2,2027-09-01,ACS,2,1.8125,true,,,2146
2,2027-09-01,ACS,3,1.8125,false,48.1797,242.9196,2146
2,2027-09-01,ACS,4,1.8125,false,48.5708,244.0352,2146
2,2027-09-01,ACS,5,1.8125,false,47.0068,244.2839,2146
2,2027-09-01,ACS,1,1.7813,false,46.7297,238.5151,2146
2,2027-09-01,ACS,2,1.7813,false,46.4907,239.0075,2146
2,2027-09-01,ACS,3,1.7813,false,46.6421,235.4573,2146
2,2027-09-01,ACS,4,1.7813,false,47.0449,236.3568,2146
2,2027-09-01,ACS,5,1.7813,false,45.2140,236.5678,2146
2,2027-09-01,ACS,1,1.8813,false,45.4388,245.2613,2146
2,2027-09-01,ACS,2,1.8813,false,45.6712,240.4925,2146
2,2027-09-01,ACS,3,1.8813,false,47.4100,245.2638,2146
2,2027-09-01,ACS,4,1.8813,false,48.4324,243.7739,2146
2,2027-09-01,ACS,5,1.8813,false,48.7933,249.2714,2146
2,2027-09-01,ACS,1,1.9813,true,,,2146
2,2027-09-01,ACS,2,1.9813,true,,,2146
2,2027-09-01,ACS,3,1.9813,false,45.5634,247.3719,2146
2,2027-09-01,ACS,4,1.9813,false,46.1332,245.8467,2146
2,2027-09-01,ACS,5,1.9813,false,44.9758,246.9296,2146
2,2027-09-01,GRASP_VNS,1,2.0000,false,58.4725,350.2462,2146
2,2027-09-01,GRASP_VNS,2,2.0000,false,58.3236,346.7387,2146
2,2027-09-01,GRASP_VNS,3,2.0000,false,58.0992,350.6457,2146
2,2027-09-01,GRASP_VNS,4,2.0000,false,57.3193,356.1935,2146
2,2027-09-01,GRASP_VNS,5,2.0000,false,58.0395,349.4724,2146
2,2027-09-01,GRASP_VNS,1,4.0000,true,,,2146
2,2027-09-01,GRASP_VNS,2,4.0000,true,,,2146
2,2027-09-01,GRASP_VNS,3,4.0000,true,,,2146
2,2027-09-01,GRASP_VNS,4,4.0000,true,,,2146
2,2027-09-01,GRASP_VNS,5,4.0000,true,,,2146
2,2027-09-01,GRASP_VNS,1,3.0000,true,,,2146
2,2027-09-01,GRASP_VNS,2,3.0000,true,,,2146
2,2027-09-01,GRASP_VNS,3,3.0000,true,,,2146
2,2027-09-01,GRASP_VNS,4,3.0000,true,,,2146
2,2027-09-01,GRASP_VNS,5,3.0000,true,,,2146
2,2027-09-01,GRASP_VNS,1,2.5000,true,,,2146
2,2027-09-01,GRASP_VNS,2,2.5000,true,,,2146
2,2027-09-01,GRASP_VNS,3,2.5000,true,,,2146
2,2027-09-01,GRASP_VNS,4,2.5000,true,,,2146
2,2027-09-01,GRASP_VNS,5,2.5000,true,,,2146
2,2027-09-01,GRASP_VNS,1,2.2500,true,,,2146
2,2027-09-01,GRASP_VNS,2,2.2500,true,,,2146
2,2027-09-01,GRASP_VNS,3,2.2500,true,,,2146
2,2027-09-01,GRASP_VNS,4,2.2500,true,,,2146
2,2027-09-01,GRASP_VNS,5,2.2500,true,,,2146
2,2027-09-01,GRASP_VNS,1,2.1250,false,71.1879,394.0854,2146
2,2027-09-01,GRASP_VNS,2,2.1250,false,67.5824,387.8844,2146
2,2027-09-01,GRASP_VNS,3,2.1250,false,71.5145,387.5302,2146
2,2027-09-01,GRASP_VNS,4,2.1250,false,69.5853,400.7915,2146
2,2027-09-01,GRASP_VNS,5,2.1250,false,71.0301,390.2714,2146
2,2027-09-01,GRASP_VNS,1,2.1875,true,,,2146
2,2027-09-01,GRASP_VNS,2,2.1875,false,70.1837,393.0151,2146
2,2027-09-01,GRASP_VNS,3,2.1875,false,72.0759,387.4146,2146
2,2027-09-01,GRASP_VNS,4,2.1875,true,,,2146
2,2027-09-01,GRASP_VNS,5,2.1875,true,,,2146
2,2027-09-01,GRASP_VNS,1,2.1563,false,71.2528,392.1985,2146
2,2027-09-01,GRASP_VNS,2,2.1563,false,69.3548,387.5754,2146
2,2027-09-01,GRASP_VNS,3,2.1563,true,,,2146
2,2027-09-01,GRASP_VNS,4,2.1563,false,70.0262,395.5930,2146
2,2027-09-01,GRASP_VNS,5,2.1563,true,,,2146
2,2027-09-01,GRASP_VNS,1,2.2250,true,,,2146
2,2027-09-01,GRASP_VNS,2,2.2250,true,,,2146
2,2027-09-01,GRASP_VNS,3,2.2250,true,,,2146
2,2027-09-01,GRASP_VNS,4,2.2250,true,,,2146
2,2027-09-01,GRASP_VNS,5,2.2250,true,,,2146
2,2027-09-01,GRASP_VNS,1,2.3250,true,,,2146
2,2027-09-01,GRASP_VNS,2,2.3250,true,,,2146
2,2027-09-01,GRASP_VNS,3,2.3250,false,70.9939,394.0729,2146
2,2027-09-01,GRASP_VNS,4,2.3250,true,,,2146
2,2027-09-01,GRASP_VNS,5,2.3250,true,,,2146
