experimento,fecha_bloque,algoritmo,semilla,lambda,colapso,metrica_sla,costo_por_pedido,unidades_bloque
1,2028-12-01,ACS,1,1.0000,true,,,6061
1,2028-12-01,ACS,2,1.0000,true,,,6061
1,2028-12-01,ACS,3,1.0000,true,,,6061
1,2028-12-01,ACS,4,1.0000,true,,,6061
1,2028-12-01,ACS,5,1.0000,true,,,6061
1,2028-12-01,GRASP_VNS,1,1.0000,true,,,6061
1,2028-12-01,GRASP_VNS,2,1.0000,true,,,6061
1,2028-12-01,GRASP_VNS,3,1.0000,true,,,6061
1,2028-12-01,GRASP_VNS,4,1.0000,true,,,6061
1,2028-12-01,GRASP_VNS,5,1.0000,true,,,6061
1,2028-12-03,ACS,1,1.0000,true,,,5772
1,2028-12-03,ACS,2,1.0000,true,,,5772
1,2028-12-03,ACS,3,1.0000,true,,,5772
1,2028-12-03,ACS,4,1.0000,true,,,5772
1,2028-12-03,ACS,5,1.0000,true,,,5772
1,2028-12-03,GRASP_VNS,1,1.0000,true,,,5772
1,2028-12-03,GRASP_VNS,2,1.0000,true,,,5772
1,2028-12-03,GRASP_VNS,3,1.0000,true,,,5772
1,2028-12-03,GRASP_VNS,4,1.0000,true,,,5772
1,2028-12-03,GRASP_VNS,5,1.0000,true,,,5772
1,2028-11-03,ACS,1,1.0000,true,,,5708
1,2028-11-03,ACS,2,1.0000,true,,,5708
1,2028-11-03,ACS,3,1.0000,true,,,5708
1,2028-11-03,ACS,4,1.0000,true,,,5708
1,2028-11-03,ACS,5,1.0000,true,,,5708
1,2028-11-03,GRASP_VNS,1,1.0000,true,,,5708
1,2028-11-03,GRASP_VNS,2,1.0000,true,,,5708
1,2028-11-03,GRASP_VNS,3,1.0000,true,,,5708
1,2028-11-03,GRASP_VNS,4,1.0000,true,,,5708
1,2028-11-03,GRASP_VNS,5,1.0000,true,,,5708
1,2028-10-02,ACS,1,1.0000,true,,,5661
1,2028-10-02,ACS,2,1.0000,true,,,5661
1,2028-10-02,ACS,3,1.0000,true,,,5661
1,2028-10-02,ACS,4,1.0000,true,,,5661
1,2028-10-02,ACS,5,1.0000,true,,,5661
1,2028-10-02,GRASP_VNS,1,1.0000,true,,,5661
1,2028-10-02,GRASP_VNS,2,1.0000,true,,,5661
1,2028-10-02,GRASP_VNS,3,1.0000,true,,,5661
1,2028-10-02,GRASP_VNS,4,1.0000,true,,,5661
1,2028-10-02,GRASP_VNS,5,1.0000,true,,,5661
1,2028-08-04,ACS,1,1.0000,true,,,5077
1,2028-08-04,ACS,2,1.0000,true,,,5077
1,2028-08-04,ACS,3,1.0000,true,,,5077
1,2028-08-04,ACS,4,1.0000,true,,,5077
1,2028-08-04,ACS,5,1.0000,true,,,5077
1,2028-08-04,GRASP_VNS,1,1.0000,true,,,5077
1,2028-08-04,GRASP_VNS,2,1.0000,true,,,5077
1,2028-08-04,GRASP_VNS,3,1.0000,true,,,5077
1,2028-08-04,GRASP_VNS,4,1.0000,true,,,5077
1,2028-08-04,GRASP_VNS,5,1.0000,true,,,5077
1,2028-08-01,ACS,1,1.0000,true,,,5039
1,2028-08-01,ACS,2,1.0000,true,,,5039
1,2028-08-01,ACS,3,1.0000,true,,,5039
1,2028-08-01,ACS,4,1.0000,true,,,5039
1,2028-08-01,ACS,5,1.0000,true,,,5039
1,2028-08-01,GRASP_VNS,1,1.0000,true,,,5039
1,2028-08-01,GRASP_VNS,2,1.0000,true,,,5039
1,2028-08-01,GRASP_VNS,3,1.0000,true,,,5039
1,2028-08-01,GRASP_VNS,4,1.0000,true,,,5039
1,2028-08-01,GRASP_VNS,5,1.0000,true,,,5039
1,2028-12-02,ACS,1,1.0000,true,,,5025
1,2028-12-02,ACS,2,1.0000,true,,,5025
1,2028-12-02,ACS,3,1.0000,true,,,5025
1,2028-12-02,ACS,4,1.0000,true,,,5025
1,2028-12-02,ACS,5,1.0000,true,,,5025
1,2028-12-02,GRASP_VNS,1,1.0000,true,,,5025
1,2028-12-02,GRASP_VNS,2,1.0000,true,,,5025
1,2028-12-02,GRASP_VNS,3,1.0000,true,,,5025
1,2028-12-02,GRASP_VNS,4,1.0000,true,,,5025
1,2028-12-02,GRASP_VNS,5,1.0000,true,,,5025
1,2028-11-04,ACS,1,1.0000,true,,,4992
1,2028-11-04,ACS,2,1.0000,true,,,4992
1,2028-11-04,ACS,3,1.0000,true,,,4992
1,2028-11-04,ACS,4,1.0000,true,,,4992
1,2028-11-04,ACS,5,1.0000,true,,,4992
1,2028-11-04,GRASP_VNS,1,1.0000,true,,,4992
1,2028-11-04,GRASP_VNS,2,1.0000,true,,,4992
1,2028-11-04,GRASP_VNS,3,1.0000,true,,,4992
1,2028-11-04,GRASP_VNS,4,1.0000,true,,,4992
1,2028-11-04,GRASP_VNS,5,1.0000,true,,,4992
1,2028-06-05,ACS,1,1.0000,true,,,4884
1,2028-06-05,ACS,2,1.0000,true,,,4884
1,2028-06-05,ACS,3,1.0000,true,,,4884
1,2028-06-05,ACS,4,1.0000,true,,,4884
1,2028-06-05,ACS,5,1.0000,true,,,4884
1,2028-06-05,GRASP_VNS,1,1.0000,true,,,4884
1,2028-06-05,GRASP_VNS,2,1.0000,true,,,4884
1,2028-06-05,GRASP_VNS,3,1.0000,true,,,4884
1,2028-06-05,GRASP_VNS,4,1.0000,true,,,4884
1,2028-06-05,GRASP_VNS,5,1.0000,true,,,4884
1,2028-09-04,ACS,1,1.0000,true,,,4826
1,2028-09-04,ACS,2,1.0000,true,,,4826
1,2028-09-04,ACS,3,1.0000,true,,,4826
1,2028-09-04,ACS,4,1.0000,true,,,4826
1,2028-09-04,ACS,5,1.0000,true,,,4826
1,2028-09-04,GRASP_VNS,1,1.0000,true,,,4826
1,2028-09-04,GRASP_VNS,2,1.0000,true,,,4826
1,2028-09-04,GRASP_VNS,3,1.0000,true,,,4826
1,2028-09-04,GRASP_VNS,4,1.0000,true,,,4826
1,2028-09-04,GRASP_VNS,5,1.0000,true,,,4826
1,2028-09-02,ACS,1,1.0000,true,,,4941
1,2028-09-02,ACS,2,1.0000,true,,,4941
1,2028-09-02,ACS,3,1.0000,true,,,4941
1,2028-09-02,ACS,4,1.0000,true,,,4941
1,2028-09-02,ACS,5,1.0000,true,,,4941
1,2028-09-02,GRASP_VNS,1,1.0000,true,,,4941
1,2028-09-02,GRASP_VNS,2,1.0000,true,,,4941
1,2028-09-02,GRASP_VNS,3,1.0000,true,,,4941
1,2028-09-02,GRASP_VNS,4,1.0000,true,,,4941
1,2028-09-02,GRASP_VNS,5,1.0000,true,,,4941
1,2028-10-01,ACS,1,1.0000,true,,,4706
1,2028-10-01,ACS,2,1.0000,true,,,4706
1,2028-10-01,ACS,3,1.0000,true,,,4706
1,2028-10-01,ACS,4,1.0000,true,,,4706
1,2028-10-01,ACS,5,1.0000,true,,,4706
1,2028-10-01,GRASP_VNS,1,1.0000,true,,,4706
1,2028-10-01,GRASP_VNS,2,1.0000,true,,,4706
1,2028-10-01,GRASP_VNS,3,1.0000,true,,,4706
1,2028-10-01,GRASP_VNS,4,1.0000,true,,,4706
1,2028-10-01,GRASP_VNS,5,1.0000,true,,,4706
1,2028-10-06,ACS,1,1.0000,true,,,4684
1,2028-10-06,ACS,2,1.0000,true,,,4684
1,2028-10-06,ACS,3,1.0000,true,,,4684
1,2028-10-06,ACS,4,1.0000,true,,,4684
1,2028-10-06,ACS,5,1.0000,true,,,4684
1,2028-10-06,GRASP_VNS,1,1.0000,true,,,4684
1,2028-10-06,GRASP_VNS,2,1.0000,true,,,4684
1,2028-10-06,GRASP_VNS,3,1.0000,true,,,4684
1,2028-10-06,GRASP_VNS,4,1.0000,true,,,4684
1,2028-10-06,GRASP_VNS,5,1.0000,true,,,4684
1,2028-12-04,ACS,1,1.0000,true,,,4919
1,2028-12-04,ACS,2,1.0000,true,,,4919
1,2028-12-04,ACS,3,1.0000,true,,,4919
1,2028-12-04,ACS,4,1.0000,true,,,4919
1,2028-12-04,ACS,5,1.0000,true,,,4919
1,2028-12-04,GRASP_VNS,1,1.0000,true,,,4919
1,2028-12-04,GRASP_VNS,2,1.0000,true,,,4919
1,2028-12-04,GRASP_VNS,3,1.0000,true,,,4919
1,2028-12-04,GRASP_VNS,4,1.0000,true,,,4919
1,2028-12-04,GRASP_VNS,5,1.0000,true,,,4919
1,2028-06-04,ACS,1,1.0000,true,,,4877
1,2028-06-04,ACS,2,1.0000,true,,,4877
1,2028-06-04,ACS,3,1.0000,true,,,4877
1,2028-06-04,ACS,4,1.0000,true,,,4877
1,2028-06-04,ACS,5,1.0000,true,,,4877
1,2028-06-04,GRASP_VNS,1,1.0000,true,,,4877
1,2028-06-04,GRASP_VNS,2,1.0000,true,,,4877
1,2028-06-04,GRASP_VNS,3,1.0000,true,,,4877
1,2028-06-04,GRASP_VNS,4,1.0000,true,,,4877
1,2028-06-04,GRASP_VNS,5,1.0000,true,,,4877
1,2028-11-05,ACS,1,1.0000,true,,,4706
1,2028-11-05,ACS,2,1.0000,true,,,4706
1,2028-11-05,ACS,3,1.0000,true,,,4706
1,2028-11-05,ACS,4,1.0000,true,,,4706
1,2028-11-05,ACS,5,1.0000,true,,,4706
1,2028-11-05,GRASP_VNS,1,1.0000,true,,,4706
1,2028-11-05,GRASP_VNS,2,1.0000,true,,,4706
1,2028-11-05,GRASP_VNS,3,1.0000,true,,,4706
1,2028-11-05,GRASP_VNS,4,1.0000,true,,,4706
1,2028-11-05,GRASP_VNS,5,1.0000,true,,,4706
1,2028-09-06,ACS,1,1.0000,true,,,4572
1,2028-09-06,ACS,2,1.0000,true,,,4572
1,2028-09-06,ACS,3,1.0000,true,,,4572
1,2028-09-06,ACS,4,1.0000,true,,,4572
1,2028-09-06,ACS,5,1.0000,true,,,4572
1,2028-09-06,GRASP_VNS,1,1.0000,true,,,4572
1,2028-09-06,GRASP_VNS,2,1.0000,true,,,4572
1,2028-09-06,GRASP_VNS,3,1.0000,true,,,4572
1,2028-09-06,GRASP_VNS,4,1.0000,true,,,4572
1,2028-09-06,GRASP_VNS,5,1.0000,true,,,4572
1,2028-11-01,ACS,1,1.0000,true,,,4543
1,2028-11-01,ACS,2,1.0000,true,,,4543
1,2028-11-01,ACS,3,1.0000,true,,,4543
1,2028-11-01,ACS,4,1.0000,true,,,4543
1,2028-11-01,ACS,5,1.0000,true,,,4543
1,2028-11-01,GRASP_VNS,1,1.0000,true,,,4543
1,2028-11-01,GRASP_VNS,2,1.0000,true,,,4543
1,2028-11-01,GRASP_VNS,3,1.0000,true,,,4543
1,2028-11-01,GRASP_VNS,4,1.0000,true,,,4543
1,2028-11-01,GRASP_VNS,5,1.0000,true,,,4543
1,2028-11-02,ACS,1,1.0000,true,,,4585
1,2028-11-02,ACS,2,1.0000,true,,,4585
1,2028-11-02,ACS,3,1.0000,true,,,4585
1,2028-11-02,ACS,4,1.0000,true,,,4585
1,2028-11-02,ACS,5,1.0000,true,,,4585
1,2028-11-02,GRASP_VNS,1,1.0000,true,,,4585
1,2028-11-02,GRASP_VNS,2,1.0000,true,,,4585
1,2028-11-02,GRASP_VNS,3,1.0000,true,,,4585
1,2028-11-02,GRASP_VNS,4,1.0000,true,,,4585
1,2028-11-02,GRASP_VNS,5,1.0000,true,,,4585
1,2028-06-02,ACS,1,1.0000,true,,,4506
1,2028-06-02,ACS,2,1.0000,true,,,4506
1,2028-06-02,ACS,3,1.0000,true,,,4506
1,2028-06-02,ACS,4,1.0000,true,,,4506
1,2028-06-02,ACS,5,1.0000,true,,,4506
1,2028-06-02,GRASP_VNS,1,1.0000,true,,,4506
1,2028-06-02,GRASP_VNS,2,1.0000,true,,,4506
1,2028-06-02,GRASP_VNS,3,1.0000,true,,,4506
1,2028-06-02,GRASP_VNS,4,1.0000,true,,,4506
1,2028-06-02,GRASP_VNS,5,1.0000,true,,,4506
1,2028-04-04,ACS,1,1.0000,true,,,4496
1,2028-04-04,ACS,2,1.0000,true,,,4496
1,2028-04-04,ACS,3,1.0000,true,,,4496
1,2028-04-04,ACS,4,1.0000,true,,,4496
1,2028-04-04,ACS,5,1.0000,true,,,4496
1,2028-04-04,GRASP_VNS,1,1.0000,true,,,4496
1,2028-04-04,GRASP_VNS,2,1.0000,true,,,4496
1,2028-04-04,GRASP_VNS,3,1.0000,true,,,4496
1,2028-04-04,GRASP_VNS,4,1.0000,true,,,4496
1,2028-04-04,GRASP_VNS,5,1.0000,true,,,4496
1,2028-07-04,ACS,1,1.0000,true,,,4519
1,2028-07-04,ACS,2,1.0000,true,,,4519
1,2028-07-04,ACS,3,1.0000,true,,,4519
1,2028-07-04,ACS,4,1.0000,true,,,4519
1,2028-07-04,ACS,5,1.0000,true,,,4519
1,2028-07-04,GRASP_VNS,1,1.0000,true,,,4519
1,2028-07-04,GRASP_VNS,2,1.0000,true,,,4519
1,2028-07-04,GRASP_VNS,3,1.0000,true,,,4519
1,2028-07-04,GRASP_VNS,4,1.0000,true,,,4519
1,2028-07-04,GRASP_VNS,5,1.0000,true,,,4519
1,2028-07-03,ACS,1,1.0000,true,,,4363
1,2028-07-03,ACS,2,1.0000,true,,,4363
1,2028-07-03,ACS,3,1.0000,true,,,4363
1,2028-07-03,ACS,4,1.0000,true,,,4363
1,2028-07-03,ACS,5,1.0000,true,,,4363
1,2028-07-03,GRASP_VNS,1,1.0000,true,,,4363
1,2028-07-03,GRASP_VNS,2,1.0000,true,,,4363
1,2028-07-03,GRASP_VNS,3,1.0000,true,,,4363
1,2028-07-03,GRASP_VNS,4,1.0000,true,,,4363
1,2028-07-03,GRASP_VNS,5,1.0000,true,,,4363
1,2028-05-05,ACS,1,1.0000,true,,,4406
1,2028-05-05,ACS,2,1.0000,true,,,4406
1,2028-05-05,ACS,3,1.0000,true,,,4406
1,2028-05-05,ACS,4,1.0000,true,,,4406
1,2028-05-05,ACS,5,1.0000,true,,,4406
1,2028-05-05,GRASP_VNS,1,1.0000,true,,,4406
1,2028-05-05,GRASP_VNS,2,1.0000,true,,,4406
1,2028-05-05,GRASP_VNS,3,1.0000,true,,,4406
1,2028-05-05,GRASP_VNS,4,1.0000,true,,,4406
1,2028-05-05,GRASP_VNS,5,1.0000,true,,,4406
1,2028-09-01,ACS,1,1.0000,true,,,4400
1,2028-09-01,ACS,2,1.0000,true,,,4400
1,2028-09-01,ACS,3,1.0000,true,,,4400
1,2028-09-01,ACS,4,1.0000,true,,,4400
1,2028-09-01,ACS,5,1.0000,true,,,4400
1,2028-09-01,GRASP_VNS,1,1.0000,true,,,4400
1,2028-09-01,GRASP_VNS,2,1.0000,true,,,4400
1,2028-09-01,GRASP_VNS,3,1.0000,true,,,4400
1,2028-09-01,GRASP_VNS,4,1.0000,true,,,4400
1,2028-09-01,GRASP_VNS,5,1.0000,true,,,4400
1,2028-04-01,ACS,1,1.0000,true,,,4326
1,2028-04-01,ACS,2,1.0000,true,,,4326
1,2028-04-01,ACS,3,1.0000,true,,,4326
1,2028-04-01,ACS,4,1.0000,true,,,4326
1,2028-04-01,ACS,5,1.0000,true,,,4326
1,2028-04-01,GRASP_VNS,1,1.0000,true,,,4326
1,2028-04-01,GRASP_VNS,2,1.0000,true,,,4326
1,2028-04-01,GRASP_VNS,3,1.0000,true,,,4326
1,2028-04-01,GRASP_VNS,4,1.0000,true,,,4326
1,2028-04-01,GRASP_VNS,5,1.0000,true,,,4326
1,2028-06-06,ACS,1,1.0000,true,,,4273
1,2028-06-06,ACS,2,1.0000,true,,,4273
1,2028-06-06,ACS,3,1.0000,true,,,4273
1,2028-06-06,ACS,4,1.0000,true,,,4273
1,2028-06-06,ACS,5,1.0000,true,,,4273
1,2028-06-06,GRASP_VNS,1,1.0000,true,,,4273
1,2028-06-06,GRASP_VNS,2,1.0000,true,,,4273
1,2028-06-06,GRASP_VNS,3,1.0000,true,,,4273
1,2028-06-06,GRASP_VNS,4,1.0000,true,,,4273
1,2028-06-06,GRASP_VNS,5,1.0000,true,,,4273
1,2028-09-05,ACS,1,1.0000,true,,,4385
1,2028-09-05,ACS,2,1.0000,true,,,4385
1,2028-09-05,ACS,3,1.0000,true,,,4385
1,2028-09-05,ACS,4,1.0000,true,,,4385
1,2028-09-05,ACS,5,1.0000,true,,,4385
1,2028-09-05,GRASP_VNS,1,1.0000,true,,,4385
1,2028-09-05,GRASP_VNS,2,1.0000,true,,,4385
1,2028-09-05,GRASP_VNS,3,1.0000,true,,,4385
1,2028-09-05,GRASP_VNS,4,1.0000,true,,,4385
1,2028-09-05,GRASP_VNS,5,1.0000,true,,,4385
1,2028-07-06,ACS,1,1.0000,true,,,4279
1,2028-07-06,ACS,2,1.0000,true,,,4279
1,2028-07-06,ACS,3,1.0000,true,,,4279
1,2028-07-06,ACS,4,1.0000,true,,,4279
1,2028-07-06,ACS,5,1.0000,true,,,4279
1,2028-07-06,GRASP_VNS,1,1.0000,true,,,4279
1,2028-07-06,GRASP_VNS,2,1.0000,true,,,4279
1,2028-07-06,GRASP_VNS,3,1.0000,true,,,4279
1,2028-07-06,GRASP_VNS,4,1.0000,true,,,4279
1,2028-07-06,GRASP_VNS,5,1.0000,true,,,4279
1,2028-04-03,ACS,1,1.0000,true,,,4193
1,2028-04-03,ACS,2,1.0000,true,,,4193
1,2028-04-03,ACS,3,1.0000,true,,,4193
1,2028-04-03,ACS,4,1.0000,true,,,4193
1,2028-04-03,ACS,5,1.0000,true,,,4193
1,2028-04-03,GRASP_VNS,1,1.0000,true,,,4193
1,2028-04-03,GRASP_VNS,2,1.0000,true,,,4193
1,2028-04-03,GRASP_VNS,3,1.0000,true,,,4193
1,2028-04-03,GRASP_VNS,4,1.0000,true,,,4193
1,2028-04-03,GRASP_VNS,5,1.0000,true,,,4193
1,2028-12-05,ACS,1,1.0000,true,,,4135
1,2028-12-05,ACS,2,1.0000,true,,,4135
1,2028-12-05,ACS,3,1.0000,true,,,4135
1,2028-12-05,ACS,4,1.0000,true,,,4135
1,2028-12-05,ACS,5,1.0000,true,,,4135
1,2028-12-05,GRASP_VNS,1,1.0000,true,,,4135
1,2028-12-05,GRASP_VNS,2,1.0000,true,,,4135
1,2028-12-05,GRASP_VNS,3,1.0000,true,,,4135
1,2028-12-05,GRASP_VNS,4,1.0000,true,,,4135
1,2028-12-05,GRASP_VNS,5,1.0000,true,,,4135
1,2028-08-02,ACS,1,1.0000,true,,,3984
1,2028-08-02,ACS,2,1.0000,true,,,3984
1,2028-08-02,ACS,3,1.0000,true,,,3984
1,2028-08-02,ACS,4,1.0000,true,,,3984
1,2028-08-02,ACS,5,1.0000,true,,,3984
1,2028-08-02,GRASP_VNS,1,1.0000,true,,,3984
1,2028-08-02,GRASP_VNS,2,1.0000,true,,,3984
1,2028-08-02,GRASP_VNS,3,1.0000,true,,,3984
1,2028-08-02,GRASP_VNS,4,1.0000,true,,,3984
1,2028-08-02,GRASP_VNS,5,1.0000,true,,,3984
1,2028-10-03,ACS,1,1.0000,true,,,4149
1,2028-10-03,ACS,2,1.0000,true,,,4149
1,2028-10-03,ACS,3,1.0000,true,,,4149
1,2028-10-03,ACS,4,1.0000,true,,,4149
1,2028-10-03,ACS,5,1.0000,true,,,4149
1,2028-10-03,GRASP_VNS,1,1.0000,true,,,4149
1,2028-10-03,GRASP_VNS,2,1.0000,true,,,4149
1,2028-10-03,GRASP_VNS,3,1.0000,true,,,4149
1,2028-10-03,GRASP_VNS,4,1.0000,true,,,4149
1,2028-10-03,GRASP_VNS,5,1.0000,true,,,4149
1,2028-02-07,ACS,1,1.0000,true,,,3936
1,2028-02-07,ACS,2,1.0000,true,,,3936
1,2028-02-07,ACS,3,1.0000,true,,,3936
1,2028-02-07,ACS,4,1.0000,true,,,3936
1,2028-02-07,ACS,5,1.0000,true,,,3936
1,2028-02-07,GRASP_VNS,1,1.0000,true,,,3936
1,2028-02-07,GRASP_VNS,2,1.0000,true,,,3936
1,2028-02-07,GRASP_VNS,3,1.0000,true,,,3936
1,2028-02-07,GRASP_VNS,4,1.0000,true,,,3936
1,2028-02-07,GRASP_VNS,5,1.0000,true,,,3936
1,2028-07-01,ACS,1,1.0000,true,,,4125
1,2028-07-01,ACS,2,1.0000,true,,,4125
1,2028-07-01,ACS,3,1.0000,true,,,4125
1,2028-07-01,ACS,4,1.0000,true,,,4125
1,2028-07-01,ACS,5,1.0000,true,,,4125
1,2028-07-01,GRASP_VNS,1,1.0000,true,,,4125
1,2028-07-01,GRASP_VNS,2,1.0000,true,,,4125
1,2028-07-01,GRASP_VNS,3,1.0000,true,,,4125
1,2028-07-01,GRASP_VNS,4,1.0000,true,,,4125
1,2028-07-01,GRASP_VNS,5,1.0000,true,,,4125
1,2028-10-04,ACS,1,1.0000,true,,,3975
1,2028-10-04,ACS,2,1.0000,true,,,3975
1,2028-10-04,ACS,3,1.0000,true,,,3975
1,2028-10-04,ACS,4,1.0000,true,,,3975
1,2028-10-04,ACS,5,1.0000,true,,,3975
1,2028-10-04,GRASP_VNS,1,1.0000,true,,,3975
1,2028-10-04,GRASP_VNS,2,1.0000,true,,,3975
1,2028-10-04,GRASP_VNS,3,1.0000,true,,,3975
1,2028-10-04,GRASP_VNS,4,1.0000,true,,,3975
1,2028-10-04,GRASP_VNS,5,1.0000,true,,,3975
1,2028-06-03,ACS,1,1.0000,true,,,3882
1,2028-06-03,ACS,2,1.0000,true,,,3882
1,2028-06-03,ACS,3,1.0000,true,,,3882
1,2028-06-03,ACS,4,1.0000,true,,,3882
1,2028-06-03,ACS,5,1.0000,true,,,3882
1,2028-06-03,GRASP_VNS,1,1.0000,true,,,3882
1,2028-06-03,GRASP_VNS,2,1.0000,true,,,3882
1,2028-06-03,GRASP_VNS,3,1.0000,true,,,3882
1,2028-06-03,GRASP_VNS,4,1.0000,true,,,3882
1,2028-06-03,GRASP_VNS,5,1.0000,true,,,3882
1,2028-05-06,ACS,1,1.0000,true,,,3977
1,2028-05-06,ACS,2,1.0000,true,,,3977
1,2028-05-06,ACS,3,1.0000,true,,,3977
1,2028-05-06,ACS,4,1.0000,true,,,3977
1,2028-05-06,ACS,5,1.0000,true,,,3977
1,2028-05-06,GRASP_VNS,1,1.0000,true,,,3977
1,2028-05-06,GRASP_VNS,2,1.0000,true,,,3977
1,2028-05-06,GRASP_VNS,3,1.0000,true,,,3977
1,2028-05-06,GRASP_VNS,4,1.0000,true,,,3977
1,2028-05-06,GRASP_VNS,5,1.0000,true,,,3977
1,2028-09-03,ACS,1,1.0000,true,,,3951
1,2028-09-03,ACS,2,1.0000,true,,,3951
1,2028-09-03,ACS,3,1.0000,true,,,3951
1,2028-09-03,ACS,4,1.0000,true,,,3951
1,2028-09-03,ACS,5,1.0000,true,,,3951
1,2028-09-03,GRASP_VNS,1,1.0000,true,,,3951
1,2028-09-03,GRASP_VNS,2,1.0000,true,,,3951
1,2028-09-03,GRASP_VNS,3,1.0000,true,,,3951
1,2028-09-03,GRASP_VNS,4,1.0000,true,,,3951
1,2028-09-03,GRASP_VNS,5,1.0000,true,,,3951
1,2028-02-03,ACS,1,1.0000,true,,,3932
1,2028-02-03,ACS,2,1.0000,true,,,3932
1,2028-02-03,ACS,3,1.0000,true,,,3932
1,2028-02-03,ACS,4,1.0000,true,,,3932
1,2028-02-03,ACS,5,1.0000,true,,,3932
1,2028-02-03,GRASP_VNS,1,1.0000,true,,,3932
1,2028-02-03,GRASP_VNS,2,1.0000,true,,,3932
1,2028-02-03,GRASP_VNS,3,1.0000,true,,,3932
1,2028-02-03,GRASP_VNS,4,1.0000,true,,,3932
1,2028-02-03,GRASP_VNS,5,1.0000,true,,,3932
1,2028-07-05,ACS,1,1.0000,true,,,3936
1,2028-07-05,ACS,2,1.0000,true,,,3936
1,2028-07-05,ACS,3,1.0000,true,,,3936
1,2028-07-05,ACS,4,1.0000,true,,,3936
1,2028-07-05,ACS,5,1.0000,true,,,3936
1,2028-07-05,GRASP_VNS,1,1.0000,true,,,3936
1,2028-07-05,GRASP_VNS,2,1.0000,true,,,3936
1,2028-07-05,GRASP_VNS,3,1.0000,true,,,3936
1,2028-07-05,GRASP_VNS,4,1.0000,true,,,3936
1,2028-07-05,GRASP_VNS,5,1.0000,true,,,3936
1,2028-10-05,ACS,1,1.0000,true,,,3917
1,2028-10-05,ACS,2,1.0000,true,,,3917
1,2028-10-05,ACS,3,1.0000,true,,,3917
1,2028-10-05,ACS,4,1.0000,true,,,3917
1,2028-10-05,ACS,5,1.0000,true,,,3917
1,2028-10-05,GRASP_VNS,1,1.0000,true,,,3917
1,2028-10-05,GRASP_VNS,2,1.0000,true,,,3917
1,2028-10-05,GRASP_VNS,3,1.0000,true,,,3917
1,2028-10-05,GRASP_VNS,4,1.0000,true,,,3917
1,2028-10-05,GRASP_VNS,5,1.0000,true,,,3917
1,2028-05-07,ACS,1,1.0000,true,,,3808
1,2028-05-07,ACS,2,1.0000,true,,,3808
1,2028-05-07,ACS,3,1.0000,true,,,3808
1,2028-05-07,ACS,4,1.0000,true,,,3808
1,2028-05-07,ACS,5,1.0000,true,,,3808
1,2028-05-07,GRASP_VNS,1,1.0000,true,,,3808
1,2028-05-07,GRASP_VNS,2,1.0000,true,,,3808
1,2028-05-07,GRASP_VNS,3,1.0000,true,,,3808
1,2028-05-07,GRASP_VNS,4,1.0000,true,,,3808
1,2028-05-07,GRASP_VNS,5,1.0000,true,,,3808
1,2028-08-03,ACS,1,1.0000,true,,,3659
1,2028-08-03,ACS,2,1.0000,true,,,3659
1,2028-08-03,ACS,3,1.0000,true,,,3659
1,2028-08-03,ACS,4,1.0000,true,,,3659
1,2028-08-03,ACS,5,1.0000,true,,,3659
1,2028-08-03,GRASP_VNS,1,1.0000,true,,,3659
1,2028-08-03,GRASP_VNS,2,1.0000,true,,,3659
1,2028-08-03,GRASP_VNS,3,1.0000,true,,,3659
1,2028-08-03,GRASP_VNS,4,1.0000,true,,,3659
1,2028-08-03,GRASP_VNS,5,1.0000,true,,,3659
1,2028-05-01,ACS,1,1.0000,true,,,3870
1,2028-05-01,ACS,2,1.0000,true,,,3870
1,2028-05-01,ACS,3,1.0000,true,,,3870
1,2028-05-01,ACS,4,1.0000,true,,,3870
1,2028-05-01,ACS,5,1.0000,true,,,3870
1,2028-05-01,GRASP_VNS,1,1.0000,true,,,3870
1,2028-05-01,GRASP_VNS,2,1.0000,true,,,3870
1,2028-05-01,GRASP_VNS,3,1.0000,true,,,3870
1,2028-05-01,GRASP_VNS,4,1.0000,true,,,3870
1,2028-05-01,GRASP_VNS,5,1.0000,true,,,3870
1,2028-08-05,ACS,1,1.0000,true,,,3960
1,2028-08-05,ACS,2,1.0000,true,,,3960
1,2028-08-05,ACS,3,1.0000,true,,,3960
1,2028-08-05,ACS,4,1.0000,true,,,3960
1,2028-08-05,ACS,5,1.0000,true,,,3960
1,2028-08-05,GRASP_VNS,1,1.0000,true,,,3960
1,2028-08-05,GRASP_VNS,2,1.0000,true,,,3960
1,2028-08-05,GRASP_VNS,3,1.0000,true,,,3960
1,2028-08-05,GRASP_VNS,4,1.0000,true,,,3960
1,2028-08-05,GRASP_VNS,5,1.0000,true,,,3960
1,2028-02-02,ACS,1,1.0000,true,,,3794
1,2028-02-02,ACS,2,1.0000,true,,,3794
1,2028-02-02,ACS,3,1.0000,true,,,3794
1,2028-02-02,ACS,4,1.0000,true,,,3794
1,2028-02-02,ACS,5,1.0000,true,,,3794
1,2028-02-02,GRASP_VNS,1,1.0000,true,,,3794
1,2028-02-02,GRASP_VNS,2,1.0000,true,,,3794
1,2028-02-02,GRASP_VNS,3,1.0000,true,,,3794
1,2028-02-02,GRASP_VNS,4,1.0000,true,,,3794
1,2028-02-02,GRASP_VNS,5,1.0000,true,,,3794
1,2028-05-03,ACS,1,1.0000,true,,,3773
1,2028-05-03,ACS,2,1.0000,true,,,3773
1,2028-05-03,ACS,3,1.0000,true,,,3773
1,2028-05-03,ACS,4,1.0000,true,,,3773
1,2028-05-03,ACS,5,1.0000,true,,,3773
1,2028-05-03,GRASP_VNS,1,1.0000,true,,,3773
1,2028-05-03,GRASP_VNS,2,1.0000,true,,,3773
1,2028-05-03,GRASP_VNS,3,1.0000,true,,,3773
1,2028-05-03,GRASP_VNS,4,1.0000,true,,,3773
1,2028-05-03,GRASP_VNS,5,1.0000,true,,,3773
1,2028-05-02,ACS,1,1.0000,true,,,3599
1,2028-05-02,ACS,2,1.0000,true,,,3599
1,2028-05-02,ACS,3,1.0000,true,,,3599
1,2028-05-02,ACS,4,1.0000,true,,,3599
1,2028-05-02,ACS,5,1.0000,true,,,3599
1,2028-05-02,GRASP_VNS,1,1.0000,true,,,3599
1,2028-05-02,GRASP_VNS,2,1.0000,true,,,3599
1,2028-05-02,GRASP_VNS,3,1.0000,true,,,3599
1,2028-05-02,GRASP_VNS,4,1.0000,true,,,3599
1,2028-05-02,GRASP_VNS,5,1.0000,true,,,3599
1,2028-08-06,ACS,1,1.0000,true,,,3642
1,2028-08-06,ACS,2,1.0000,true,,,3642
1,2028-08-06,ACS,3,1.0000,true,,,3642
1,2028-08-06,ACS,4,1.0000,true,,,3642
1,2028-08-06,ACS,5,1.0000,true,,,3642
1,2028-08-06,GRASP_VNS,1,1.0000,true,,,3642
1,2028-08-06,GRASP_VNS,2,1.0000,true,,,3642
1,2028-08-06,GRASP_VNS,3,1.0000,true,,,3642
1,2028-08-06,GRASP_VNS,4,1.0000,true,,,3642
1,2028-08-06,GRASP_VNS,5,1.0000,true,,,3642
1,2028-06-01,ACS,1,1.0000,true,,,3642
1,2028-06-01,ACS,2,1.0000,true,,,3642
1,2028-06-01,ACS,3,1.0000,true,,,3642
1,2028-06-01,ACS,4,1.0000,true,,,3642
1,2028-06-01,ACS,5,1.0000,true,,,3642
1,2028-06-01,GRASP_VNS,1,1.0000,true,,,3642
1,2028-06-01,GRASP_VNS,2,1.0000,true,,,3642
1,2028-06-01,GRASP_VNS,3,1.0000,true,,,3642
1,2028-06-01,GRASP_VNS,4,1.0000,true,,,3642
1,2028-06-01,GRASP_VNS,5,1.0000,true,,,3642
1,2028-04-06,ACS,1,1.0000,true,,,3720
1,2028-04-06,ACS,2,1.0000,true,,,3720
1,2028-04-06,ACS,3,1.0000,true,,,3720
1,2028-04-06,ACS,4,1.0000,true,,,3720
1,2028-04-06,ACS,5,1.0000,true,,,3720
1,2028-04-06,GRASP_VNS,1,1.0000,true,,,3720
1,2028-04-06,GRASP_VNS,2,1.0000,true,,,3720
1,2028-04-06,GRASP_VNS,3,1.0000,true,,,3720
1,2028-04-06,GRASP_VNS,4,1.0000,true,,,3720
1,2028-04-06,GRASP_VNS,5,1.0000,true,,,3720
1,2028-07-02,ACS,1,1.0000,true,,,3565
1,2028-07-02,ACS,2,1.0000,true,,,3565
1,2028-07-02,ACS,3,1.0000,true,,,3565
1,2028-07-02,ACS,4,1.0000,true,,,3565
1,2028-07-02,ACS,5,1.0000,true,,,3565
1,2028-07-02,GRASP_VNS,1,1.0000,true,,,3565
1,2028-07-02,GRASP_VNS,2,1.0000,true,,,3565
1,2028-07-02,GRASP_VNS,3,1.0000,true,,,3565
1,2028-07-02,GRASP_VNS,4,1.0000,true,,,3565
1,2028-07-02,GRASP_VNS,5,1.0000,true,,,3565
1,2028-05-04,ACS,1,1.0000,true,,,3612
1,2028-05-04,ACS,2,1.0000,true,,,3612
1,2028-05-04,ACS,3,1.0000,true,,,3612
1,2028-05-04,ACS,4,1.0000,true,,,3612
1,2028-05-04,ACS,5,1.0000,true,,,3612
1,2028-05-04,GRASP_VNS,1,1.0000,false,76.9477,228.3787,3612
1,2028-05-04,GRASP_VNS,2,1.0000,false,74.1218,226.4946,3612
1,2028-05-04,GRASP_VNS,3,1.0000,false,74.7742,225.0711,3612
1,2028-05-04,GRASP_VNS,4,1.0000,false,75.7473,228.6090,3612
1,2028-05-04,GRASP_VNS,5,1.0000,false,74.7775,225.8099,3612
1,2027-12-07,ACS,1,1.0000,true,,,3430
1,2027-12-07,ACS,2,1.0000,true,,,3430
1,2027-12-07,ACS,3,1.0000,true,,,3430
1,2027-12-07,ACS,4,1.0000,true,,,3430
1,2027-12-07,ACS,5,1.0000,true,,,3430
1,2027-12-07,GRASP_VNS,1,1.0000,true,,,3430
1,2027-12-07,GRASP_VNS,2,1.0000,true,,,3430
1,2027-12-07,GRASP_VNS,3,1.0000,true,,,3430
1,2027-12-07,GRASP_VNS,4,1.0000,true,,,3430
1,2027-12-07,GRASP_VNS,5,1.0000,true,,,3430
1,2028-03-04,ACS,1,1.0000,true,,,3541
1,2028-03-04,ACS,2,1.0000,true,,,3541
1,2028-03-04,ACS,3,1.0000,true,,,3541
1,2028-03-04,ACS,4,1.0000,true,,,3541
1,2028-03-04,ACS,5,1.0000,true,,,3541
1,2028-03-04,GRASP_VNS,1,1.0000,true,,,3541
1,2028-03-04,GRASP_VNS,2,1.0000,true,,,3541
1,2028-03-04,GRASP_VNS,3,1.0000,true,,,3541
1,2028-03-04,GRASP_VNS,4,1.0000,true,,,3541
1,2028-03-04,GRASP_VNS,5,1.0000,true,,,3541
1,2028-03-01,ACS,1,1.0000,true,,,3533
1,2028-03-01,ACS,2,1.0000,true,,,3533
1,2028-03-01,ACS,3,1.0000,true,,,3533
1,2028-03-01,ACS,4,1.0000,true,,,3533
1,2028-03-01,ACS,5,1.0000,true,,,3533
1,2028-03-01,GRASP_VNS,1,1.0000,false,76.4204,223.4937,3533
1,2028-03-01,GRASP_VNS,2,1.0000,true,,,3533
1,2028-03-01,GRASP_VNS,3,1.0000,true,,,3533
1,2028-03-01,GRASP_VNS,4,1.0000,false,76.6658,224.7722,3533
1,2028-03-01,GRASP_VNS,5,1.0000,true,,,3533
1,2027-11-06,ACS,1,1.0000,true,,,3439
1,2027-11-06,ACS,2,1.0000,true,,,3439
1,2027-11-06,ACS,3,1.0000,true,,,3439
1,2027-11-06,ACS,4,1.0000,true,,,3439
1,2027-11-06,ACS,5,1.0000,true,,,3439
1,2027-11-06,GRASP_VNS,1,1.0000,false,72.2441,224.4730,3439
1,2027-11-06,GRASP_VNS,2,1.0000,false,73.1377,234.6048,3439
1,2027-11-06,GRASP_VNS,3,1.0000,false,72.3584,228.0143,3439
1,2027-11-06,GRASP_VNS,4,1.0000,false,71.9316,232.7286,3439
1,2027-11-06,GRASP_VNS,5,1.0000,false,71.6636,229.6857,3439
1,2028-01-01,ACS,1,1.0000,true,,,3435
1,2028-01-01,ACS,2,1.0000,true,,,3435
1,2028-01-01,ACS,3,1.0000,true,,,3435
1,2028-01-01,ACS,4,1.0000,true,,,3435
1,2028-01-01,ACS,5,1.0000,true,,,3435
1,2028-01-01,GRASP_VNS,1,1.0000,true,,,3435
1,2028-01-01,GRASP_VNS,2,1.0000,true,,,3435
1,2028-01-01,GRASP_VNS,3,1.0000,true,,,3435
1,2028-01-01,GRASP_VNS,4,1.0000,true,,,3435
1,2028-01-01,GRASP_VNS,5,1.0000,true,,,3435
1,2027-12-05,ACS,1,1.0000,true,,,3413
1,2027-12-05,ACS,2,1.0000,true,,,3413
1,2027-12-05,ACS,3,1.0000,true,,,3413
1,2027-12-05,ACS,4,1.0000,true,,,3413
1,2027-12-05,ACS,5,1.0000,true,,,3413
1,2027-12-05,GRASP_VNS,1,1.0000,false,69.7497,221.3137,3413
1,2027-12-05,GRASP_VNS,2,1.0000,false,74.2741,223.9761,3413
1,2027-12-05,GRASP_VNS,3,1.0000,false,72.5834,226.3424,3413
1,2027-12-05,GRASP_VNS,4,1.0000,false,72.0922,222.6545,3413
1,2027-12-05,GRASP_VNS,5,1.0000,false,73.5802,218.8105,3413
1,2028-03-03,ACS,1,1.0000,true,,,3511
1,2028-03-03,ACS,2,1.0000,true,,,3511
1,2028-03-03,ACS,3,1.0000,true,,,3511
1,2028-03-03,ACS,4,1.0000,true,,,3511
1,2028-03-03,ACS,5,1.0000,true,,,3511
1,2028-03-03,GRASP_VNS,1,1.0000,false,75.5812,229.0433,3511
1,2028-03-03,GRASP_VNS,2,1.0000,true,,,3511
1,2028-03-03,GRASP_VNS,3,1.0000,false,75.9119,229.4038,3511
1,2028-03-03,GRASP_VNS,4,1.0000,true,,,3511
1,2028-03-03,GRASP_VNS,5,1.0000,true,,,3511
1,2027-11-08,ACS,1,1.0000,true,,,3466
1,2027-11-08,ACS,2,1.0000,true,,,3466
1,2027-11-08,ACS,3,1.0000,true,,,3466
1,2027-11-08,ACS,4,1.0000,true,,,3466
1,2027-11-08,ACS,5,1.0000,true,,,3466
1,2027-11-08,GRASP_VNS,1,1.0000,true,,,3466
1,2027-11-08,GRASP_VNS,2,1.0000,true,,,3466
1,2027-11-08,GRASP_VNS,3,1.0000,true,,,3466
1,2027-11-08,GRASP_VNS,4,1.0000,true,,,3466
1,2027-11-08,GRASP_VNS,5,1.0000,true,,,3466
1,2028-04-02,ACS,1,1.0000,true,,,3338
1,2028-04-02,ACS,2,1.0000,true,,,3338
1,2028-04-02,ACS,3,1.0000,true,,,3338
1,2028-04-02,ACS,4,1.0000,true,,,3338
1,2028-04-02,ACS,5,1.0000,true,,,3338
1,2028-04-02,GRASP_VNS,1,1.0000,false,72.9696,232.1210,3338
1,2028-04-02,GRASP_VNS,2,1.0000,false,70.9314,233.4355,3338
1,2028-04-02,GRASP_VNS,3,1.0000,false,68.4562,225.4306,3338
1,2028-04-02,GRASP_VNS,4,1.0000,false,69.3465,228.9903,3338
1,2028-04-02,GRASP_VNS,5,1.0000,false,70.7226,228.7000,3338
1,2028-02-08,ACS,1,1.0000,true,,,3470
1,2028-02-08,ACS,2,1.0000,true,,,3470
1,2028-02-08,ACS,3,1.0000,true,,,3470
1,2028-02-08,ACS,4,1.0000,true,,,3470
1,2028-02-08,ACS,5,1.0000,true,,,3470
1,2028-02-08,GRASP_VNS,1,1.0000,false,68.1997,227.0618,3470
1,2028-02-08,GRASP_VNS,2,1.0000,true,,,3470
1,2028-02-08,GRASP_VNS,3,1.0000,false,71.5711,235.1024,3470
1,2028-02-08,GRASP_VNS,4,1.0000,false,68.2701,232.0618,3470
1,2028-02-08,GRASP_VNS,5,1.0000,false,68.8858,234.3073,3470
1,2028-01-02,ACS,1,1.0000,true,,,3368
1,2028-01-02,ACS,2,1.0000,true,,,3368
1,2028-01-02,ACS,3,1.0000,true,,,3368
1,2028-01-02,ACS,4,1.0000,true,,,3368
1,2028-01-02,ACS,5,1.0000,true,,,3368
1,2028-01-02,GRASP_VNS,1,1.0000,true,,,3368
1,2028-01-02,GRASP_VNS,2,1.0000,true,,,3368
1,2028-01-02,GRASP_VNS,3,1.0000,true,,,3368
1,2028-01-02,GRASP_VNS,4,1.0000,true,,,3368
1,2028-01-02,GRASP_VNS,5,1.0000,true,,,3368
1,2028-02-06,ACS,1,1.0000,true,,,3370
1,2028-02-06,ACS,2,1.0000,true,,,3370
1,2028-02-06,ACS,3,1.0000,true,,,3370
1,2028-02-06,ACS,4,1.0000,true,,,3370
1,2028-02-06,ACS,5,1.0000,true,,,3370
1,2028-02-06,GRASP_VNS,1,1.0000,true,,,3370
1,2028-02-06,GRASP_VNS,2,1.0000,true,,,3370
1,2028-02-06,GRASP_VNS,3,1.0000,true,,,3370
1,2028-02-06,GRASP_VNS,4,1.0000,true,,,3370
1,2028-02-06,GRASP_VNS,5,1.0000,false,73.9613,229.8760,3370
1,2028-02-05,ACS,1,1.0000,true,,,3271
1,2028-02-05,ACS,2,1.0000,true,,,3271
1,2028-02-05,ACS,3,1.0000,true,,,3271
1,2028-02-05,ACS,4,1.0000,true,,,3271
1,2028-02-05,ACS,5,1.0000,true,,,3271
1,2028-02-05,GRASP_VNS,1,1.0000,true,,,3271
1,2028-02-05,GRASP_VNS,2,1.0000,true,,,3271
1,2028-02-05,GRASP_VNS,3,1.0000,false,74.8549,232.5973,3271
1,2028-02-05,GRASP_VNS,4,1.0000,false,75.7234,230.6306,3271
1,2028-02-05,GRASP_VNS,5,1.0000,false,75.0162,229.8286,3271
1,2027-12-06,ACS,1,1.0000,true,,,3242
1,2027-12-06,ACS,2,1.0000,true,,,3242
1,2027-12-06,ACS,3,1.0000,true,,,3242
1,2027-12-06,ACS,4,1.0000,true,,,3242
1,2027-12-06,ACS,5,1.0000,true,,,3242
1,2027-12-06,GRASP_VNS,1,1.0000,false,69.3496,234.6572,3242
1,2027-12-06,GRASP_VNS,2,1.0000,false,69.5185,232.4314,3242
1,2027-12-06,GRASP_VNS,3,1.0000,false,71.1327,235.6639,3242
1,2027-12-06,GRASP_VNS,4,1.0000,false,69.6411,229.5368,3242
1,2027-12-06,GRASP_VNS,5,1.0000,true,,,3242
1,2028-01-08,ACS,1,1.0000,true,,,3383
1,2028-01-08,ACS,2,1.0000,true,,,3383
1,2028-01-08,ACS,3,1.0000,true,,,3383
1,2028-01-08,ACS,4,1.0000,true,,,3383
1,2028-01-08,ACS,5,1.0000,true,,,3383
1,2028-01-08,GRASP_VNS,1,1.0000,false,73.5726,235.0936,3383
1,2028-01-08,GRASP_VNS,2,1.0000,false,73.0456,231.9264,3383
1,2028-01-08,GRASP_VNS,3,1.0000,false,72.6589,229.5284,3383
1,2028-01-08,GRASP_VNS,4,1.0000,false,75.2740,231.8746,3383
1,2028-01-08,GRASP_VNS,5,1.0000,false,72.8534,231.6906,3383
1,2027-11-07,ACS,1,1.0000,true,,,3225
1,2027-11-07,ACS,2,1.0000,true,,,3225
1,2027-11-07,ACS,3,1.0000,true,,,3225
1,2027-11-07,ACS,4,1.0000,true,,,3225
1,2027-11-07,ACS,5,1.0000,true,,,3225
1,2027-11-07,GRASP_VNS,1,1.0000,false,71.4792,229.3915,3225
1,2027-11-07,GRASP_VNS,2,1.0000,false,69.7182,228.8983,3225
1,2027-11-07,GRASP_VNS,3,1.0000,false,69.3056,235.1254,3225
1,2027-11-07,GRASP_VNS,4,1.0000,false,70.2020,231.9695,3225
1,2027-11-07,GRASP_VNS,5,1.0000,false,68.9264,228.1051,3225
1,2027-10-03,ACS,1,1.0000,true,,,3134
1,2027-10-03,ACS,2,1.0000,true,,,3134
1,2027-10-03,ACS,3,1.0000,true,,,3134
1,2027-10-03,ACS,4,1.0000,true,,,3134
1,2027-10-03,ACS,5,1.0000,true,,,3134
1,2027-10-03,GRASP_VNS,1,1.0000,false,61.3240,226.3124,3134
1,2027-10-03,GRASP_VNS,2,1.0000,false,60.9561,226.4295,3134
1,2027-10-03,GRASP_VNS,3,1.0000,false,63.3972,235.8302,3134
1,2027-10-03,GRASP_VNS,4,1.0000,false,62.6984,231.9338,3134
1,2027-10-03,GRASP_VNS,5,1.0000,false,62.5181,227.7029,3134
1,2028-01-07,ACS,1,1.0000,true,,,3232
1,2028-01-07,ACS,2,1.0000,true,,,3232
1,2028-01-07,ACS,3,1.0000,true,,,3232
1,2028-01-07,ACS,4,1.0000,true,,,3232
1,2028-01-07,ACS,5,1.0000,true,,,3232
1,2028-01-07,GRASP_VNS,1,1.0000,true,,,3232
1,2028-01-07,GRASP_VNS,2,1.0000,false,70.7468,228.6212,3232
1,2028-01-07,GRASP_VNS,3,1.0000,false,71.3023,235.0137,3232
1,2028-01-07,GRASP_VNS,4,1.0000,false,70.2342,229.7406,3232
1,2028-01-07,GRASP_VNS,5,1.0000,false,69.7556,221.6587,3232
1,2027-10-09,ACS,1,1.0000,true,,,3192
1,2027-10-09,ACS,2,1.0000,true,,,3192
1,2027-10-09,ACS,3,1.0000,true,,,3192
1,2027-10-09,ACS,4,1.0000,true,,,3192
1,2027-10-09,ACS,5,1.0000,true,,,3192
1,2027-10-09,GRASP_VNS,1,1.0000,false,66.4422,233.8818,3192
1,2027-10-09,GRASP_VNS,2,1.0000,false,68.4445,238.3596,3192
1,2027-10-09,GRASP_VNS,3,1.0000,false,69.0533,237.1575,3192
1,2027-10-09,GRASP_VNS,4,1.0000,false,66.5612,233.2295,3192
1,2027-10-09,GRASP_VNS,5,1.0000,false,65.0136,231.0634,3192
1,2028-04-05,ACS,1,1.0000,true,,,3247
1,2028-04-05,ACS,2,1.0000,true,,,3247
1,2028-04-05,ACS,3,1.0000,true,,,3247
1,2028-04-05,ACS,4,1.0000,true,,,3247
1,2028-04-05,ACS,5,1.0000,true,,,3247
1,2028-04-05,GRASP_VNS,1,1.0000,false,71.0313,235.6368,3247
1,2028-04-05,GRASP_VNS,2,1.0000,false,71.3426,236.3339,3247
1,2028-04-05,GRASP_VNS,3,1.0000,false,74.1423,234.8176,3247
1,2028-04-05,GRASP_VNS,4,1.0000,false,72.6246,237.3580,3247
1,2028-04-05,GRASP_VNS,5,1.0000,false,70.9627,231.5026,3247
1,2028-01-04,ACS,1,1.0000,true,,,3294
1,2028-01-04,ACS,2,1.0000,true,,,3294
1,2028-01-04,ACS,3,1.0000,true,,,3294
1,2028-01-04,ACS,4,1.0000,true,,,3294
1,2028-01-04,ACS,5,1.0000,true,,,3294
1,2028-01-04,GRASP_VNS,1,1.0000,false,64.6729,233.0952,3294
1,2028-01-04,GRASP_VNS,2,1.0000,false,61.0240,233.1176,3294
1,2028-01-04,GRASP_VNS,3,1.0000,false,62.5354,228.5986,3294
1,2028-01-04,GRASP_VNS,4,1.0000,false,62.4771,234.2370,3294
1,2028-01-04,GRASP_VNS,5,1.0000,false,61.4588,235.0606,3294
1,2027-10-07,ACS,1,1.0000,true,,,3160
1,2027-10-07,ACS,2,1.0000,true,,,3160
1,2027-10-07,ACS,3,1.0000,true,,,3160
1,2027-10-07,ACS,4,1.0000,true,,,3160
1,2027-10-07,ACS,5,1.0000,true,,,3160
1,2027-10-07,GRASP_VNS,1,1.0000,true,,,3160
1,2027-10-07,GRASP_VNS,2,1.0000,true,,,3160
1,2027-10-07,GRASP_VNS,3,1.0000,false,63.5259,230.2278,3160
1,2027-10-07,GRASP_VNS,4,1.0000,false,63.3314,224.7461,3160
1,2027-10-07,GRASP_VNS,5,1.0000,false,62.9086,227.9322,3160
1,2028-04-07,ACS,1,1.0000,true,,,3162
1,2028-04-07,ACS,2,1.0000,true,,,3162
1,2028-04-07,ACS,3,1.0000,true,,,3162
1,2028-04-07,ACS,4,1.0000,true,,,3162
1,2028-04-07,ACS,5,1.0000,true,,,3162
1,2028-04-07,GRASP_VNS,1,1.0000,false,69.9409,238.3380,3162
1,2028-04-07,GRASP_VNS,2,1.0000,true,,,3162
1,2028-04-07,GRASP_VNS,3,1.0000,true,,,3162
1,2028-04-07,GRASP_VNS,4,1.0000,true,,,3162
1,2028-04-07,GRASP_VNS,5,1.0000,false,71.1109,232.2452,3162
1,2028-03-06,ACS,1,1.0000,true,,,3153
1,2028-03-06,ACS,2,1.0000,false,51.3732,155.3158,3153
1,2028-03-06,ACS,3,1.0000,false,50.9696,152.2316,3153
1,2028-03-06,ACS,4,1.0000,false,50.8944,152.9456,3153
1,2028-03-06,ACS,5,1.0000,false,51.0220,154.6333,3153
1,2028-03-06,GRASP_VNS,1,1.0000,false,64.4064,239.7877,3153
1,2028-03-06,GRASP_VNS,2,1.0000,false,63.4475,242.0351,3153
1,2028-03-06,GRASP_VNS,3,1.0000,false,64.1810,243.3123,3153
1,2028-03-06,GRASP_VNS,4,1.0000,false,61.6263,233.2053,3153
1,2028-03-06,GRASP_VNS,5,1.0000,false,62.8822,241.7596,3153
1,2028-03-02,ACS,1,1.0000,true,,,3126
1,2028-03-02,ACS,2,1.0000,true,,,3126
1,2028-03-02,ACS,3,1.0000,true,,,3126
1,2028-03-02,ACS,4,1.0000,true,,,3126
1,2028-03-02,ACS,5,1.0000,true,,,3126
1,2028-03-02,GRASP_VNS,1,1.0000,false,63.4999,234.1779,3126
1,2028-03-02,GRASP_VNS,2,1.0000,false,62.5222,231.8897,3126
1,2028-03-02,GRASP_VNS,3,1.0000,false,63.9583,241.6690,3126
1,2028-03-02,GRASP_VNS,4,1.0000,false,63.2720,238.1210,3126
1,2028-03-02,GRASP_VNS,5,1.0000,false,62.0758,228.1050,3126
1,2027-12-01,ACS,1,1.0000,true,,,3142
1,2027-12-01,ACS,2,1.0000,true,,,3142
1,2027-12-01,ACS,3,1.0000,true,,,3142
1,2027-12-01,ACS,4,1.0000,false,50.4700,154.1470,3142
1,2027-12-01,ACS,5,1.0000,true,,,3142
1,2027-12-01,GRASP_VNS,1,1.0000,false,61.8088,243.2616,3142
1,2027-12-01,GRASP_VNS,2,1.0000,false,62.4568,240.3710,3142
1,2027-12-01,GRASP_VNS,3,1.0000,false,61.3428,239.0717,3142
1,2027-12-01,GRASP_VNS,4,1.0000,false,62.3149,242.2706,3142
1,2027-12-01,GRASP_VNS,5,1.0000,false,62.6437,242.5663,3142
1,2028-03-05,ACS,1,1.0000,true,,,3007
1,2028-03-05,ACS,2,1.0000,true,,,3007
1,2028-03-05,ACS,3,1.0000,true,,,3007
1,2028-03-05,ACS,4,1.0000,true,,,3007
1,2028-03-05,ACS,5,1.0000,true,,,3007
1,2028-03-05,GRASP_VNS,1,1.0000,false,59.1496,238.2222,3007
1,2028-03-05,GRASP_VNS,2,1.0000,false,62.2115,242.7599,3007
1,2028-03-05,GRASP_VNS,3,1.0000,false,59.6399,238.8799,3007
1,2028-03-05,GRASP_VNS,4,1.0000,false,60.4965,237.6398,3007
1,2028-03-05,GRASP_VNS,5,1.0000,false,61.1331,241.0591,3007
1,2028-03-07,ACS,1,1.0000,true,,,2996
1,2028-03-07,ACS,2,1.0000,true,,,2996
1,2028-03-07,ACS,3,1.0000,true,,,2996
1,2028-03-07,ACS,4,1.0000,true,,,2996
1,2028-03-07,ACS,5,1.0000,true,,,2996
1,2028-03-07,GRASP_VNS,1,1.0000,false,60.5841,233.2168,2996
1,2028-03-07,GRASP_VNS,2,1.0000,false,61.8553,230.4839,2996
1,2028-03-07,GRASP_VNS,3,1.0000,false,61.9713,234.9391,2996
1,2028-03-07,GRASP_VNS,4,1.0000,false,61.6286,227.2276,2996
1,2028-03-07,GRASP_VNS,5,1.0000,false,61.2712,239.1039,2996
1,2027-10-10,ACS,1,1.0000,true,,,2998
1,2027-10-10,ACS,2,1.0000,true,,,2998
1,2027-10-10,ACS,3,1.0000,true,,,2998
1,2027-10-10,ACS,4,1.0000,true,,,2998
1,2027-10-10,ACS,5,1.0000,true,,,2998
1,2027-10-10,GRASP_VNS,1,1.0000,false,67.5146,233.5333,2998
1,2027-10-10,GRASP_VNS,2,1.0000,false,65.4560,228.2000,2998
1,2027-10-10,GRASP_VNS,3,1.0000,false,66.5055,234.6468,2998
1,2027-10-10,GRASP_VNS,4,1.0000,false,68.5154,232.3207,2998
1,2027-10-10,GRASP_VNS,5,1.0000,false,67.2440,227.2396,2998
1,2028-01-05,ACS,1,1.0000,true,,,3223
1,2028-01-05,ACS,2,1.0000,true,,,3223
1,2028-01-05,ACS,3,1.0000,true,,,3223
1,2028-01-05,ACS,4,1.0000,true,,,3223
1,2028-01-05,ACS,5,1.0000,true,,,3223
1,2028-01-05,GRASP_VNS,1,1.0000,false,63.9850,239.6679,3223
1,2028-01-05,GRASP_VNS,2,1.0000,false,63.6454,240.0758,3223
1,2028-01-05,GRASP_VNS,3,1.0000,false,61.2533,239.1011,3223
1,2028-01-05,GRASP_VNS,4,1.0000,false,61.3181,241.0776,3223
1,2028-01-05,GRASP_VNS,5,1.0000,false,62.2431,238.8827,3223
1,2027-11-03,ACS,1,1.0000,true,,,3027
1,2027-11-03,ACS,2,1.0000,true,,,3027
1,2027-11-03,ACS,3,1.0000,true,,,3027
1,2027-11-03,ACS,4,1.0000,false,47.4494,146.6130,3027
1,2027-11-03,ACS,5,1.0000,true,,,3027
1,2027-11-03,GRASP_VNS,1,1.0000,false,59.7401,229.6275,3027
1,2027-11-03,GRASP_VNS,2,1.0000,false,60.8669,235.9548,3027
1,2027-11-03,GRASP_VNS,3,1.0000,false,58.5256,231.8969,3027
1,2027-11-03,GRASP_VNS,4,1.0000,false,59.9628,236.6890,3027
1,2027-11-03,GRASP_VNS,5,1.0000,false,58.5348,229.3490,3027
1,2028-03-08,ACS,1,1.0000,true,,,3024
1,2028-03-08,ACS,2,1.0000,true,,,3024
1,2028-03-08,ACS,3,1.0000,true,,,3024
1,2028-03-08,ACS,4,1.0000,true,,,3024
1,2028-03-08,ACS,5,1.0000,true,,,3024
1,2028-03-08,GRASP_VNS,1,1.0000,false,60.8719,233.6793,3024
1,2028-03-08,GRASP_VNS,2,1.0000,false,63.1207,238.5380,3024
1,2028-03-08,GRASP_VNS,3,1.0000,false,65.6116,244.7083,3024
1,2028-03-08,GRASP_VNS,4,1.0000,false,63.2144,239.3949,3024
1,2028-03-08,GRASP_VNS,5,1.0000,false,61.5880,235.9112,3024
1,2027-09-03,ACS,1,1.0000,true,,,3039
1,2027-09-03,ACS,2,1.0000,true,,,3039
1,2027-09-03,ACS,3,1.0000,true,,,3039
1,2027-09-03,ACS,4,1.0000,true,,,3039
1,2027-09-03,ACS,5,1.0000,true,,,3039
1,2027-09-03,GRASP_VNS,1,1.0000,false,64.9866,245.8494,3039
1,2027-09-03,GRASP_VNS,2,1.0000,false,60.3172,235.8221,3039
1,2027-09-03,GRASP_VNS,3,1.0000,false,62.4428,233.0889,3039
1,2027-09-03,GRASP_VNS,4,1.0000,false,64.4993,242.5699,3039
1,2027-09-03,GRASP_VNS,5,1.0000,false,63.3858,242.3721,3039
1,2027-09-06,ACS,1,1.0000,true,,,3092
1,2027-09-06,ACS,2,1.0000,false,50.3552,159.0902,3092
1,2027-09-06,ACS,3,1.0000,true,,,3092
1,2027-09-06,ACS,4,1.0000,true,,,3092
1,2027-09-06,ACS,5,1.0000,true,,,3092
1,2027-09-06,GRASP_VNS,1,1.0000,false,59.7269,238.9355,3092
1,2027-09-06,GRASP_VNS,2,1.0000,false,59.1233,239.6427,3092
1,2027-09-06,GRASP_VNS,3,1.0000,false,61.6348,239.5359,3092
1,2027-09-06,GRASP_VNS,4,1.0000,false,60.1321,240.2339,3092
1,2027-09-06,GRASP_VNS,5,1.0000,false,57.4518,237.5378,3092
1,2027-11-09,ACS,1,1.0000,true,,,3029
1,2027-11-09,ACS,2,1.0000,true,,,3029
1,2027-11-09,ACS,3,1.0000,true,,,3029
1,2027-11-09,ACS,4,1.0000,false,46.8192,148.0147,3029
1,2027-11-09,ACS,5,1.0000,true,,,3029
1,2027-11-09,GRASP_VNS,1,1.0000,false,57.2570,230.3168,3029
1,2027-11-09,GRASP_VNS,2,1.0000,false,56.9586,230.3076,3029
1,2027-11-09,GRASP_VNS,3,1.0000,false,54.5801,231.1842,3029
1,2027-11-09,GRASP_VNS,4,1.0000,false,58.2421,230.4530,3029
1,2027-11-09,GRASP_VNS,5,1.0000,false,58.2091,231.1547,3029
1,2028-01-06,ACS,1,1.0000,true,,,2981
1,2028-01-06,ACS,2,1.0000,true,,,2981
1,2028-01-06,ACS,3,1.0000,true,,,2981
1,2028-01-06,ACS,4,1.0000,true,,,2981
1,2028-01-06,ACS,5,1.0000,true,,,2981
1,2028-01-06,GRASP_VNS,1,1.0000,false,57.8803,237.0838,2981
1,2028-01-06,GRASP_VNS,2,1.0000,false,55.3096,236.2197,2981
1,2028-01-06,GRASP_VNS,3,1.0000,false,58.2372,241.7039,2981
1,2028-01-06,GRASP_VNS,4,1.0000,false,58.2946,235.1676,2981
1,2028-01-06,GRASP_VNS,5,1.0000,false,60.7757,241.3911,2981
1,2028-02-01,ACS,1,1.0000,true,,,2934
1,2028-02-01,ACS,2,1.0000,true,,,2934
1,2028-02-01,ACS,3,1.0000,true,,,2934
1,2028-02-01,ACS,4,1.0000,true,,,2934
1,2028-02-01,ACS,5,1.0000,true,,,2934
1,2028-02-01,GRASP_VNS,1,1.0000,false,58.6631,235.9636,2934
1,2028-02-01,GRASP_VNS,2,1.0000,false,56.7308,233.4981,2934
1,2028-02-01,GRASP_VNS,3,1.0000,false,58.8942,237.0307,2934
1,2028-02-01,GRASP_VNS,4,1.0000,false,55.0158,231.0517,2934
1,2028-02-01,GRASP_VNS,5,1.0000,false,58.5863,230.6992,2934
1,2027-08-03,ACS,1,1.0000,false,46.0953,154.3750,2885
1,2027-08-03,ACS,2,1.0000,true,,,2885
1,2027-08-03,ACS,3,1.0000,false,45.6784,153.6115,2885
1,2027-08-03,ACS,4,1.0000,false,45.1920,154.7096,2885
1,2027-08-03,ACS,5,1.0000,false,43.0815,153.5327,2885
1,2027-08-03,GRASP_VNS,1,1.0000,false,53.5751,237.8308,2885
1,2027-08-03,GRASP_VNS,2,1.0000,false,51.9772,231.2404,2885
1,2027-08-03,GRASP_VNS,3,1.0000,false,51.4668,228.3231,2885
1,2027-08-03,GRASP_VNS,4,1.0000,false,52.4996,232.6846,2885
1,2027-08-03,GRASP_VNS,5,1.0000,false,53.7620,235.1077,2885
1,2028-02-04,ACS,1,1.0000,true,,,2972
1,2028-02-04,ACS,2,1.0000,true,,,2972
1,2028-02-04,ACS,3,1.0000,true,,,2972
1,2028-02-04,ACS,4,1.0000,true,,,2972
1,2028-02-04,ACS,5,1.0000,true,,,2972
1,2028-02-04,GRASP_VNS,1,1.0000,false,61.7140,241.5376,2972
1,2028-02-04,GRASP_VNS,2,1.0000,false,62.2358,242.2697,2972
1,2028-02-04,GRASP_VNS,3,1.0000,false,62.8370,240.6320,2972
1,2028-02-04,GRASP_VNS,4,1.0000,false,62.2114,245.2042,2972
1,2028-02-04,GRASP_VNS,5,1.0000,false,65.7639,244.6647,2972
1,2027-08-05,ACS,1,1.0000,true,,,2849
1,2027-08-05,ACS,2,1.0000,true,,,2849
1,2027-08-05,ACS,3,1.0000,true,,,2849
1,2027-08-05,ACS,4,1.0000,true,,,2849
1,2027-08-05,ACS,5,1.0000,true,,,2849
1,2027-08-05,GRASP_VNS,1,1.0000,false,62.8397,238.8168,2849
1,2027-08-05,GRASP_VNS,2,1.0000,false,58.6680,232.6082,2849
1,2027-08-05,GRASP_VNS,3,1.0000,false,60.1702,237.9805,2849
1,2027-08-05,GRASP_VNS,4,1.0000,false,62.9236,237.1891,2849
1,2027-08-05,GRASP_VNS,5,1.0000,false,60.6904,241.3821,2849
1,2028-01-03,ACS,1,1.0000,true,,,2830
1,2028-01-03,ACS,2,1.0000,true,,,2830
1,2028-01-03,ACS,3,1.0000,true,,,2830
1,2028-01-03,ACS,4,1.0000,false,45.8265,161.4035,2830
1,2028-01-03,ACS,5,1.0000,false,47.0071,158.8524,2830
1,2028-01-03,GRASP_VNS,1,1.0000,false,54.3763,240.5945,2830
1,2028-01-03,GRASP_VNS,2,1.0000,false,53.5055,234.9173,2830
1,2028-01-03,GRASP_VNS,3,1.0000,false,54.4897,230.8051,2830
1,2028-01-03,GRASP_VNS,4,1.0000,false,55.0065,235.9193,2830
1,2028-01-03,GRASP_VNS,5,1.0000,false,52.7155,232.9075,2830
1,2028-07-07,ACS,1,1.0000,false,47.1640,162.0709,2769
1,2028-07-07,ACS,2,1.0000,false,45.8886,157.7323,2769
1,2028-07-07,ACS,3,1.0000,false,44.9141,155.6713,2769
1,2028-07-07,ACS,4,1.0000,true,,,2769
1,2028-07-07,ACS,5,1.0000,true,,,2769
1,2028-07-07,GRASP_VNS,1,1.0000,false,54.8008,238.3307,2769
1,2028-07-07,GRASP_VNS,2,1.0000,false,54.9373,238.2913,2769
1,2028-07-07,GRASP_VNS,3,1.0000,false,54.4395,239.5866,2769
1,2028-07-07,GRASP_VNS,4,1.0000,false,54.2102,238.2165,2769
1,2028-07-07,GRASP_VNS,5,1.0000,false,54.7779,241.3583,2769
1,2027-09-07,ACS,1,1.0000,true,,,2730
1,2027-09-07,ACS,2,1.0000,true,,,2730
1,2027-09-07,ACS,3,1.0000,true,,,2730
1,2027-09-07,ACS,4,1.0000,true,,,2730
1,2027-09-07,ACS,5,1.0000,false,50.1789,157.0907,2730
1,2027-09-07,GRASP_VNS,1,1.0000,false,59.0912,233.8757,2730
1,2027-09-07,GRASP_VNS,2,1.0000,false,59.1904,235.5483,2730
1,2027-09-07,GRASP_VNS,3,1.0000,false,58.0623,230.7041,2730
1,2027-09-07,GRASP_VNS,4,1.0000,false,55.9907,228.9349,2730
1,2027-09-07,GRASP_VNS,5,1.0000,false,58.3034,235.2544,2730
1,2027-12-09,ACS,1,1.0000,false,42.3408,156.5438,2665
1,2027-12-09,ACS,2,1.0000,true,,,2665
1,2027-12-09,ACS,3,1.0000,true,,,2665
1,2027-12-09,ACS,4,1.0000,true,,,2665
1,2027-12-09,ACS,5,1.0000,false,43.8517,157.5080,2665
1,2027-12-09,GRASP_VNS,1,1.0000,false,50.8793,239.0219,2665
1,2027-12-09,GRASP_VNS,2,1.0000,false,52.3371,242.8924,2665
1,2027-12-09,GRASP_VNS,3,1.0000,false,52.6206,238.1096,2665
1,2027-12-09,GRASP_VNS,4,1.0000,false,49.5179,231.7291,2665
1,2027-12-09,GRASP_VNS,5,1.0000,false,51.0666,240.9701,2665
1,2027-11-04,ACS,1,1.0000,false,49.1119,155.7126,2859
1,2027-11-04,ACS,2,1.0000,false,48.8789,158.0220,2859
1,2027-11-04,ACS,3,1.0000,false,47.9221,157.0978,2859
1,2027-11-04,ACS,4,1.0000,true,,,2859
1,2027-11-04,ACS,5,1.0000,true,,,2859
1,2027-11-04,GRASP_VNS,1,1.0000,false,55.9995,245.8822,2859
1,2027-11-04,GRASP_VNS,2,1.0000,false,54.5577,238.5269,2859
1,2027-11-04,GRASP_VNS,3,1.0000,false,53.0629,235.6986,2859
1,2027-11-04,GRASP_VNS,4,1.0000,false,55.6895,244.7804,2859
1,2027-11-04,GRASP_VNS,5,1.0000,false,56.0754,249.2016,2859
1,2027-08-01,ACS,1,1.0000,false,42.3374,158.6032,2703
1,2027-08-01,ACS,2,1.0000,false,42.5316,160.0951,2703
1,2027-08-01,ACS,3,1.0000,false,40.0841,159.7794,2703
1,2027-08-01,ACS,4,1.0000,false,41.0106,157.2530,2703
1,2027-08-01,ACS,5,1.0000,false,40.2864,157.9413,2703
1,2027-08-01,GRASP_VNS,1,1.0000,false,46.8665,230.3725,2703
1,2027-08-01,GRASP_VNS,2,1.0000,false,49.1368,237.3320,2703
1,2027-08-01,GRASP_VNS,3,1.0000,false,47.0386,226.1842,2703
1,2027-08-01,GRASP_VNS,4,1.0000,false,48.6159,238.7632,2703
1,2027-08-01,GRASP_VNS,5,1.0000,false,49.1362,236.5891,2703
1,2027-11-02,ACS,1,1.0000,true,,,2759
1,2027-11-02,ACS,2,1.0000,true,,,2759
1,2027-11-02,ACS,3,1.0000,false,45.6215,157.5772,2759
1,2027-11-02,ACS,4,1.0000,true,,,2759
1,2027-11-02,ACS,5,1.0000,true,,,2759
1,2027-11-02,GRASP_VNS,1,1.0000,false,54.0880,234.0020,2759
1,2027-11-02,GRASP_VNS,2,1.0000,false,54.7957,233.8028,2759
1,2027-11-02,GRASP_VNS,3,1.0000,false,56.2339,237.0183,2759
1,2027-11-02,GRASP_VNS,4,1.0000,false,53.9113,230.7724,2759
1,2027-11-02,GRASP_VNS,5,1.0000,false,55.4209,233.7663,2759
1,2027-12-02,ACS,1,1.0000,false,40.1358,155.7926,2633
1,2027-12-02,ACS,2,1.0000,false,40.7514,156.6674,2633
1,2027-12-02,ACS,3,1.0000,false,40.6120,155.6099,2633
1,2027-12-02,ACS,4,1.0000,false,41.8214,158.3593,2633
1,2027-12-02,ACS,5,1.0000,false,42.9982,158.1848,2633
1,2027-12-02,GRASP_VNS,1,1.0000,false,48.7342,221.9959,2633
1,2027-12-02,GRASP_VNS,2,1.0000,false,48.3595,229.0493,2633
1,2027-12-02,GRASP_VNS,3,1.0000,false,47.5926,225.4908,2633
1,2027-12-02,GRASP_VNS,4,1.0000,false,50.0773,224.4887,2633
1,2027-12-02,GRASP_VNS,5,1.0000,false,50.4830,229.1047,2633
1,2027-12-04,ACS,1,1.0000,false,43.6213,165.4309,2732
1,2027-12-04,ACS,2,1.0000,true,,,2732
1,2027-12-04,ACS,3,1.0000,false,42.4473,164.1031,2732
1,2027-12-04,ACS,4,1.0000,false,43.2974,166.4598,2732
1,2027-12-04,ACS,5,1.0000,false,42.1613,160.7567,2732
1,2027-12-04,GRASP_VNS,1,1.0000,false,53.5915,241.8103,2732
1,2027-12-04,GRASP_VNS,2,1.0000,false,52.0660,242.7835,2732
1,2027-12-04,GRASP_VNS,3,1.0000,false,50.1352,231.5464,2732
1,2027-12-04,GRASP_VNS,4,1.0000,false,53.1898,232.7959,2732
1,2027-12-04,GRASP_VNS,5,1.0000,false,52.2196,236.8639,2732
1,2027-08-07,ACS,1,1.0000,false,40.0096,160.4050,2741
1,2027-08-07,ACS,2,1.0000,false,41.9228,164.0537,2741
1,2027-08-07,ACS,3,1.0000,false,41.0060,161.6426,2741
1,2027-08-07,ACS,4,1.0000,false,39.3520,160.0599,2741
1,2027-08-07,ACS,5,1.0000,false,41.1335,164.6467,2741
1,2027-08-07,GRASP_VNS,1,1.0000,false,46.3668,233.3760,2741
1,2027-08-07,GRASP_VNS,2,1.0000,false,45.3957,231.8161,2741
1,2027-08-07,GRASP_VNS,3,1.0000,false,47.5423,234.4091,2741
1,2027-08-07,GRASP_VNS,4,1.0000,false,45.8187,232.8595,2741
1,2027-08-07,GRASP_VNS,5,1.0000,false,46.6733,235.5083,2741
1,2027-10-05,ACS,1,1.0000,false,40.5872,154.5930,2618
1,2027-10-05,ACS,2,1.0000,true,,,2618
1,2027-10-05,ACS,3,1.0000,false,39.4740,152.2397,2618
1,2027-10-05,ACS,4,1.0000,false,41.1911,154.3182,2618
1,2027-10-05,ACS,5,1.0000,false,40.0671,154.6405,2618
1,2027-10-05,GRASP_VNS,1,1.0000,false,49.1868,227.5165,2618
1,2027-10-05,GRASP_VNS,2,1.0000,false,52.1943,236.3574,2618
1,2027-10-05,GRASP_VNS,3,1.0000,false,48.5526,230.8678,2618
1,2027-10-05,GRASP_VNS,4,1.0000,false,47.1928,228.7025,2618
1,2027-10-05,GRASP_VNS,5,1.0000,false,50.4463,226.4690,2618
1,2027-12-03,ACS,1,1.0000,true,,,2599
1,2027-12-03,ACS,2,1.0000,true,,,2599
1,2027-12-03,ACS,3,1.0000,true,,,2599
1,2027-12-03,ACS,4,1.0000,false,40.0189,149.3023,2599
1,2027-12-03,ACS,5,1.0000,true,,,2599
1,2027-12-03,GRASP_VNS,1,1.0000,false,47.8663,233.5197,2599
1,2027-12-03,GRASP_VNS,2,1.0000,false,47.6510,228.5797,2599
1,2027-12-03,GRASP_VNS,3,1.0000,false,45.2444,225.0083,2599
1,2027-12-03,GRASP_VNS,4,1.0000,false,47.9166,227.3996,2599
1,2027-12-03,GRASP_VNS,5,1.0000,false,49.2786,229.0497,2599
1,2028-11-06,ACS,1,1.0000,false,43.1506,159.3064,2629
1,2028-11-06,ACS,2,1.0000,false,42.5870,155.2961,2629
1,2028-11-06,ACS,3,1.0000,false,42.6813,157.3913,2629
1,2028-11-06,ACS,4,1.0000,true,,,2629
1,2028-11-06,ACS,5,1.0000,false,44.5306,163.2422,2629
1,2028-11-06,GRASP_VNS,1,1.0000,false,51.0050,234.9027,2629
1,2028-11-06,GRASP_VNS,2,1.0000,false,47.9741,225.6770,2629
1,2028-11-06,GRASP_VNS,3,1.0000,false,49.1791,228.2257,2629
1,2028-11-06,GRASP_VNS,4,1.0000,false,52.0463,234.4845,2629
1,2028-11-06,GRASP_VNS,5,1.0000,false,49.6315,235.2774,2629
1,2027-09-05,ACS,1,1.0000,false,39.9643,151.3548,2671
1,2027-09-05,ACS,2,1.0000,false,40.2127,151.6120,2671
1,2027-09-05,ACS,3,1.0000,false,39.4680,150.0664,2671
1,2027-09-05,ACS,4,1.0000,false,40.5212,153.3942,2671
1,2027-09-05,ACS,5,1.0000,false,39.3050,150.7261,2671
1,2027-09-05,GRASP_VNS,1,1.0000,false,48.8564,233.7801,2671
1,2027-09-05,GRASP_VNS,2,1.0000,false,46.8875,233.2635,2671
1,2027-09-05,GRASP_VNS,3,1.0000,false,48.4401,236.6971,2671
1,2027-09-05,GRASP_VNS,4,1.0000,false,48.0245,239.4834,2671
1,2027-09-05,GRASP_VNS,5,1.0000,false,47.5007,231.4689,2671
1,2027-07-04,ACS,1,1.0000,false,41.2958,154.2000,2637
1,2027-07-04,ACS,2,1.0000,false,40.8859,152.1396,2637
1,2027-07-04,ACS,3,1.0000,false,41.5610,152.9354,2637
1,2027-07-04,ACS,4,1.0000,false,40.0324,150.0875,2637
1,2027-07-04,ACS,5,1.0000,false,40.8989,153.0979,2637
1,2027-07-04,GRASP_VNS,1,1.0000,false,47.9053,228.8375,2637
1,2027-07-04,GRASP_VNS,2,1.0000,false,47.8292,228.3646,2637
1,2027-07-04,GRASP_VNS,3,1.0000,false,47.9656,231.0688,2637
1,2027-07-04,GRASP_VNS,4,1.0000,false,48.3800,223.7438,2637
1,2027-07-04,GRASP_VNS,5,1.0000,false,49.7836,228.0646,2637
1,2027-09-04,ACS,1,1.0000,false,40.8480,153.1733,2586
1,2027-09-04,ACS,2,1.0000,false,38.3426,149.1273,2586
1,2027-09-04,ACS,3,1.0000,false,38.8483,149.3466,2586
1,2027-09-04,ACS,4,1.0000,false,39.0932,153.9708,2586
1,2027-09-04,ACS,5,1.0000,true,,,2586
1,2027-09-04,GRASP_VNS,1,1.0000,false,48.7021,227.6660,2586
1,2027-09-04,GRASP_VNS,2,1.0000,false,46.2210,230.9248,2586
1,2027-09-04,GRASP_VNS,3,1.0000,false,47.9834,225.8831,2586
1,2027-09-04,GRASP_VNS,4,1.0000,false,46.1296,229.1858,2586
1,2027-09-04,GRASP_VNS,5,1.0000,false,46.2774,228.5929,2586
1,2027-12-08,ACS,1,1.0000,false,41.6726,152.4025,2544
1,2027-12-08,ACS,2,1.0000,true,,,2544
1,2027-12-08,ACS,3,1.0000,false,41.0881,155.8941,2544
1,2027-12-08,ACS,4,1.0000,false,41.9620,154.7415,2544
1,2027-12-08,ACS,5,1.0000,true,,,2544
1,2027-12-08,GRASP_VNS,1,1.0000,false,47.7658,228.5000,2544
1,2027-12-08,GRASP_VNS,2,1.0000,false,47.4595,232.6525,2544
1,2027-12-08,GRASP_VNS,3,1.0000,false,46.4655,225.6886,2544
1,2027-12-08,GRASP_VNS,4,1.0000,false,45.6528,227.7458,2544
1,2027-12-08,GRASP_VNS,5,1.0000,false,44.3643,225.9068,2544
1,2027-06-09,ACS,1,1.0000,false,37.1851,159.2548,2530
1,2027-06-09,ACS,2,1.0000,false,37.4550,158.3169,2530
1,2027-06-09,ACS,3,1.0000,false,37.7974,162.0964,2530
1,2027-06-09,ACS,4,1.0000,false,37.4771,159.6638,2530
1,2027-06-09,ACS,5,1.0000,false,39.0614,158.5482,2530
1,2027-06-09,GRASP_VNS,1,1.0000,false,41.7502,222.9358,2530
1,2027-06-09,GRASP_VNS,2,1.0000,false,43.7034,237.4711,2530
1,2027-06-09,GRASP_VNS,3,1.0000,false,45.5730,241.5075,2530
1,2027-06-09,GRASP_VNS,4,1.0000,false,44.5168,238.1221,2530
1,2027-06-09,GRASP_VNS,5,1.0000,false,43.5733,234.2612,2530
1,2027-07-08,ACS,1,1.0000,false,44.7175,157.4540,2501
1,2027-07-08,ACS,2,1.0000,false,42.0702,157.0171,2501
1,2027-07-08,ACS,3,1.0000,false,44.7941,160.6702,2501
1,2027-07-08,ACS,4,1.0000,true,,,2501
1,2027-07-08,ACS,5,1.0000,true,,,2501
1,2027-07-08,GRASP_VNS,1,1.0000,false,48.4849,237.7495,2501
1,2027-07-08,GRASP_VNS,2,1.0000,false,47.7594,229.4711,2501
1,2027-07-08,GRASP_VNS,3,1.0000,false,49.6665,233.8951,2501
1,2027-07-08,GRASP_VNS,4,1.0000,false,48.8196,230.3662,2501
1,2027-07-08,GRASP_VNS,5,1.0000,false,48.5877,233.0064,2501
1,2027-07-11,ACS,1,1.0000,false,35.9232,156.8565,2551
1,2027-07-11,ACS,2,1.0000,false,38.1520,157.3126,2551
1,2027-07-11,ACS,3,1.0000,false,36.5629,153.1756,2551
1,2027-07-11,ACS,4,1.0000,false,38.5944,157.6253,2551
1,2027-07-11,ACS,5,1.0000,false,38.3173,154.0792,2551
1,2027-07-11,GRASP_VNS,1,1.0000,false,46.8270,230.4090,2551
1,2027-07-11,GRASP_VNS,2,1.0000,false,46.0974,230.3469,2551
1,2027-07-11,GRASP_VNS,3,1.0000,false,44.1223,222.5375,2551
1,2027-07-11,GRASP_VNS,4,1.0000,false,44.1287,226.9957,2551
1,2027-07-11,GRASP_VNS,5,1.0000,false,42.5190,222.7516,2551
1,2027-07-03,ACS,1,1.0000,false,41.5649,163.4270,2613
1,2027-07-03,ACS,2,1.0000,false,39.6674,162.2833,2613
1,2027-07-03,ACS,3,1.0000,false,43.7080,164.9249,2613
1,2027-07-03,ACS,4,1.0000,false,40.5602,160.1545,2613
1,2027-07-03,ACS,5,1.0000,false,41.3879,164.7983,2613
1,2027-07-03,GRASP_VNS,1,1.0000,false,48.6761,238.5429,2613
1,2027-07-03,GRASP_VNS,2,1.0000,false,49.9795,235.4356,2613
1,2027-07-03,GRASP_VNS,3,1.0000,false,49.6170,244.1781,2613
1,2027-07-03,GRASP_VNS,4,1.0000,false,47.0387,234.9807,2613
1,2027-07-03,GRASP_VNS,5,1.0000,false,50.4812,246.6760,2613
1,2027-10-06,ACS,1,1.0000,false,37.6686,157.2091,2591
1,2027-10-06,ACS,2,1.0000,false,36.3748,156.7371,2591
1,2027-10-06,ACS,3,1.0000,false,38.0201,155.4634,2591
1,2027-10-06,ACS,4,1.0000,false,37.6028,153.9978,2591
1,2027-10-06,ACS,5,1.0000,false,37.1102,155.2522,2591
1,2027-10-06,GRASP_VNS,1,1.0000,false,44.1774,228.0388,2591
1,2027-10-06,GRASP_VNS,2,1.0000,false,46.2577,230.0388,2591
1,2027-10-06,GRASP_VNS,3,1.0000,false,46.5631,231.7716,2591
1,2027-10-06,GRASP_VNS,4,1.0000,false,47.7992,233.8103,2591
1,2027-10-06,GRASP_VNS,5,1.0000,false,44.1580,230.0323,2591
1,2027-11-05,ACS,1,1.0000,false,35.0531,155.9978,2412
1,2027-11-05,ACS,2,1.0000,false,34.0789,155.0799,2412
1,2027-11-05,ACS,3,1.0000,false,35.4015,156.0324,2412
1,2027-11-05,ACS,4,1.0000,false,34.2663,156.8790,2412
1,2027-11-05,ACS,5,1.0000,false,35.8497,159.0216,2412
1,2027-11-05,GRASP_VNS,1,1.0000,false,41.7005,223.8402,2412
1,2027-11-05,GRASP_VNS,2,1.0000,false,41.8649,231.9460,2412
1,2027-11-05,GRASP_VNS,3,1.0000,false,41.3661,226.4730,2412
1,2027-11-05,GRASP_VNS,4,1.0000,false,42.5293,239.4168,2412
1,2027-11-05,GRASP_VNS,5,1.0000,false,44.6656,237.9654,2412
1,2027-06-11,ACS,1,1.0000,false,38.5037,156.1004,2468
1,2027-06-11,ACS,2,1.0000,true,,,2468
1,2027-06-11,ACS,3,1.0000,false,37.1765,158.2642,2468
1,2027-06-11,ACS,4,1.0000,false,36.3518,154.3537,2468
1,2027-06-11,ACS,5,1.0000,false,39.3809,156.0306,2468
1,2027-06-11,GRASP_VNS,1,1.0000,false,44.2199,226.5022,2468
1,2027-06-11,GRASP_VNS,2,1.0000,false,41.9040,221.5611,2468
1,2027-06-11,GRASP_VNS,3,1.0000,false,45.5952,222.4694,2468
1,2027-06-11,GRASP_VNS,4,1.0000,false,41.5955,219.6616,2468
1,2027-06-11,GRASP_VNS,5,1.0000,false,43.6545,230.4192,2468
1,2027-07-02,ACS,1,1.0000,false,38.3244,158.6419,2486
1,2027-07-02,ACS,2,1.0000,false,36.0467,155.9978,2486
1,2027-07-02,ACS,3,1.0000,false,37.5049,157.4367,2486
1,2027-07-02,ACS,4,1.0000,true,,,2486
1,2027-07-02,ACS,5,1.0000,false,37.8515,155.9716,2486
1,2027-07-02,GRASP_VNS,1,1.0000,false,44.4672,231.6157,2486
1,2027-07-02,GRASP_VNS,2,1.0000,false,45.2346,237.7031,2486
1,2027-07-02,GRASP_VNS,3,1.0000,false,43.8593,231.5262,2486
1,2027-07-02,GRASP_VNS,4,1.0000,false,45.3999,235.1790,2486
1,2027-07-02,GRASP_VNS,5,1.0000,false,43.5055,229.0895,2486
1,2027-10-08,ACS,1,1.0000,false,39.3012,163.0633,2511
1,2027-10-08,ACS,2,1.0000,false,38.7135,162.0611,2511
1,2027-10-08,ACS,3,1.0000,false,38.7259,166.2664,2511
1,2027-10-08,ACS,4,1.0000,false,39.3265,164.9345,2511
1,2027-10-08,ACS,5,1.0000,false,39.4905,164.3777,2511
1,2027-10-08,GRASP_VNS,1,1.0000,false,47.6670,238.5895,2511
1,2027-10-08,GRASP_VNS,2,1.0000,false,45.0911,233.4498,2511
1,2027-10-08,GRASP_VNS,3,1.0000,false,45.6381,235.5830,2511
1,2027-10-08,GRASP_VNS,4,1.0000,false,45.1504,232.3188,2511
1,2027-10-08,GRASP_VNS,5,1.0000,false,45.2984,231.4716,2511
1,2027-08-02,ACS,1,1.0000,false,34.6620,159.2500,2494
1,2027-08-02,ACS,2,1.0000,true,,,2494
1,2027-08-02,ACS,3,1.0000,true,,,2494
1,2027-08-02,ACS,4,1.0000,true,,,2494
1,2027-08-02,ACS,5,1.0000,true,,,2494
1,2027-08-02,GRASP_VNS,1,1.0000,false,41.5311,232.6460,2494
1,2027-08-02,GRASP_VNS,2,1.0000,false,40.1970,229.3186,2494
1,2027-08-02,GRASP_VNS,3,1.0000,false,41.1090,233.8717,2494
1,2027-08-02,GRASP_VNS,4,1.0000,false,41.7386,230.4558,2494
1,2027-08-02,GRASP_VNS,5,1.0000,false,39.8858,226.7611,2494
1,2027-08-10,ACS,1,1.0000,false,41.4823,154.2683,2463
1,2027-08-10,ACS,2,1.0000,false,41.2084,157.7761,2463
1,2027-08-10,ACS,3,1.0000,true,,,2463
1,2027-08-10,ACS,4,1.0000,false,42.1865,159.8049,2463
1,2027-08-10,ACS,5,1.0000,false,40.8030,159.6053,2463
1,2027-08-10,GRASP_VNS,1,1.0000,false,47.6691,235.9002,2463
1,2027-08-10,GRASP_VNS,2,1.0000,false,49.6384,245.8891,2463
1,2027-08-10,GRASP_VNS,3,1.0000,false,50.3329,237.1109,2463
1,2027-08-10,GRASP_VNS,4,1.0000,false,48.3693,236.4501,2463
1,2027-08-10,GRASP_VNS,5,1.0000,false,49.8220,238.2040,2463
1,2027-10-04,ACS,1,1.0000,false,42.7213,160.6942,2437
1,2027-10-04,ACS,2,1.0000,true,,,2437
1,2027-10-04,ACS,3,1.0000,false,43.0658,159.0915,2437
1,2027-10-04,ACS,4,1.0000,true,,,2437
1,2027-10-04,ACS,5,1.0000,false,42.2933,157.3192,2437
1,2027-10-04,GRASP_VNS,1,1.0000,false,49.2938,237.9710,2437
1,2027-10-04,GRASP_VNS,2,1.0000,false,50.1969,236.1317,2437
1,2027-10-04,GRASP_VNS,3,1.0000,false,47.9677,236.5603,2437
1,2027-10-04,GRASP_VNS,4,1.0000,false,47.5978,238.6362,2437
1,2027-10-04,GRASP_VNS,5,1.0000,false,51.1444,239.5558,2437
1,2027-08-06,ACS,1,1.0000,true,,,2533
1,2027-08-06,ACS,2,1.0000,true,,,2533
1,2027-08-06,ACS,3,1.0000,false,40.6982,170.6757,2533
1,2027-08-06,ACS,4,1.0000,false,39.5412,168.3176,2533
1,2027-08-06,ACS,5,1.0000,false,40.9004,170.9662,2533
1,2027-08-06,GRASP_VNS,1,1.0000,false,47.9384,250.6486,2533
1,2027-08-06,GRASP_VNS,2,1.0000,false,46.1095,249.3649,2533
1,2027-08-06,GRASP_VNS,3,1.0000,false,47.7214,252.0315,2533
1,2027-08-06,GRASP_VNS,4,1.0000,false,46.6414,249.2748,2533
1,2027-08-06,GRASP_VNS,5,1.0000,false,47.5498,248.1351,2533
1,2027-06-02,ACS,1,1.0000,false,38.7505,168.1086,2461
1,2027-06-02,ACS,2,1.0000,true,,,2461
1,2027-06-02,ACS,3,1.0000,false,39.5684,167.9819,2461
1,2027-06-02,ACS,4,1.0000,true,,,2461
1,2027-06-02,ACS,5,1.0000,true,,,2461
1,2027-06-02,GRASP_VNS,1,1.0000,false,43.2602,237.1357,2461
1,2027-06-02,GRASP_VNS,2,1.0000,false,42.3691,236.6991,2461
1,2027-06-02,GRASP_VNS,3,1.0000,false,43.2516,241.7489,2461
1,2027-06-02,GRASP_VNS,4,1.0000,false,44.0860,239.5905,2461
1,2027-06-02,GRASP_VNS,5,1.0000,false,42.8145,236.7398,2461
1,2027-11-01,ACS,1,1.0000,false,35.8103,156.9887,2406
1,2027-11-01,ACS,2,1.0000,true,,,2406
1,2027-11-01,ACS,3,1.0000,false,36.7703,156.6131,2406
1,2027-11-01,ACS,4,1.0000,false,37.0941,158.8665,2406
1,2027-11-01,ACS,5,1.0000,true,,,2406
1,2027-11-01,GRASP_VNS,1,1.0000,false,44.0477,229.8416,2406
1,2027-11-01,GRASP_VNS,2,1.0000,false,41.0969,229.2692,2406
1,2027-11-01,GRASP_VNS,3,1.0000,false,43.0447,234.3869,2406
1,2027-11-01,GRASP_VNS,4,1.0000,false,42.5641,235.5724,2406
1,2027-11-01,GRASP_VNS,5,1.0000,false,44.3440,233.3439,2406
1,2027-06-04,ACS,1,1.0000,false,37.9729,163.9501,2430
1,2027-06-04,ACS,2,1.0000,true,,,2430
1,2027-06-04,ACS,3,1.0000,false,39.4247,162.7075,2430
1,2027-06-04,ACS,4,1.0000,false,36.2372,162.4649,2430
1,2027-06-04,ACS,5,1.0000,false,39.4278,161.5102,2430
1,2027-06-04,GRASP_VNS,1,1.0000,false,44.1596,232.4603,2430
1,2027-06-04,GRASP_VNS,2,1.0000,false,46.0171,247.1973,2430
1,2027-06-04,GRASP_VNS,3,1.0000,false,45.4249,240.7823,2430
1,2027-06-04,GRASP_VNS,4,1.0000,false,42.3854,233.9070,2430
1,2027-06-04,GRASP_VNS,5,1.0000,false,42.3996,240.0748,2430
1,2027-07-01,ACS,1,1.0000,false,35.7881,153.5420,2426
1,2027-07-01,ACS,2,1.0000,true,,,2426
1,2027-07-01,ACS,3,1.0000,false,37.0414,152.6689,2426
1,2027-07-01,ACS,4,1.0000,false,36.7365,152.6803,2426
1,2027-07-01,ACS,5,1.0000,false,36.2587,155.5896,2426
1,2027-07-01,GRASP_VNS,1,1.0000,false,44.7527,229.1134,2426
1,2027-07-01,GRASP_VNS,2,1.0000,false,44.5128,236.5420,2426
1,2027-07-01,GRASP_VNS,3,1.0000,false,42.8658,233.5850,2426
1,2027-07-01,GRASP_VNS,4,1.0000,false,43.6106,227.0839,2426
1,2027-07-01,GRASP_VNS,5,1.0000,false,44.7885,238.5578,2426
1,2027-07-10,ACS,1,1.0000,false,33.7149,158.9656,2286
1,2027-07-10,ACS,2,1.0000,false,34.6359,157.7018,2286
1,2027-07-10,ACS,3,1.0000,false,34.0844,158.1743,2286
1,2027-07-10,ACS,4,1.0000,false,34.1097,156.5849,2286
1,2027-07-10,ACS,5,1.0000,false,33.2564,156.7087,2286
1,2027-07-10,GRASP_VNS,1,1.0000,false,42.5245,233.5872,2286
1,2027-07-10,GRASP_VNS,2,1.0000,false,40.0232,225.6124,2286
1,2027-07-10,GRASP_VNS,3,1.0000,false,41.4847,234.0619,2286
1,2027-07-10,GRASP_VNS,4,1.0000,false,41.7052,232.1743,2286
1,2027-07-10,GRASP_VNS,5,1.0000,false,42.3051,233.4404,2286
1,2027-08-04,ACS,1,1.0000,false,37.8874,166.8226,2443
1,2027-08-04,ACS,2,1.0000,false,37.6812,166.9194,2443
1,2027-08-04,ACS,3,1.0000,false,37.4567,164.2074,2443
1,2027-08-04,ACS,4,1.0000,false,36.9471,163.0599,2443
1,2027-08-04,ACS,5,1.0000,false,37.6104,165.9770,2443
1,2027-08-04,GRASP_VNS,1,1.0000,false,47.2563,250.6982,2443
1,2027-08-04,GRASP_VNS,2,1.0000,false,46.4190,247.2834,2443
1,2027-08-04,GRASP_VNS,3,1.0000,false,47.7701,248.5207,2443
1,2027-08-04,GRASP_VNS,4,1.0000,false,48.2843,240.8802,2443
1,2027-08-04,GRASP_VNS,5,1.0000,false,44.2094,245.1152,2443
1,2027-10-01,ACS,1,1.0000,false,35.5203,156.9261,2358
1,2027-10-01,ACS,2,1.0000,true,,,2358
1,2027-10-01,ACS,3,1.0000,true,,,2358
1,2027-10-01,ACS,4,1.0000,true,,,2358
1,2027-10-01,ACS,5,1.0000,false,35.5469,157.6282,2358
1,2027-10-01,GRASP_VNS,1,1.0000,false,39.2792,223.4965,2358
1,2027-10-01,GRASP_VNS,2,1.0000,false,37.7461,224.4042,2358
1,2027-10-01,GRASP_VNS,3,1.0000,false,41.3037,230.4296,2358
1,2027-10-01,GRASP_VNS,4,1.0000,false,40.4454,229.8868,2358
1,2027-10-01,GRASP_VNS,5,1.0000,false,39.5941,224.4919,2358
1,2027-09-08,ACS,1,1.0000,true,,,2459
1,2027-09-08,ACS,2,1.0000,false,38.0953,159.6991,2459
1,2027-09-08,ACS,3,1.0000,false,38.4250,161.3958,2459
1,2027-09-08,ACS,4,1.0000,false,36.9500,163.1042,2459
1,2027-09-08,ACS,5,1.0000,true,,,2459
1,2027-09-08,GRASP_VNS,1,1.0000,false,47.3864,245.5069,2459
1,2027-09-08,GRASP_VNS,2,1.0000,false,43.5035,239.6019,2459
1,2027-09-08,GRASP_VNS,3,1.0000,false,43.9045,235.6088,2459
1,2027-09-08,GRASP_VNS,4,1.0000,false,45.9279,245.8310,2459
1,2027-09-08,GRASP_VNS,5,1.0000,false,47.4386,243.0764,2459
1,2027-06-03,ACS,1,1.0000,false,35.2321,169.7243,2377
1,2027-06-03,ACS,2,1.0000,false,34.6646,169.2664,2377
1,2027-06-03,ACS,3,1.0000,false,34.4297,169.6612,2377
1,2027-06-03,ACS,4,1.0000,false,33.9473,168.0140,2377
1,2027-06-03,ACS,5,1.0000,false,33.9083,167.9416,2377
1,2027-06-03,GRASP_VNS,1,1.0000,false,39.9997,236.7079,2377
1,2027-06-03,GRASP_VNS,2,1.0000,false,40.0192,236.2453,2377
1,2027-06-03,GRASP_VNS,3,1.0000,false,38.4006,231.8435,2377
1,2027-06-03,GRASP_VNS,4,1.0000,false,38.8610,233.4977,2377
1,2027-06-03,GRASP_VNS,5,1.0000,false,40.4816,236.4626,2377
1,2027-09-09,ACS,1,1.0000,false,35.1200,161.8659,2356
1,2027-09-09,ACS,2,1.0000,false,35.0937,160.7929,2356
1,2027-09-09,ACS,3,1.0000,false,35.2019,164.1388,2356
1,2027-09-09,ACS,4,1.0000,false,34.3314,163.3294,2356
1,2027-09-09,ACS,5,1.0000,true,,,2356
1,2027-09-09,GRASP_VNS,1,1.0000,false,42.6323,240.1482,2356
1,2027-09-09,GRASP_VNS,2,1.0000,false,39.2876,232.3788,2356
1,2027-09-09,GRASP_VNS,3,1.0000,false,39.9912,232.4941,2356
1,2027-09-09,GRASP_VNS,4,1.0000,false,39.8464,237.8682,2356
1,2027-09-09,GRASP_VNS,5,1.0000,false,42.5480,233.6047,2356
1,2027-09-02,ACS,1,1.0000,false,37.6648,172.0095,2354
1,2027-09-02,ACS,2,1.0000,true,,,2354
1,2027-09-02,ACS,3,1.0000,false,37.5193,166.2417,2354
1,2027-09-02,ACS,4,1.0000,false,36.6487,166.4028,2354
1,2027-09-02,ACS,5,1.0000,false,35.1310,162.9360,2354
1,2027-09-02,GRASP_VNS,1,1.0000,false,41.1089,234.2915,2354
1,2027-09-02,GRASP_VNS,2,1.0000,false,40.6105,229.5853,2354
1,2027-09-02,GRASP_VNS,3,1.0000,false,44.0576,237.3720,2354
1,2027-09-02,GRASP_VNS,4,1.0000,false,44.6047,231.0735,2354
1,2027-09-02,GRASP_VNS,5,1.0000,false,40.9522,230.3341,2354
1,2027-07-06,ACS,1,1.0000,false,34.2450,170.7249,2354
1,2027-07-06,ACS,2,1.0000,false,34.8895,169.6316,2354
1,2027-07-06,ACS,3,1.0000,false,33.0337,164.1220,2354
1,2027-07-06,ACS,4,1.0000,false,34.1040,166.7967,2354
1,2027-07-06,ACS,5,1.0000,false,35.6405,169.3636,2354
1,2027-07-06,GRASP_VNS,1,1.0000,false,40.9599,239.0072,2354
1,2027-07-06,GRASP_VNS,2,1.0000,false,40.6362,235.2679,2354
1,2027-07-06,GRASP_VNS,3,1.0000,false,39.6766,245.1316,2354
1,2027-07-06,GRASP_VNS,4,1.0000,false,40.5497,245.7392,2354
1,2027-07-06,GRASP_VNS,5,1.0000,false,42.0215,243.9187,2354
1,2027-05-08,ACS,1,1.0000,false,33.9110,165.8439,2251
1,2027-05-08,ACS,2,1.0000,true,,,2251
1,2027-05-08,ACS,3,1.0000,false,34.1034,161.2415,2251
1,2027-05-08,ACS,4,1.0000,true,,,2251
1,2027-05-08,ACS,5,1.0000,false,34.5783,163.8122,2251
1,2027-05-08,GRASP_VNS,1,1.0000,false,39.9832,231.2756,2251
1,2027-05-08,GRASP_VNS,2,1.0000,false,42.0520,240.7512,2251
1,2027-05-08,GRASP_VNS,3,1.0000,false,41.2814,236.9683,2251
1,2027-05-08,GRASP_VNS,4,1.0000,false,41.6124,234.6878,2251
1,2027-05-08,GRASP_VNS,5,1.0000,false,39.8740,240.1146,2251
1,2027-10-02,ACS,1,1.0000,false,35.0625,170.4756,2315
1,2027-10-02,ACS,2,1.0000,false,33.8082,167.7415,2315
1,2027-10-02,ACS,3,1.0000,false,33.2524,162.5024,2315
1,2027-10-02,ACS,4,1.0000,false,37.5142,169.3634,2315
1,2027-10-02,ACS,5,1.0000,false,35.1075,166.6171,2315
1,2027-10-02,GRASP_VNS,1,1.0000,false,40.4964,246.1415,2315
1,2027-10-02,GRASP_VNS,2,1.0000,false,40.4438,247.6512,2315
1,2027-10-02,GRASP_VNS,3,1.0000,false,40.4853,251.1341,2315
1,2027-10-02,GRASP_VNS,4,1.0000,false,39.0783,241.8268,2315
1,2027-10-02,GRASP_VNS,5,1.0000,false,40.5323,241.7244,2315
1,2027-05-01,ACS,1,1.0000,false,35.1083,172.6088,2263
1,2027-05-01,ACS,2,1.0000,false,32.9977,168.5477,2263
1,2027-05-01,ACS,3,1.0000,false,32.1592,168.6210,2263
1,2027-05-01,ACS,4,1.0000,false,33.4446,167.6895,2263
1,2027-05-01,ACS,5,1.0000,false,32.7348,171.4621,2263
1,2027-05-01,GRASP_VNS,1,1.0000,false,39.9485,239.7457,2263
1,2027-05-01,GRASP_VNS,2,1.0000,false,41.1031,251.1443,2263
1,2027-05-01,GRASP_VNS,3,1.0000,false,41.4995,246.5159,2263
1,2027-05-01,GRASP_VNS,4,1.0000,false,40.5148,240.0905,2263
1,2027-05-01,GRASP_VNS,5,1.0000,false,41.4715,252.8142,2263
1,2027-09-10,ACS,1,1.0000,false,30.2493,169.2599,2198
1,2027-09-10,ACS,2,1.0000,false,29.6593,169.5767,2198
1,2027-09-10,ACS,3,1.0000,false,29.7450,168.4381,2198
1,2027-09-10,ACS,4,1.0000,false,29.9530,169.2252,2198
1,2027-09-10,ACS,5,1.0000,false,27.8919,165.6881,2198
1,2027-09-10,GRASP_VNS,1,1.0000,false,37.0118,231.8639,2198
1,2027-09-10,GRASP_VNS,2,1.0000,false,35.7818,224.0743,2198
1,2027-09-10,GRASP_VNS,3,1.0000,false,38.4817,238.1559,2198
1,2027-09-10,GRASP_VNS,4,1.0000,false,39.0645,242.1658,2198
1,2027-09-10,GRASP_VNS,5,1.0000,false,37.2639,229.4530,2198
1,2027-05-03,ACS,1,1.0000,false,34.1127,169.7097,2259
1,2027-05-03,ACS,2,1.0000,false,31.8026,166.5360,2259
1,2027-05-03,ACS,3,1.0000,false,33.0395,169.0199,2259
1,2027-05-03,ACS,4,1.0000,false,34.2527,172.0744,2259
1,2027-05-03,ACS,5,1.0000,false,32.9853,170.5087,2259
1,2027-05-03,GRASP_VNS,1,1.0000,false,37.7191,241.2457,2259
1,2027-05-03,GRASP_VNS,2,1.0000,false,37.2905,240.4218,2259
1,2027-05-03,GRASP_VNS,3,1.0000,false,38.2346,242.5236,2259
1,2027-05-03,GRASP_VNS,4,1.0000,false,38.5416,233.2060,2259
1,2027-05-03,GRASP_VNS,5,1.0000,false,35.8351,234.8263,2259
1,2027-05-05,ACS,1,1.0000,false,33.2748,178.4250,2254
1,2027-05-05,ACS,2,1.0000,false,33.2671,176.6250,2254
1,2027-05-05,ACS,3,1.0000,false,30.6995,173.9225,2254
1,2027-05-05,ACS,4,1.0000,false,33.6298,172.5025,2254
1,2027-05-05,ACS,5,1.0000,false,32.6625,175.1950,2254
1,2027-05-05,GRASP_VNS,1,1.0000,false,37.8732,240.5400,2254
1,2027-05-05,GRASP_VNS,2,1.0000,false,37.4864,244.6275,2254
1,2027-05-05,GRASP_VNS,3,1.0000,false,38.0747,241.4925,2254
1,2027-05-05,GRASP_VNS,4,1.0000,false,38.4929,237.2825,2254
1,2027-05-05,GRASP_VNS,5,1.0000,false,36.7048,233.3550,2254
2,2027-08-01,ACS,1,2.0000,true,,,2703
2,2027-08-01,ACS,2,2.0000,true,,,2703
2,2027-08-01,ACS,3,2.0000,true,,,2703
2,2027-08-01,ACS,4,2.0000,true,,,2703
2,2027-08-01,ACS,5,2.0000,true,,,2703
2,2027-08-01,ACS,1,1.5000,true,,,2703
2,2027-08-01,ACS,2,1.5000,true,,,2703
2,2027-08-01,ACS,3,1.5000,true,,,2703
2,2027-08-01,ACS,4,1.5000,true,,,2703
2,2027-08-01,ACS,5,1.5000,true,,,2703
2,2027-08-01,ACS,1,1.2500,true,,,2703
2,2027-08-01,ACS,2,1.2500,true,,,2703
2,2027-08-01,ACS,3,1.2500,true,,,2703
2,2027-08-01,ACS,4,1.2500,false,50.9563,189.9332,2703
2,2027-08-01,ACS,5,1.2500,false,49.7942,188.4838,2703
2,2027-08-01,ACS,1,1.1250,true,,,2703
2,2027-08-01,ACS,2,1.1250,true,,,2703
2,2027-08-01,ACS,3,1.1250,true,,,2703
2,2027-08-01,ACS,4,1.1250,true,,,2703
2,2027-08-01,ACS,5,1.1250,false,47.2122,176.3765,2703
2,2027-08-01,ACS,1,1.0625,false,48.0591,173.9008,2703
2,2027-08-01,ACS,2,1.0625,false,47.0757,178.5648,2703
2,2027-08-01,ACS,3,1.0625,true,,,2703
2,2027-08-01,ACS,4,1.0625,false,45.7985,170.8259,2703
2,2027-08-01,ACS,5,1.0625,false,45.4231,169.9372,2703
2,2027-08-01,ACS,1,1.0313,false,48.0591,173.9008,2703
2,2027-08-01,ACS,2,1.0313,false,47.0757,178.5648,2703
2,2027-08-01,ACS,3,1.0313,true,,,2703
2,2027-08-01,ACS,4,1.0313,false,45.7985,170.8259,2703
2,2027-08-01,ACS,5,1.0313,false,45.4231,169.9372,2703
2,2027-08-01,ACS,1,1.1000,false,48.0591,173.9008,2703
2,2027-08-01,ACS,2,1.1000,false,47.0757,178.5648,2703
2,2027-08-01,ACS,3,1.1000,true,,,2703
2,2027-08-01,ACS,4,1.1000,false,45.7985,170.8259,2703
2,2027-08-01,ACS,5,1.1000,false,45.4231,169.9372,2703
2,2027-08-01,ACS,1,1.2000,true,,,2703
2,2027-08-01,ACS,2,1.2000,true,,,2703
2,2027-08-01,ACS,3,1.2000,true,,,2703
2,2027-08-01,ACS,4,1.2000,false,48.2463,181.9413,2703
2,2027-08-01,ACS,5,1.2000,true,,,2703
2,2027-08-01,GRASP_VNS,1,2.0000,true,,,2703
2,2027-08-01,GRASP_VNS,2,2.0000,true,,,2703
2,2027-08-01,GRASP_VNS,3,2.0000,true,,,2703
2,2027-08-01,GRASP_VNS,4,2.0000,true,,,2703
2,2027-08-01,GRASP_VNS,5,2.0000,true,,,2703
2,2027-08-01,GRASP_VNS,1,1.5000,false,69.3796,305.9960,2703
2,2027-08-01,GRASP_VNS,2,1.5000,false,65.9599,306.7085,2703
2,2027-08-01,GRASP_VNS,3,1.5000,false,68.3991,313.4757,2703
2,2027-08-01,GRASP_VNS,4,1.5000,false,66.0080,305.9696,2703
2,2027-08-01,GRASP_VNS,5,1.5000,false,67.2212,308.3583,2703
2,2027-08-01,GRASP_VNS,1,1.7500,true,,,2703
2,2027-08-01,GRASP_VNS,2,1.7500,true,,,2703
2,2027-08-01,GRASP_VNS,3,1.7500,true,,,2703
2,2027-08-01,GRASP_VNS,4,1.7500,true,,,2703
2,2027-08-01,GRASP_VNS,5,1.7500,true,,,2703
2,2027-08-01,GRASP_VNS,1,1.6250,true,,,2703
2,2027-08-01,GRASP_VNS,2,1.6250,false,71.9353,315.4049,2703
2,2027-08-01,GRASP_VNS,3,1.6250,true,,,2703
2,2027-08-01,GRASP_VNS,4,1.6250,false,73.0565,318.7429,2703
2,2027-08-01,GRASP_VNS,5,1.6250,false,73.1658,317.9757,2703
2,2027-08-01,GRASP_VNS,1,1.5625,false,70.4813,314.7611,2703
2,2027-08-01,GRASP_VNS,2,1.5625,false,71.6544,314.0304,2703
2,2027-08-01,GRASP_VNS,3,1.5625,false,71.0343,316.6883,2703
2,2027-08-01,GRASP_VNS,4,1.5625,false,70.1478,318.7652,2703
2,2027-08-01,GRASP_VNS,5,1.5625,false,69.7774,313.4534,2703
2,2027-08-01,GRASP_VNS,1,1.5938,false,69.8044,312.8036,2703
2,2027-08-01,GRASP_VNS,2,1.5938,false,69.0602,311.3219,2703
2,2027-08-01,GRASP_VNS,3,1.5938,false,72.3055,320.2874,2703
2,2027-08-01,GRASP_VNS,4,1.5938,false,72.7420,317.3279,2703
2,2027-08-01,GRASP_VNS,5,1.5938,false,70.1552,313.2976,2703
2,2027-08-01,GRASP_VNS,1,1.6938,true,,,2703
2,2027-08-01,GRASP_VNS,2,1.6938,true,,,2703
2,2027-08-01,GRASP_VNS,3,1.6938,true,,,2703
2,2027-08-01,GRASP_VNS,4,1.6938,true,,,2703
2,2027-08-01,GRASP_VNS,5,1.6938,true,,,2703
2,2027-08-01,GRASP_VNS,1,1.7938,true,,,2703
2,2027-08-01,GRASP_VNS,2,1.7938,true,,,2703
2,2027-08-01,GRASP_VNS,3,1.7938,true,,,2703
2,2027-08-01,GRASP_VNS,4,1.7938,true,,,2703
2,2027-08-01,GRASP_VNS,5,1.7938,true,,,2703
2,2027-12-02,ACS,1,2.0000,true,,,2633
2,2027-12-02,ACS,2,2.0000,true,,,2633
2,2027-12-02,ACS,3,2.0000,true,,,2633
2,2027-12-02,ACS,4,2.0000,true,,,2633
2,2027-12-02,ACS,5,2.0000,true,,,2633
2,2027-12-02,ACS,1,1.5000,true,,,2633
2,2027-12-02,ACS,2,1.5000,true,,,2633
2,2027-12-02,ACS,3,1.5000,true,,,2633
2,2027-12-02,ACS,4,1.5000,true,,,2633
2,2027-12-02,ACS,5,1.5000,true,,,2633
2,2027-12-02,ACS,1,1.2500,false,50.1271,183.2854,2633
2,2027-12-02,ACS,2,1.2500,true,,,2633
2,2027-12-02,ACS,3,1.2500,false,49.7249,185.6571,2633
2,2027-12-02,ACS,4,1.2500,false,51.6665,185.3819,2633
2,2027-12-02,ACS,5,1.2500,true,,,2633
2,2027-12-02,ACS,1,1.1250,false,47.7452,177.7967,2633
2,2027-12-02,ACS,2,1.1250,false,46.0942,173.2053,2633
2,2027-12-02,ACS,3,1.1250,false,50.2279,181.6489,2633
2,2027-12-02,ACS,4,1.1250,true,,,2633
2,2027-12-02,ACS,5,1.1250,false,47.8620,175.1417,2633
2,2027-12-02,ACS,1,1.0625,true,,,2633
2,2027-12-02,ACS,2,1.0625,true,,,2633
2,2027-12-02,ACS,3,1.0625,false,45.5466,169.4825,2633
2,2027-12-02,ACS,4,1.0625,true,,,2633
2,2027-12-02,ACS,5,1.0625,false,47.3354,175.6448,2633
2,2027-12-02,ACS,1,1.0313,true,,,2633
2,2027-12-02,ACS,2,1.0313,true,,,2633
2,2027-12-02,ACS,3,1.0313,false,45.5466,169.4825,2633
2,2027-12-02,ACS,4,1.0313,true,,,2633
2,2027-12-02,ACS,5,1.0313,false,47.3354,175.6448,2633
2,2027-12-02,ACS,1,1.1000,true,,,2633
2,2027-12-02,ACS,2,1.1000,true,,,2633
2,2027-12-02,ACS,3,1.1000,false,45.5466,169.4825,2633
2,2027-12-02,ACS,4,1.1000,true,,,2633
2,2027-12-02,ACS,5,1.1000,false,47.3354,175.6448,2633
2,2027-12-02,ACS,1,1.2000,true,,,2633
2,2027-12-02,ACS,2,1.2000,true,,,2633
2,2027-12-02,ACS,3,1.2000,false,49.0624,181.9569,2633
2,2027-12-02,ACS,4,1.2000,false,48.7941,181.4209,2633
2,2027-12-02,ACS,5,1.2000,false,47.8808,181.9199,2633
2,2027-12-02,GRASP_VNS,1,2.0000,true,,,2633
2,2027-12-02,GRASP_VNS,2,2.0000,true,,,2633
2,2027-12-02,GRASP_VNS,3,2.0000,true,,,2633
2,2027-12-02,GRASP_VNS,4,2.0000,true,,,2633
2,2027-12-02,GRASP_VNS,5,2.0000,true,,,2633
2,2027-12-02,GRASP_VNS,1,1.5000,false,65.8994,290.8296,2633
2,2027-12-02,GRASP_VNS,2,1.5000,false,68.3136,295.4415,2633
2,2027-12-02,GRASP_VNS,3,1.5000,false,62.8981,289.9384,2633
2,2027-12-02,GRASP_VNS,4,1.5000,false,68.4971,292.3244,2633
2,2027-12-02,GRASP_VNS,5,1.5000,false,65.1140,285.6078,2633
2,2027-12-02,GRASP_VNS,1,1.7500,false,77.8726,314.3532,2633
2,2027-12-02,GRASP_VNS,2,1.7500,true,,,2633
2,2027-12-02,GRASP_VNS,3,1.7500,false,74.8711,310.2238,2633
2,2027-12-02,GRASP_VNS,4,1.7500,true,,,2633
2,2027-12-02,GRASP_VNS,5,1.7500,false,75.8177,310.9097,2633
2,2027-12-02,GRASP_VNS,1,1.6250,false,76.2924,311.5996,2633
2,2027-12-02,GRASP_VNS,2,1.6250,false,74.9373,316.1828,2633
2,2027-12-02,GRASP_VNS,3,1.6250,false,73.5210,311.3655,2633
2,2027-12-02,GRASP_VNS,4,1.6250,false,73.6301,307.8152,2633
2,2027-12-02,GRASP_VNS,5,1.6250,false,74.4238,307.2752,2633
2,2027-12-02,GRASP_VNS,1,1.6875,false,75.0504,310.1910,2633
2,2027-12-02,GRASP_VNS,2,1.6875,true,,,2633
2,2027-12-02,GRASP_VNS,3,1.6875,false,75.3463,307.5462,2633
2,2027-12-02,GRASP_VNS,4,1.6875,false,75.9429,314.2895,2633
2,2027-12-02,GRASP_VNS,5,1.6875,true,,,2633
2,2027-12-02,GRASP_VNS,1,1.6563,false,75.5129,312.9363,2633
2,2027-12-02,GRASP_VNS,2,1.6563,false,76.2983,312.2341,2633
2,2027-12-02,GRASP_VNS,3,1.6563,false,73.4057,308.3470,2633
2,2027-12-02,GRASP_VNS,4,1.6563,false,75.9645,312.6304,2633
2,2027-12-02,GRASP_VNS,5,1.6563,false,74.3868,309.4127,2633
2,2027-12-02,GRASP_VNS,1,1.7563,false,75.4859,317.3963,2633
2,2027-12-02,GRASP_VNS,2,1.7563,true,,,2633
2,2027-12-02,GRASP_VNS,3,1.7563,true,,,2633
2,2027-12-02,GRASP_VNS,4,1.7563,true,,,2633
2,2027-12-02,GRASP_VNS,5,1.7563,true,,,2633
2,2027-12-02,GRASP_VNS,1,1.8563,true,,,2633
2,2027-12-02,GRASP_VNS,2,1.8563,true,,,2633
2,2027-12-02,GRASP_VNS,3,1.8563,true,,,2633
2,2027-12-02,GRASP_VNS,4,1.8563,true,,,2633
2,2027-12-02,GRASP_VNS,5,1.8563,true,,,2633
2,2027-08-07,ACS,1,2.0000,true,,,2741
2,2027-08-07,ACS,2,2.0000,true,,,2741
2,2027-08-07,ACS,3,2.0000,true,,,2741
2,2027-08-07,ACS,4,2.0000,true,,,2741
2,2027-08-07,ACS,5,2.0000,true,,,2741
2,2027-08-07,ACS,1,1.5000,true,,,2741
2,2027-08-07,ACS,2,1.5000,true,,,2741
2,2027-08-07,ACS,3,1.5000,true,,,2741
2,2027-08-07,ACS,4,1.5000,true,,,2741
2,2027-08-07,ACS,5,1.5000,true,,,2741
2,2027-08-07,ACS,1,1.2500,true,,,2741
2,2027-08-07,ACS,2,1.2500,true,,,2741
2,2027-08-07,ACS,3,1.2500,true,,,2741
2,2027-08-07,ACS,4,1.2500,true,,,2741
2,2027-08-07,ACS,5,1.2500,true,,,2741
2,2027-08-07,ACS,1,1.1250,false,48.2928,181.6901,2741
2,2027-08-07,ACS,2,1.1250,false,47.8467,183.5124,2741
2,2027-08-07,ACS,3,1.1250,false,48.3857,183.7397,2741
2,2027-08-07,ACS,4,1.1250,false,45.8249,181.0475,2741
2,2027-08-07,ACS,5,1.1250,true,,,2741
2,2027-08-07,ACS,1,1.0625,false,46.5077,178.5640,2741
2,2027-08-07,ACS,2,1.0625,true,,,2741
2,2027-08-07,ACS,3,1.0625,false,45.9246,180.1736,2741
2,2027-08-07,ACS,4,1.0625,false,46.8042,180.9752,2741
2,2027-08-07,ACS,5,1.0625,false,45.5480,182.6343,2741
2,2027-08-07,ACS,1,1.0313,false,46.5077,178.5640,2741
2,2027-08-07,ACS,2,1.0313,true,,,2741
2,2027-08-07,ACS,3,1.0313,false,45.9246,180.1736,2741
2,2027-08-07,ACS,4,1.0313,false,46.8042,180.9752,2741
2,2027-08-07,ACS,5,1.0313,false,45.5480,182.6343,2741
2,2027-08-07,ACS,1,1.1000,false,46.5077,178.5640,2741
2,2027-08-07,ACS,2,1.1000,true,,,2741
2,2027-08-07,ACS,3,1.1000,false,45.9246,180.1736,2741
2,2027-08-07,ACS,4,1.1000,false,46.8042,180.9752,2741
2,2027-08-07,ACS,5,1.1000,false,45.5480,182.6343,2741
2,2027-08-07,ACS,1,1.2000,false,49.5383,183.8678,2741
2,2027-08-07,ACS,2,1.2000,false,49.4044,185.8037,2741
2,2027-08-07,ACS,3,1.2000,false,49.5433,188.8760,2741
2,2027-08-07,ACS,4,1.2000,true,,,2741
2,2027-08-07,ACS,5,1.2000,true,,,2741
2,2027-08-07,GRASP_VNS,1,2.0000,true,,,2741
2,2027-08-07,GRASP_VNS,2,2.0000,true,,,2741
2,2027-08-07,GRASP_VNS,3,2.0000,true,,,2741
2,2027-08-07,GRASP_VNS,4,2.0000,true,,,2741
2,2027-08-07,GRASP_VNS,5,2.0000,true,,,2741
2,2027-08-07,GRASP_VNS,1,1.5000,false,65.2757,300.2521,2741
2,2027-08-07,GRASP_VNS,2,1.5000,false,65.0225,298.7934,2741
2,2027-08-07,GRASP_VNS,3,1.5000,false,62.9948,300.9215,2741
2,2027-08-07,GRASP_VNS,4,1.5000,false,64.9129,303.5579,2741
2,2027-08-07,GRASP_VNS,5,1.5000,false,65.1047,300.5124,2741
2,2027-08-07,GRASP_VNS,1,1.7500,true,,,2741
2,2027-08-07,GRASP_VNS,2,1.7500,true,,,2741
2,2027-08-07,GRASP_VNS,3,1.7500,false,72.4902,319.5868,2741
2,2027-08-07,GRASP_VNS,4,1.7500,true,,,2741
2,2027-08-07,GRASP_VNS,5,1.7500,true,,,2741
2,2027-08-07,GRASP_VNS,1,1.6250,false,71.9035,317.4421,2741
2,2027-08-07,GRASP_VNS,2,1.6250,false,70.0501,314.0930,2741
2,2027-08-07,GRASP_VNS,3,1.6250,false,69.9837,321.4050,2741
2,2027-08-07,GRASP_VNS,4,1.6250,false,71.0796,314.5186,2741
2,2027-08-07,GRASP_VNS,5,1.6250,false,70.3800,320.0351,2741
2,2027-08-07,GRASP_VNS,1,1.6875,false,71.5928,313.1550,2741
2,2027-08-07,GRASP_VNS,2,1.6875,false,70.7967,317.5186,2741
2,2027-08-07,GRASP_VNS,3,1.6875,false,70.8761,317.7273,2741
2,2027-08-07,GRASP_VNS,4,1.6875,false,70.7323,315.1736,2741
2,2027-08-07,GRASP_VNS,5,1.6875,true,,,2741
2,2027-08-07,GRASP_VNS,1,1.6563,false,72.0726,319.0000,2741
2,2027-08-07,GRASP_VNS,2,1.6563,false,70.4148,310.1074,2741
2,2027-08-07,GRASP_VNS,3,1.6563,false,70.9615,318.4938,2741
2,2027-08-07,GRASP_VNS,4,1.6563,false,71.2757,317.3802,2741
2,2027-08-07,GRASP_VNS,5,1.6563,false,69.6702,316.9649,2741
2,2027-08-07,GRASP_VNS,1,1.7563,true,,,2741
2,2027-08-07,GRASP_VNS,2,1.7563,true,,,2741
2,2027-08-07,GRASP_VNS,3,1.7563,true,,,2741
2,2027-08-07,GRASP_VNS,4,1.7563,true,,,2741
2,2027-08-07,GRASP_VNS,5,1.7563,true,,,2741
2,2027-08-07,GRASP_VNS,1,1.8563,true,,,2741
2,2027-08-07,GRASP_VNS,2,1.8563,true,,,2741
2,2027-08-07,GRASP_VNS,3,1.8563,true,,,2741
2,2027-08-07,GRASP_VNS,4,1.8563,true,,,2741
2,2027-08-07,GRASP_VNS,5,1.8563,true,,,2741
2,2027-09-05,ACS,1,2.0000,true,,,2671
2,2027-09-05,ACS,2,2.0000,true,,,2671
2,2027-09-05,ACS,3,2.0000,true,,,2671
2,2027-09-05,ACS,4,2.0000,true,,,2671
2,2027-09-05,ACS,5,2.0000,true,,,2671
2,2027-09-05,ACS,1,1.5000,true,,,2671
2,2027-09-05,ACS,2,1.5000,true,,,2671
2,2027-09-05,ACS,3,1.5000,true,,,2671
2,2027-09-05,ACS,4,1.5000,true,,,2671
2,2027-09-05,ACS,5,1.5000,true,,,2671
2,2027-09-05,ACS,1,1.2500,true,,,2671
2,2027-09-05,ACS,2,1.2500,true,,,2671
2,2027-09-05,ACS,3,1.2500,false,45.4124,174.6058,2671
2,2027-09-05,ACS,4,1.2500,true,,,2671
2,2027-09-05,ACS,5,1.2500,false,45.9060,174.1722,2671
2,2027-09-05,ACS,1,1.1250,false,43.8841,166.8714,2671
2,2027-09-05,ACS,2,1.1250,true,,,2671
2,2027-09-05,ACS,3,1.1250,true,,,2671
2,2027-09-05,ACS,4,1.1250,true,,,2671
2,2027-09-05,ACS,5,1.1250,true,,,2671
2,2027-09-05,ACS,1,1.0625,false,46.3214,165.4149,2671
2,2027-09-05,ACS,2,1.0625,true,,,2671
2,2027-09-05,ACS,3,1.0625,true,,,2671
2,2027-09-05,ACS,4,1.0625,false,43.2532,165.7635,2671
2,2027-09-05,ACS,5,1.0625,true,,,2671
2,2027-09-05,ACS,1,1.0313,false,46.3214,165.4149,2671
2,2027-09-05,ACS,2,1.0313,true,,,2671
2,2027-09-05,ACS,3,1.0313,true,,,2671
2,2027-09-05,ACS,4,1.0313,false,43.2532,165.7635,2671
2,2027-09-05,ACS,5,1.0313,true,,,2671
2,2027-09-05,ACS,1,1.1000,false,46.3214,165.4149,2671
2,2027-09-05,ACS,2,1.1000,true,,,2671
2,2027-09-05,ACS,3,1.1000,true,,,2671
2,2027-09-05,ACS,4,1.1000,false,43.2532,165.7635,2671
2,2027-09-05,ACS,5,1.1000,true,,,2671
2,2027-09-05,ACS,1,1.2000,true,,,2671
2,2027-09-05,ACS,2,1.2000,true,,,2671
2,2027-09-05,ACS,3,1.2000,true,,,2671
2,2027-09-05,ACS,4,1.2000,true,,,2671
2,2027-09-05,ACS,5,1.2000,false,46.9861,174.9855,2671
2,2027-09-05,GRASP_VNS,1,2.0000,true,,,2671
2,2027-09-05,GRASP_VNS,2,2.0000,true,,,2671
2,2027-09-05,GRASP_VNS,3,2.0000,false,72.0444,314.3838,2671
2,2027-09-05,GRASP_VNS,4,2.0000,false,72.8058,320.1183,2671
2,2027-09-05,GRASP_VNS,5,2.0000,true,,,2671
2,2027-09-05,GRASP_VNS,1,1.5000,false,63.1354,297.7739,2671
2,2027-09-05,GRASP_VNS,2,1.5000,false,62.9294,292.8776,2671
2,2027-09-05,GRASP_VNS,3,1.5000,false,64.2181,294.8485,2671
2,2027-09-05,GRASP_VNS,4,1.5000,false,63.1010,295.3340,2671
2,2027-09-05,GRASP_VNS,5,1.5000,false,64.9631,299.4564,2671
2,2027-09-05,GRASP_VNS,1,1.7500,false,72.8855,314.6805,2671
2,2027-09-05,GRASP_VNS,2,1.7500,true,,,2671
2,2027-09-05,GRASP_VNS,3,1.7500,true,,,2671
2,2027-09-05,GRASP_VNS,4,1.7500,true,,,2671
2,2027-09-05,GRASP_VNS,5,1.7500,true,,,2671
2,2027-09-05,GRASP_VNS,1,1.6250,false,71.3605,310.8444,2671
2,2027-09-05,GRASP_VNS,2,1.6250,false,71.9213,312.8921,2671
2,2027-09-05,GRASP_VNS,3,1.6250,false,72.0356,310.1079,2671
2,2027-09-05,GRASP_VNS,4,1.6250,false,71.2661,315.2676,2671
2,2027-09-05,GRASP_VNS,5,1.6250,false,73.5143,312.2676,2671
2,2027-09-05,GRASP_VNS,1,1.6875,false,71.2135,316.7095,2671
2,2027-09-05,GRASP_VNS,2,1.6875,false,72.1200,317.7573,2671
2,2027-09-05,GRASP_VNS,3,1.6875,false,68.6530,308.2386,2671
2,2027-09-05,GRASP_VNS,4,1.6875,false,70.5897,311.8900,2671
2,2027-09-05,GRASP_VNS,5,1.6875,true,,,2671
2,2027-09-05,GRASP_VNS,1,1.6563,false,71.3897,313.5830,2671
2,2027-09-05,GRASP_VNS,2,1.6563,false,72.7158,314.9481,2671
2,2027-09-05,GRASP_VNS,3,1.6563,false,72.3424,312.7199,2671
2,2027-09-05,GRASP_VNS,4,1.6563,false,73.0042,308.9398,2671
2,2027-09-05,GRASP_VNS,5,1.6563,false,72.7532,312.6929,2671
2,2027-09-05,GRASP_VNS,1,1.7563,false,71.4371,316.4481,2671
2,2027-09-05,GRASP_VNS,2,1.7563,false,69.5391,317.4440,2671
2,2027-09-05,GRASP_VNS,3,1.7563,true,,,2671
2,2027-09-05,GRASP_VNS,4,1.7563,false,71.1768,316.7510,2671
2,2027-09-05,GRASP_VNS,5,1.7563,true,,,2671
2,2027-09-05,GRASP_VNS,1,1.8563,true,,,2671
2,2027-09-05,GRASP_VNS,2,1.8563,true,,,2671
2,2027-09-05,GRASP_VNS,3,1.8563,true,,,2671
2,2027-09-05,GRASP_VNS,4,1.8563,true,,,2671
2,2027-09-05,GRASP_VNS,5,1.8563,true,,,2671
2,2027-07-04,ACS,1,2.0000,true,,,2637
2,2027-07-04,ACS,2,2.0000,true,,,2637
2,2027-07-04,ACS,3,2.0000,true,,,2637
2,2027-07-04,ACS,4,2.0000,true,,,2637
2,2027-07-04,ACS,5,2.0000,true,,,2637
2,2027-07-04,ACS,1,1.5000,true,,,2637
2,2027-07-04,ACS,2,1.5000,true,,,2637
2,2027-07-04,ACS,3,1.5000,true,,,2637
2,2027-07-04,ACS,4,1.5000,true,,,2637
2,2027-07-04,ACS,5,1.5000,false,57.4067,196.1833,2637
2,2027-07-04,ACS,1,1.2500,true,,,2637
2,2027-07-04,ACS,2,1.2500,true,,,2637
2,2027-07-04,ACS,3,1.2500,true,,,2637
2,2027-07-04,ACS,4,1.2500,true,,,2637
2,2027-07-04,ACS,5,1.2500,true,,,2637
2,2027-07-04,ACS,1,1.1250,true,,,2637
2,2027-07-04,ACS,2,1.1250,true,,,2637
2,2027-07-04,ACS,3,1.1250,true,,,2637
2,2027-07-04,ACS,4,1.1250,false,45.9183,169.3958,2637
2,2027-07-04,ACS,5,1.1250,true,,,2637
2,2027-07-04,ACS,1,1.0625,true,,,2637
2,2027-07-04,ACS,2,1.0625,false,44.6522,165.7813,2637
2,2027-07-04,ACS,3,1.0625,false,44.8740,165.4104,2637
2,2027-07-04,ACS,4,1.0625,false,45.0175,166.7333,2637
2,2027-07-04,ACS,5,1.0625,false,45.8162,165.0292,2637
2,2027-07-04,ACS,1,1.0313,true,,,2637
2,2027-07-04,ACS,2,1.0313,false,44.6522,165.7813,2637
2,2027-07-04,ACS,3,1.0313,false,44.8740,165.4104,2637
2,2027-07-04,ACS,4,1.0313,false,45.0175,166.7333,2637
2,2027-07-04,ACS,5,1.0313,false,45.8162,165.0292,2637
2,2027-07-04,ACS,1,1.1000,true,,,2637
2,2027-07-04,ACS,2,1.1000,false,44.6522,165.7813,2637
2,2027-07-04,ACS,3,1.1000,false,44.8740,165.4104,2637
2,2027-07-04,ACS,4,1.1000,false,45.0175,166.7333,2637
2,2027-07-04,ACS,5,1.1000,false,45.8162,165.0292,2637
2,2027-07-04,ACS,1,1.2000,true,,,2637
2,2027-07-04,ACS,2,1.2000,true,,,2637
2,2027-07-04,ACS,3,1.2000,false,48.1070,172.8208,2637
2,2027-07-04,ACS,4,1.2000,false,46.7948,171.2563,2637
2,2027-07-04,ACS,5,1.2000,false,47.4608,172.0854,2637
2,2027-07-04,GRASP_VNS,1,2.0000,true,,,2637
2,2027-07-04,GRASP_VNS,2,2.0000,true,,,2637
2,2027-07-04,GRASP_VNS,3,2.0000,true,,,2637
2,2027-07-04,GRASP_VNS,4,2.0000,true,,,2637
2,2027-07-04,GRASP_VNS,5,2.0000,true,,,2637
2,2027-07-04,GRASP_VNS,1,1.5000,false,67.7504,291.9938,2637
2,2027-07-04,GRASP_VNS,2,1.5000,false,68.0156,287.5250,2637
2,2027-07-04,GRASP_VNS,3,1.5000,false,69.7901,294.7542,2637
2,2027-07-04,GRASP_VNS,4,1.5000,false,69.9902,292.9771,2637
2,2027-07-04,GRASP_VNS,5,1.5000,false,67.9441,292.7542,2637
2,2027-07-04,GRASP_VNS,1,1.7500,true,,,2637
2,2027-07-04,GRASP_VNS,2,1.7500,true,,,2637
2,2027-07-04,GRASP_VNS,3,1.7500,true,,,2637
2,2027-07-04,GRASP_VNS,4,1.7500,true,,,2637
2,2027-07-04,GRASP_VNS,5,1.7500,true,,,2637
2,2027-07-04,GRASP_VNS,1,1.6250,false,74.6441,303.4083,2637
2,2027-07-04,GRASP_VNS,2,1.6250,true,,,2637
2,2027-07-04,GRASP_VNS,3,1.6250,true,,,2637
2,2027-07-04,GRASP_VNS,4,1.6250,true,,,2637
2,2027-07-04,GRASP_VNS,5,1.6250,true,,,2637
2,2027-07-04,GRASP_VNS,1,1.5625,false,73.1605,306.7771,2637
2,2027-07-04,GRASP_VNS,2,1.5625,false,71.0661,303.7208,2637
2,2027-07-04,GRASP_VNS,3,1.5625,false,71.9499,304.7875,2637
2,2027-07-04,GRASP_VNS,4,1.5625,false,72.7367,303.8896,2637
2,2027-07-04,GRASP_VNS,5,1.5625,false,73.4518,304.3000,2637
2,2027-07-04,GRASP_VNS,1,1.5938,false,73.3689,305.4271,2637
2,2027-07-04,GRASP_VNS,2,1.5938,false,70.5817,299.9979,2637
2,2027-07-04,GRASP_VNS,3,1.5938,false,70.2262,299.0396,2637
2,2027-07-04,GRASP_VNS,4,1.5938,false,70.7471,297.0667,2637
2,2027-07-04,GRASP_VNS,5,1.5938,false,72.5851,301.1646,2637
2,2027-07-04,GRASP_VNS,1,1.6938,true,,,2637
2,2027-07-04,GRASP_VNS,2,1.6938,true,,,2637
2,2027-07-04,GRASP_VNS,3,1.6938,true,,,2637
2,2027-07-04,GRASP_VNS,4,1.6938,true,,,2637
2,2027-07-04,GRASP_VNS,5,1.6938,true,,,2637
2,2027-07-04,GRASP_VNS,1,1.7938,true,,,2637
2,2027-07-04,GRASP_VNS,2,1.7938,true,,,2637
2,2027-07-04,GRASP_VNS,3,1.7938,true,,,2637
2,2027-07-04,GRASP_VNS,4,1.7938,true,,,2637
2,2027-07-04,GRASP_VNS,5,1.7938,true,,,2637
2,2027-06-09,ACS,1,2.0000,true,,,2530
2,2027-06-09,ACS,2,2.0000,true,,,2530
2,2027-06-09,ACS,3,2.0000,true,,,2530
2,2027-06-09,ACS,4,2.0000,true,,,2530
2,2027-06-09,ACS,5,2.0000,true,,,2530
2,2027-06-09,ACS,1,1.5000,true,,,2530
2,2027-06-09,ACS,2,1.5000,true,,,2530
2,2027-06-09,ACS,3,1.5000,true,,,2530
2,2027-06-09,ACS,4,1.5000,true,,,2530
2,2027-06-09,ACS,5,1.5000,true,,,2530
2,2027-06-09,ACS,1,1.2500,true,,,2530
2,2027-06-09,ACS,2,1.2500,false,44.3580,186.3169,2530
2,2027-06-09,ACS,3,1.2500,true,,,2530
2,2027-06-09,ACS,4,1.2500,false,45.1924,186.3276,2530
2,2027-06-09,ACS,5,1.2500,false,43.5627,184.8437,2530
2,2027-06-09,ACS,1,1.1250,false,42.8903,177.8266,2530
2,2027-06-09,ACS,2,1.1250,false,41.0255,175.9550,2530
2,2027-06-09,ACS,3,1.1250,false,41.6217,176.0450,2530
2,2027-06-09,ACS,4,1.1250,false,42.5901,179.7002,2530
2,2027-06-09,ACS,5,1.1250,false,42.0602,179.4154,2530
2,2027-06-09,ACS,1,1.1875,false,43.0600,183.7752,2530
2,2027-06-09,ACS,2,1.1875,false,44.7785,180.5589,2530
2,2027-06-09,ACS,3,1.1875,false,43.5934,178.0600,2530
2,2027-06-09,ACS,4,1.1875,false,44.7069,180.2463,2530
2,2027-06-09,ACS,5,1.1875,false,43.5843,180.3062,2530
2,2027-06-09,ACS,1,1.2188,false,44.2315,185.8587,2530
2,2027-06-09,ACS,2,1.2188,true,,,2530
2,2027-06-09,ACS,3,1.2188,false,43.9925,184.7131,2530
2,2027-06-09,ACS,4,1.2188,false,43.9154,181.7559,2530
2,2027-06-09,ACS,5,1.2188,true,,,2530
2,2027-06-09,ACS,1,1.2875,false,45.8779,191.5118,2530
2,2027-06-09,ACS,2,1.2875,true,,,2530
2,2027-06-09,ACS,3,1.2875,false,45.3605,188.2655,2530
2,2027-06-09,ACS,4,1.2875,true,,,2530
2,2027-06-09,ACS,5,1.2875,true,,,2530
2,2027-06-09,ACS,1,1.3875,true,,,2530
2,2027-06-09,ACS,2,1.3875,true,,,2530
2,2027-06-09,ACS,3,1.3875,true,,,2530
2,2027-06-09,ACS,4,1.3875,true,,,2530
2,2027-06-09,ACS,5,1.3875,true,,,2530
2,2027-06-09,GRASP_VNS,1,2.0000,false,70.2987,325.2827,2530
2,2027-06-09,GRASP_VNS,2,2.0000,true,,,2530
2,2027-06-09,GRASP_VNS,3,2.0000,true,,,2530
2,2027-06-09,GRASP_VNS,4,2.0000,false,69.8870,322.5739,2530
2,2027-06-09,GRASP_VNS,5,2.0000,true,,,2530
2,2027-06-09,GRASP_VNS,1,1.5000,false,61.6579,297.1478,2530
2,2027-06-09,GRASP_VNS,2,1.5000,false,60.8176,297.1306,2530
2,2027-06-09,GRASP_VNS,3,1.5000,false,59.0337,292.3726,2530
2,2027-06-09,GRASP_VNS,4,1.5000,false,59.4791,290.4882,2530
2,2027-06-09,GRASP_VNS,5,1.5000,false,60.7560,300.2784,2530
2,2027-06-09,GRASP_VNS,1,1.7500,true,,,2530
2,2027-06-09,GRASP_VNS,2,1.7500,false,71.6718,323.1585,2530
2,2027-06-09,GRASP_VNS,3,1.7500,false,69.8093,324.0385,2530
2,2027-06-09,GRASP_VNS,4,1.7500,false,70.4182,321.0964,2530
2,2027-06-09,GRASP_VNS,5,1.7500,true,,,2530
2,2027-06-09,GRASP_VNS,1,1.6250,true,,,2530
2,2027-06-09,GRASP_VNS,2,1.6250,false,68.1044,314.0257,2530
2,2027-06-09,GRASP_VNS,3,1.6250,false,68.2439,316.5610,2530
2,2027-06-09,GRASP_VNS,4,1.6250,false,68.8606,318.6274,2530
2,2027-06-09,GRASP_VNS,5,1.6250,false,66.4703,322.5824,2530
2,2027-06-09,GRASP_VNS,1,1.5625,false,67.1211,317.9015,2530
2,2027-06-09,GRASP_VNS,2,1.5625,false,63.2242,306.9058,2530
2,2027-06-09,GRASP_VNS,3,1.5625,false,62.2476,311.0171,2530
2,2027-06-09,GRASP_VNS,4,1.5625,false,65.7441,309.9700,2530
2,2027-06-09,GRASP_VNS,5,1.5625,false,64.9129,308.5246,2530
2,2027-06-09,GRASP_VNS,1,1.5938,false,65.0431,307.4839,2530
2,2027-06-09,GRASP_VNS,2,1.5938,false,64.2954,302.2869,2530
2,2027-06-09,GRASP_VNS,3,1.5938,false,66.9982,313.6146,2530
2,2027-06-09,GRASP_VNS,4,1.5938,false,65.5464,313.6081,2530
2,2027-06-09,GRASP_VNS,5,1.5938,false,63.0961,311.4090,2530
2,2027-06-09,GRASP_VNS,1,1.6938,false,69.3301,322.2248,2530
2,2027-06-09,GRASP_VNS,2,1.6938,true,,,2530
2,2027-06-09,GRASP_VNS,3,1.6938,true,,,2530
2,2027-06-09,GRASP_VNS,4,1.6938,false,69.8557,319.9636,2530
2,2027-06-09,GRASP_VNS,5,1.6938,false,70.4099,323.1649,2530
2,2027-06-09,GRASP_VNS,1,1.7938,true,,,2530
2,2027-06-09,GRASP_VNS,2,1.7938,true,,,2530
2,2027-06-09,GRASP_VNS,3,1.7938,true,,,2530
2,2027-06-09,GRASP_VNS,4,1.7938,true,,,2530
2,2027-06-09,GRASP_VNS,5,1.7938,true,,,2530
2,2027-07-11,ACS,1,2.0000,true,,,2551
2,2027-07-11,ACS,2,2.0000,true,,,2551
2,2027-07-11,ACS,3,2.0000,true,,,2551
2,2027-07-11,ACS,4,2.0000,true,,,2551
2,2027-07-11,ACS,5,2.0000,true,,,2551
2,2027-07-11,ACS,1,1.5000,true,,,2551
2,2027-07-11,ACS,2,1.5000,true,,,2551
2,2027-07-11,ACS,3,1.5000,false,52.4120,202.2291,2551
2,2027-07-11,ACS,4,1.5000,true,,,2551
2,2027-07-11,ACS,5,1.5000,true,,,2551
2,2027-07-11,ACS,1,1.2500,false,46.9530,182.9251,2551
2,2027-07-11,ACS,2,1.2500,false,43.7874,183.1520,2551
2,2027-07-11,ACS,3,1.2500,false,46.6392,180.0899,2551
2,2027-07-11,ACS,4,1.2500,false,46.0191,183.3019,2551
2,2027-07-11,ACS,5,1.2500,false,45.8800,179.9957,2551
2,2027-07-11,ACS,1,1.3750,false,50.9973,196.9700,2551
2,2027-07-11,ACS,2,1.3750,true,,,2551
2,2027-07-11,ACS,3,1.3750,false,52.3587,196.5203,2551
2,2027-07-11,ACS,4,1.3750,false,53.7376,197.9101,2551
2,2027-07-11,ACS,5,1.3750,false,51.5492,193.2484,2551
2,2027-07-11,ACS,1,1.3125,false,47.1765,187.4411,2551
2,2027-07-11,ACS,2,1.3125,false,45.3734,188.2527,2551
2,2027-07-11,ACS,3,1.3125,true,,,2551
2,2027-07-11,ACS,4,1.3125,true,,,2551
2,2027-07-11,ACS,5,1.3125,false,47.3529,188.1328,2551
2,2027-07-11,ACS,1,1.2813,true,,,2551
2,2027-07-11,ACS,2,1.2813,true,,,2551
2,2027-07-11,ACS,3,1.2813,false,43.9102,184.0000,2551
2,2027-07-11,ACS,4,1.2813,false,47.0416,185.6916,2551
2,2027-07-11,ACS,5,1.2813,true,,,2551
2,2027-07-11,ACS,1,1.3500,false,50.9973,196.9700,2551
2,2027-07-11,ACS,2,1.3500,true,,,2551
2,2027-07-11,ACS,3,1.3500,false,52.3587,196.5203,2551
2,2027-07-11,ACS,4,1.3500,false,53.7376,197.9101,2551
2,2027-07-11,ACS,5,1.3500,false,51.5492,193.2484,2551
2,2027-07-11,ACS,1,1.4500,true,,,2551
2,2027-07-11,ACS,2,1.4500,true,,,2551
2,2027-07-11,ACS,3,1.4500,false,52.4120,202.2291,2551
2,2027-07-11,ACS,4,1.4500,true,,,2551
2,2027-07-11,ACS,5,1.4500,true,,,2551
2,2027-07-11,GRASP_VNS,1,2.0000,false,72.1002,329.0086,2551
2,2027-07-11,GRASP_VNS,2,2.0000,true,,,2551
2,2027-07-11,GRASP_VNS,3,2.0000,false,70.2262,321.4090,2551
2,2027-07-11,GRASP_VNS,4,2.0000,false,68.7011,319.9315,2551
2,2027-07-11,GRASP_VNS,5,2.0000,true,,,2551
2,2027-07-11,GRASP_VNS,1,1.5000,false,60.8369,292.1692,2551
2,2027-07-11,GRASP_VNS,2,1.5000,false,62.1323,295.2762,2551
2,2027-07-11,GRASP_VNS,3,1.5000,false,63.9872,301.8030,2551
2,2027-07-11,GRASP_VNS,4,1.5000,false,64.5070,304.4861,2551
2,2027-07-11,GRASP_VNS,5,1.5000,false,61.6954,300.5396,2551
2,2027-07-11,GRASP_VNS,1,1.7500,false,71.1620,326.7816,2551
2,2027-07-11,GRASP_VNS,2,1.7500,false,72.9344,325.6767,2551
2,2027-07-11,GRASP_VNS,3,1.7500,false,73.0883,319.3576,2551
2,2027-07-11,GRASP_VNS,4,1.7500,false,71.4731,317.0193,2551
2,2027-07-11,GRASP_VNS,5,1.7500,false,71.1333,318.7409,2551
2,2027-07-11,GRASP_VNS,1,1.8750,false,73.6257,322.5739,2551
2,2027-07-11,GRASP_VNS,2,1.8750,true,,,2551
2,2027-07-11,GRASP_VNS,3,1.8750,true,,,2551
2,2027-07-11,GRASP_VNS,4,1.8750,true,,,2551
2,2027-07-11,GRASP_VNS,5,1.8750,true,,,2551
2,2027-07-11,GRASP_VNS,1,1.8125,true,,,2551
2,2027-07-11,GRASP_VNS,2,1.8125,true,,,2551
2,2027-07-11,GRASP_VNS,3,1.8125,false,73.4257,322.3169,2551
2,2027-07-11,GRASP_VNS,4,1.8125,true,,,2551
2,2027-07-11,GRASP_VNS,5,1.8125,true,,,2551
2,2027-07-11,GRASP_VNS,1,1.7813,false,71.8571,328.3940,2551
2,2027-07-11,GRASP_VNS,2,1.7813,false,72.0153,317.6831,2551
2,2027-07-11,GRASP_VNS,3,1.7813,false,72.2057,321.9829,2551
2,2027-07-11,GRASP_VNS,4,1.7813,true,,,2551
2,2027-07-11,GRASP_VNS,5,1.7813,false,73.5261,324.7580,2551
2,2027-07-11,GRASP_VNS,1,1.8500,true,,,2551
2,2027-07-11,GRASP_VNS,2,1.8500,true,,,2551
2,2027-07-11,GRASP_VNS,3,1.8500,true,,,2551
2,2027-07-11,GRASP_VNS,4,1.8500,true,,,2551
2,2027-07-11,GRASP_VNS,5,1.8500,true,,,2551
2,2027-07-11,GRASP_VNS,1,1.9500,false,72.1002,329.0086,2551
2,2027-07-11,GRASP_VNS,2,1.9500,true,,,2551
2,2027-07-11,GRASP_VNS,3,1.9500,false,70.2262,321.4090,2551
2,2027-07-11,GRASP_VNS,4,1.9500,false,68.7011,319.9315,2551
2,2027-07-11,GRASP_VNS,5,1.9500,true,,,2551
2,2027-07-03,ACS,1,2.0000,true,,,2613
2,2027-07-03,ACS,2,2.0000,true,,,2613
2,2027-07-03,ACS,3,2.0000,true,,,2613
2,2027-07-03,ACS,4,2.0000,true,,,2613
2,2027-07-03,ACS,5,2.0000,true,,,2613
2,2027-07-03,ACS,1,1.5000,true,,,2613
2,2027-07-03,ACS,2,1.5000,true,,,2613
2,2027-07-03,ACS,3,1.5000,true,,,2613
2,2027-07-03,ACS,4,1.5000,true,,,2613
2,2027-07-03,ACS,5,1.5000,true,,,2613
2,2027-07-03,ACS,1,1.2500,true,,,2613
2,2027-07-03,ACS,2,1.2500,false,49.1125,193.7124,2613
2,2027-07-03,ACS,3,1.2500,true,,,2613
2,2027-07-03,ACS,4,1.2500,false,51.6895,192.5472,2613
2,2027-07-03,ACS,5,1.2500,true,,,2613
2,2027-07-03,ACS,1,1.1250,true,,,2613
2,2027-07-03,ACS,2,1.1250,false,48.0886,182.4807,2613
2,2027-07-03,ACS,3,1.1250,false,47.8398,184.7961,2613
2,2027-07-03,ACS,4,1.1250,false,46.0570,180.4742,2613
2,2027-07-03,ACS,5,1.1250,true,,,2613
2,2027-07-03,ACS,1,1.0625,false,48.0959,180.7918,2613
2,2027-07-03,ACS,2,1.0625,true,,,2613
2,2027-07-03,ACS,3,1.0625,true,,,2613
2,2027-07-03,ACS,4,1.0625,false,45.4079,175.8906,2613
2,2027-07-03,ACS,5,1.0625,false,46.8758,179.4227,2613
2,2027-07-03,ACS,1,1.0313,false,48.0959,180.7918,2613
2,2027-07-03,ACS,2,1.0313,true,,,2613
2,2027-07-03,ACS,3,1.0313,true,,,2613
2,2027-07-03,ACS,4,1.0313,false,45.4079,175.8906,2613
2,2027-07-03,ACS,5,1.0313,false,46.8758,179.4227,2613
2,2027-07-03,ACS,1,1.1000,false,48.0959,180.7918,2613
2,2027-07-03,ACS,2,1.1000,true,,,2613
2,2027-07-03,ACS,3,1.1000,true,,,2613
2,2027-07-03,ACS,4,1.1000,false,45.4079,175.8906,2613
2,2027-07-03,ACS,5,1.1000,false,46.8758,179.4227,2613
2,2027-07-03,ACS,1,1.2000,true,,,2613
2,2027-07-03,ACS,2,1.2000,true,,,2613
2,2027-07-03,ACS,3,1.2000,true,,,2613
2,2027-07-03,ACS,4,1.2000,true,,,2613
2,2027-07-03,ACS,5,1.2000,true,,,2613
2,2027-07-03,GRASP_VNS,1,2.0000,true,,,2613
2,2027-07-03,GRASP_VNS,2,2.0000,true,,,2613
2,2027-07-03,GRASP_VNS,3,2.0000,true,,,2613
2,2027-07-03,GRASP_VNS,4,2.0000,true,,,2613
2,2027-07-03,GRASP_VNS,5,2.0000,true,,,2613
2,2027-07-03,GRASP_VNS,1,1.5000,false,67.6042,311.5150,2613
2,2027-07-03,GRASP_VNS,2,1.5000,false,69.5046,305.2897,2613
2,2027-07-03,GRASP_VNS,3,1.5000,false,68.8395,316.9013,2613
2,2027-07-03,GRASP_VNS,4,1.5000,false,69.2723,310.6524,2613
2,2027-07-03,GRASP_VNS,5,1.5000,false,66.3353,306.6674,2613
2,2027-07-03,GRASP_VNS,1,1.7500,true,,,2613
2,2027-07-03,GRASP_VNS,2,1.7500,true,,,2613
2,2027-07-03,GRASP_VNS,3,1.7500,true,,,2613
2,2027-07-03,GRASP_VNS,4,1.7500,true,,,2613
2,2027-07-03,GRASP_VNS,5,1.7500,true,,,2613
2,2027-07-03,GRASP_VNS,1,1.6250,true,,,2613
2,2027-07-03,GRASP_VNS,2,1.6250,true,,,2613
2,2027-07-03,GRASP_VNS,3,1.6250,true,,,2613
2,2027-07-03,GRASP_VNS,4,1.6250,true,,,2613
2,2027-07-03,GRASP_VNS,5,1.6250,true,,,2613
2,2027-07-03,GRASP_VNS,1,1.5625,false,69.7677,321.0966,2613
2,2027-07-03,GRASP_VNS,2,1.5625,false,70.8217,314.1395,2613
2,2027-07-03,GRASP_VNS,3,1.5625,false,68.6983,319.6652,2613
2,2027-07-03,GRASP_VNS,4,1.5625,false,71.4180,323.9635,2613
2,2027-07-03,GRASP_VNS,5,1.5625,false,70.7879,315.7339,2613
2,2027-07-03,GRASP_VNS,1,1.5938,false,71.5790,311.8884,2613
2,2027-07-03,GRASP_VNS,2,1.5938,false,71.3856,316.9614,2613
2,2027-07-03,GRASP_VNS,3,1.5938,false,71.0209,316.6867,2613
2,2027-07-03,GRASP_VNS,4,1.5938,true,,,2613
2,2027-07-03,GRASP_VNS,5,1.5938,false,69.3524,319.5300,2613
2,2027-07-03,GRASP_VNS,1,1.6625,true,,,2613
2,2027-07-03,GRASP_VNS,2,1.6625,true,,,2613
2,2027-07-03,GRASP_VNS,3,1.6625,true,,,2613
2,2027-07-03,GRASP_VNS,4,1.6625,true,,,2613
2,2027-07-03,GRASP_VNS,5,1.6625,true,,,2613
2,2027-07-03,GRASP_VNS,1,1.7625,true,,,2613
2,2027-07-03,GRASP_VNS,2,1.7625,true,,,2613
2,2027-07-03,GRASP_VNS,3,1.7625,true,,,2613
2,2027-07-03,GRASP_VNS,4,1.7625,true,,,2613
2,2027-07-03,GRASP_VNS,5,1.7625,true,,,2613
2,2027-10-06,ACS,1,2.0000,true,,,2591
2,2027-10-06,ACS,2,2.0000,true,,,2591
2,2027-10-06,ACS,3,2.0000,true,,,2591
2,2027-10-06,ACS,4,2.0000,true,,,2591
2,2027-10-06,ACS,5,2.0000,true,,,2591
2,2027-10-06,ACS,1,1.5000,true,,,2591
2,2027-10-06,ACS,2,1.5000,true,,,2591
2,2027-10-06,ACS,3,1.5000,true,,,2591
2,2027-10-06,ACS,4,1.5000,true,,,2591
2,2027-10-06,ACS,5,1.5000,true,,,2591
2,2027-10-06,ACS,1,1.2500,false,46.2579,185.1832,2591
2,2027-10-06,ACS,2,1.2500,true,,,2591
2,2027-10-06,ACS,3,1.2500,true,,,2591
2,2027-10-06,ACS,4,1.2500,false,49.0725,186.2241,2591
2,2027-10-06,ACS,5,1.2500,true,,,2591
2,2027-10-06,ACS,1,1.1250,false,43.4737,172.8966,2591
2,2027-10-06,ACS,2,1.1250,true,,,2591
2,2027-10-06,ACS,3,1.1250,true,,,2591
2,2027-10-06,ACS,4,1.1250,false,44.6614,174.5108,2591
2,2027-10-06,ACS,5,1.1250,false,42.1864,170.9203,2591
2,2027-10-06,ACS,1,1.0625,true,,,2591
2,2027-10-06,ACS,2,1.0625,false,42.6644,173.5323,2591
2,2027-10-06,ACS,3,1.0625,false,42.0651,168.6336,2591
2,2027-10-06,ACS,4,1.0625,false,43.6660,172.7457,2591
2,2027-10-06,ACS,5,1.0625,false,42.7099,171.7091,2591
2,2027-10-06,ACS,1,1.0313,true,,,2591
2,2027-10-06,ACS,2,1.0313,false,42.6644,173.5323,2591
2,2027-10-06,ACS,3,1.0313,false,42.0651,168.6336,2591
2,2027-10-06,ACS,4,1.0313,false,43.6660,172.7457,2591
2,2027-10-06,ACS,5,1.0313,false,42.7099,171.7091,2591
2,2027-10-06,ACS,1,1.1000,true,,,2591
2,2027-10-06,ACS,2,1.1000,false,42.6644,173.5323,2591
2,2027-10-06,ACS,3,1.1000,false,42.0651,168.6336,2591
2,2027-10-06,ACS,4,1.1000,false,43.6660,172.7457,2591
2,2027-10-06,ACS,5,1.1000,false,42.7099,171.7091,2591
2,2027-10-06,ACS,1,1.2000,true,,,2591
2,2027-10-06,ACS,2,1.2000,true,,,2591
2,2027-10-06,ACS,3,1.2000,false,44.0427,177.5108,2591
2,2027-10-06,ACS,4,1.2000,false,43.3600,178.9030,2591
2,2027-10-06,ACS,5,1.2000,false,45.0512,180.2823,2591
2,2027-10-06,GRASP_VNS,1,2.0000,false,73.4558,323.3125,2591
2,2027-10-06,GRASP_VNS,2,2.0000,false,70.5977,318.3276,2591
2,2027-10-06,GRASP_VNS,3,2.0000,false,70.5983,328.3319,2591
2,2027-10-06,GRASP_VNS,4,2.0000,false,72.0567,331.1918,2591
2,2027-10-06,GRASP_VNS,5,2.0000,false,72.5328,331.6659,2591
2,2027-10-06,GRASP_VNS,1,4.0000,true,,,2591
2,2027-10-06,GRASP_VNS,2,4.0000,true,,,2591
2,2027-10-06,GRASP_VNS,3,4.0000,true,,,2591
2,2027-10-06,GRASP_VNS,4,4.0000,true,,,2591
2,2027-10-06,GRASP_VNS,5,4.0000,true,,,2591
2,2027-10-06,GRASP_VNS,1,3.0000,true,,,2591
2,2027-10-06,GRASP_VNS,2,3.0000,true,,,2591
2,2027-10-06,GRASP_VNS,3,3.0000,true,,,2591
2,2027-10-06,GRASP_VNS,4,3.0000,true,,,2591
2,2027-10-06,GRASP_VNS,5,3.0000,true,,,2591
2,2027-10-06,GRASP_VNS,1,2.5000,true,,,2591
2,2027-10-06,GRASP_VNS,2,2.5000,true,,,2591
2,2027-10-06,GRASP_VNS,3,2.5000,true,,,2591
2,2027-10-06,GRASP_VNS,4,2.5000,true,,,2591
2,2027-10-06,GRASP_VNS,5,2.5000,true,,,2591
2,2027-10-06,GRASP_VNS,1,2.2500,true,,,2591
2,2027-10-06,GRASP_VNS,2,2.2500,true,,,2591
2,2027-10-06,GRASP_VNS,3,2.2500,true,,,2591
2,2027-10-06,GRASP_VNS,4,2.2500,true,,,2591
2,2027-10-06,GRASP_VNS,5,2.2500,true,,,2591
2,2027-10-06,GRASP_VNS,1,2.1250,true,,,2591
2,2027-10-06,GRASP_VNS,2,2.1250,true,,,2591
2,2027-10-06,GRASP_VNS,3,2.1250,true,,,2591
2,2027-10-06,GRASP_VNS,4,2.1250,true,,,2591
2,2027-10-06,GRASP_VNS,5,2.1250,true,,,2591
2,2027-10-06,GRASP_VNS,1,2.0625,true,,,2591
2,2027-10-06,GRASP_VNS,2,2.0625,true,,,2591
2,2027-10-06,GRASP_VNS,3,2.0625,true,,,2591
2,2027-10-06,GRASP_VNS,4,2.0625,true,,,2591
2,2027-10-06,GRASP_VNS,5,2.0625,true,,,2591
2,2027-10-06,GRASP_VNS,1,2.0313,true,,,2591
2,2027-10-06,GRASP_VNS,2,2.0313,true,,,2591
2,2027-10-06,GRASP_VNS,3,2.0313,true,,,2591
2,2027-10-06,GRASP_VNS,4,2.0313,true,,,2591
2,2027-10-06,GRASP_VNS,5,2.0313,true,,,2591
2,2027-10-06,GRASP_VNS,1,2.1000,true,,,2591
2,2027-10-06,GRASP_VNS,2,2.1000,true,,,2591
2,2027-10-06,GRASP_VNS,3,2.1000,true,,,2591
2,2027-10-06,GRASP_VNS,4,2.1000,true,,,2591
2,2027-10-06,GRASP_VNS,5,2.1000,true,,,2591
2,2027-10-06,GRASP_VNS,1,2.2000,true,,,2591
2,2027-10-06,GRASP_VNS,2,2.2000,true,,,2591
2,2027-10-06,GRASP_VNS,3,2.2000,true,,,2591
2,2027-10-06,GRASP_VNS,4,2.2000,true,,,2591
2,2027-10-06,GRASP_VNS,5,2.2000,true,,,2591
2,2027-11-05,ACS,1,2.0000,true,,,2412
2,2027-11-05,ACS,2,2.0000,true,,,2412
2,2027-11-05,ACS,3,2.0000,true,,,2412
2,2027-11-05,ACS,4,2.0000,true,,,2412
2,2027-11-05,ACS,5,2.0000,true,,,2412
2,2027-11-05,ACS,1,1.5000,false,47.6527,202.0108,2412
2,2027-11-05,ACS,2,1.5000,true,,,2412
2,2027-11-05,ACS,3,1.5000,true,,,2412
2,2027-11-05,ACS,4,1.5000,true,,,2412
2,2027-11-05,ACS,5,1.5000,false,47.8873,201.2505,2412
2,2027-11-05,ACS,1,1.2500,false,41.1138,184.0950,2412
2,2027-11-05,ACS,2,1.2500,true,,,2412
2,2027-11-05,ACS,3,1.2500,true,,,2412
2,2027-11-05,ACS,4,1.2500,true,,,2412
2,2027-11-05,ACS,5,1.2500,false,40.9207,181.4795,2412
2,2027-11-05,ACS,1,1.1250,false,38.3391,172.6458,2412
2,2027-11-05,ACS,2,1.1250,false,38.5707,174.7581,2412
2,2027-11-05,ACS,3,1.1250,false,39.4284,175.7214,2412
2,2027-11-05,ACS,4,1.1250,true,,,2412
2,2027-11-05,ACS,5,1.1250,true,,,2412
2,2027-11-05,ACS,1,1.0625,true,,,2412
2,2027-11-05,ACS,2,1.0625,false,39.7169,173.5054,2412
2,2027-11-05,ACS,3,1.0625,true,,,2412
2,2027-11-05,ACS,4,1.0625,false,38.2982,174.4514,2412
2,2027-11-05,ACS,5,1.0625,true,,,2412
2,2027-11-05,ACS,1,1.0313,true,,,2412
2,2027-11-05,ACS,2,1.0313,false,39.7169,173.5054,2412
2,2027-11-05,ACS,3,1.0313,true,,,2412
2,2027-11-05,ACS,4,1.0313,false,38.2982,174.4514,2412
2,2027-11-05,ACS,5,1.0313,true,,,2412
2,2027-11-05,ACS,1,1.1000,true,,,2412
2,2027-11-05,ACS,2,1.1000,false,39.7169,173.5054,2412
2,2027-11-05,ACS,3,1.1000,true,,,2412
2,2027-11-05,ACS,4,1.1000,false,38.2982,174.4514,2412
2,2027-11-05,ACS,5,1.1000,true,,,2412
2,2027-11-05,ACS,1,1.2000,false,41.5400,181.6566,2412
2,2027-11-05,ACS,2,1.2000,true,,,2412
2,2027-11-05,ACS,3,1.2000,false,40.9437,182.2916,2412
2,2027-11-05,ACS,4,1.2000,true,,,2412
2,2027-11-05,ACS,5,1.2000,false,40.9969,182.5400,2412
2,2027-11-05,GRASP_VNS,1,2.0000,false,63.2146,319.6069,2412
2,2027-11-05,GRASP_VNS,2,2.0000,false,65.4636,329.9568,2412
2,2027-11-05,GRASP_VNS,3,2.0000,false,61.8669,320.2786,2412
2,2027-11-05,GRASP_VNS,4,2.0000,false,63.8443,321.5378,2412
2,2027-11-05,GRASP_VNS,5,2.0000,false,64.3813,325.3002,2412
2,2027-11-05,GRASP_VNS,1,4.0000,true,,,2412
2,2027-11-05,GRASP_VNS,2,4.0000,true,,,2412
2,2027-11-05,GRASP_VNS,3,4.0000,true,,,2412
2,2027-11-05,GRASP_VNS,4,4.0000,true,,,2412
2,2027-11-05,GRASP_VNS,5,4.0000,true,,,2412
2,2027-11-05,GRASP_VNS,1,3.0000,true,,,2412
2,2027-11-05,GRASP_VNS,2,3.0000,true,,,2412
2,2027-11-05,GRASP_VNS,3,3.0000,true,,,2412
2,2027-11-05,GRASP_VNS,4,3.0000,true,,,2412
2,2027-11-05,GRASP_VNS,5,3.0000,true,,,2412
2,2027-11-05,GRASP_VNS,1,2.5000,true,,,2412
2,2027-11-05,GRASP_VNS,2,2.5000,true,,,2412
2,2027-11-05,GRASP_VNS,3,2.5000,true,,,2412
2,2027-11-05,GRASP_VNS,4,2.5000,true,,,2412
2,2027-11-05,GRASP_VNS,5,2.5000,true,,,2412
2,2027-11-05,GRASP_VNS,1,2.2500,true,,,2412
2,2027-11-05,GRASP_VNS,2,2.2500,true,,,2412
2,2027-11-05,GRASP_VNS,3,2.2500,true,,,2412
2,2027-11-05,GRASP_VNS,4,2.2500,true,,,2412
2,2027-11-05,GRASP_VNS,5,2.2500,true,,,2412
2,2027-11-05,GRASP_VNS,1,2.1250,true,,,2412
2,2027-11-05,GRASP_VNS,2,2.1250,true,,,2412
2,2027-11-05,GRASP_VNS,3,2.1250,true,,,2412
2,2027-11-05,GRASP_VNS,4,2.1250,true,,,2412
2,2027-11-05,GRASP_VNS,5,2.1250,true,,,2412
2,2027-11-05,GRASP_VNS,1,2.0625,true,,,2412
2,2027-11-05,GRASP_VNS,2,2.0625,true,,,2412
2,2027-11-05,GRASP_VNS,3,2.0625,true,,,2412
2,2027-11-05,GRASP_VNS,4,2.0625,true,,,2412
2,2027-11-05,GRASP_VNS,5,2.0625,true,,,2412
2,2027-11-05,GRASP_VNS,1,2.0313,true,,,2412
2,2027-11-05,GRASP_VNS,2,2.0313,true,,,2412
2,2027-11-05,GRASP_VNS,3,2.0313,true,,,2412
2,2027-11-05,GRASP_VNS,4,2.0313,true,,,2412
2,2027-11-05,GRASP_VNS,5,2.0313,true,,,2412
2,2027-11-05,GRASP_VNS,1,2.1000,true,,,2412
2,2027-11-05,GRASP_VNS,2,2.1000,true,,,2412
2,2027-11-05,GRASP_VNS,3,2.1000,true,,,2412
2,2027-11-05,GRASP_VNS,4,2.1000,true,,,2412
2,2027-11-05,GRASP_VNS,5,2.1000,true,,,2412
2,2027-11-05,GRASP_VNS,1,2.2000,true,,,2412
2,2027-11-05,GRASP_VNS,2,2.2000,true,,,2412
2,2027-11-05,GRASP_VNS,3,2.2000,true,,,2412
2,2027-11-05,GRASP_VNS,4,2.2000,true,,,2412
2,2027-11-05,GRASP_VNS,5,2.2000,true,,,2412
2,2027-10-08,ACS,1,2.0000,true,,,2511
2,2027-10-08,ACS,2,2.0000,true,,,2511
2,2027-10-08,ACS,3,2.0000,true,,,2511
2,2027-10-08,ACS,4,2.0000,true,,,2511
2,2027-10-08,ACS,5,2.0000,true,,,2511
2,2027-10-08,ACS,1,1.5000,true,,,2511
2,2027-10-08,ACS,2,1.5000,true,,,2511
2,2027-10-08,ACS,3,1.5000,true,,,2511
2,2027-10-08,ACS,4,1.5000,true,,,2511
2,2027-10-08,ACS,5,1.5000,true,,,2511
2,2027-10-08,ACS,1,1.2500,true,,,2511
2,2027-10-08,ACS,2,1.2500,true,,,2511
2,2027-10-08,ACS,3,1.2500,true,,,2511
2,2027-10-08,ACS,4,1.2500,true,,,2511
2,2027-10-08,ACS,5,1.2500,true,,,2511
2,2027-10-08,ACS,1,1.1250,false,46.1055,182.6594,2511
2,2027-10-08,ACS,2,1.1250,true,,,2511
2,2027-10-08,ACS,3,1.1250,false,44.6544,180.1878,2511
2,2027-10-08,ACS,4,1.1250,false,46.6991,182.2074,2511
2,2027-10-08,ACS,5,1.1250,true,,,2511
2,2027-10-08,ACS,1,1.0625,true,,,2511
2,2027-10-08,ACS,2,1.0625,true,,,2511
2,2027-10-08,ACS,3,1.0625,false,43.7381,179.8821,2511
2,2027-10-08,ACS,4,1.0625,false,43.7384,179.0655,2511
2,2027-10-08,ACS,5,1.0625,false,44.2821,180.1921,2511
2,2027-10-08,ACS,1,1.0313,true,,,2511
2,2027-10-08,ACS,2,1.0313,true,,,2511
2,2027-10-08,ACS,3,1.0313,false,43.7381,179.8821,2511
2,2027-10-08,ACS,4,1.0313,false,43.7384,179.0655,2511
2,2027-10-08,ACS,5,1.0313,false,44.2821,180.1921,2511
2,2027-10-08,ACS,1,1.1000,true,,,2511
2,2027-10-08,ACS,2,1.1000,true,,,2511
2,2027-10-08,ACS,3,1.1000,false,43.7381,179.8821,2511
2,2027-10-08,ACS,4,1.1000,false,43.7384,179.0655,2511
2,2027-10-08,ACS,5,1.1000,false,44.2821,180.1921,2511
2,2027-10-08,ACS,1,1.2000,true,,,2511
2,2027-10-08,ACS,2,1.2000,true,,,2511
2,2027-10-08,ACS,3,1.2000,true,,,2511
2,2027-10-08,ACS,4,1.2000,false,48.9812,188.5590,2511
2,2027-10-08,ACS,5,1.2000,true,,,2511
2,2027-10-08,GRASP_VNS,1,2.0000,true,,,2511
2,2027-10-08,GRASP_VNS,2,2.0000,false,71.9523,337.5590,2511
2,2027-10-08,GRASP_VNS,3,2.0000,false,72.5597,343.1376,2511
2,2027-10-08,GRASP_VNS,4,2.0000,true,,,2511
2,2027-10-08,GRASP_VNS,5,2.0000,false,71.5065,334.7009,2511
2,2027-10-08,GRASP_VNS,1,1.5000,false,63.8828,311.8057,2511
2,2027-10-08,GRASP_VNS,2,1.5000,false,61.7371,304.3057,2511
2,2027-10-08,GRASP_VNS,3,1.5000,false,61.1919,307.3799,2511
2,2027-10-08,GRASP_VNS,4,1.5000,false,64.7582,316.8297,2511
2,2027-10-08,GRASP_VNS,5,1.5000,false,63.4689,312.3821,2511
2,2027-10-08,GRASP_VNS,1,1.7500,false,73.2729,338.6594,2511
2,2027-10-08,GRASP_VNS,2,1.7500,true,,,2511
2,2027-10-08,GRASP_VNS,3,1.7500,true,,,2511
2,2027-10-08,GRASP_VNS,4,1.7500,true,,,2511
2,2027-10-08,GRASP_VNS,5,1.7500,true,,,2511
2,2027-10-08,GRASP_VNS,1,1.6250,false,69.1970,330.3450,2511
2,2027-10-08,GRASP_VNS,2,1.6250,false,69.0089,328.5590,2511
2,2027-10-08,GRASP_VNS,3,1.6250,false,71.3623,325.6550,2511
2,2027-10-08,GRASP_VNS,4,1.6250,false,68.7450,328.7205,2511
2,2027-10-08,GRASP_VNS,5,1.6250,false,70.2805,324.8996,2511
2,2027-10-08,GRASP_VNS,1,1.6875,false,71.7305,336.1572,2511
2,2027-10-08,GRASP_VNS,2,1.6875,false,71.9197,337.5568,2511
2,2027-10-08,GRASP_VNS,3,1.6875,false,73.6464,336.6747,2511
2,2027-10-08,GRASP_VNS,4,1.6875,false,71.8288,338.0218,2511
2,2027-10-08,GRASP_VNS,5,1.6875,false,72.1507,335.7620,2511
2,2027-10-08,GRASP_VNS,1,1.7188,false,73.2729,338.6594,2511
2,2027-10-08,GRASP_VNS,2,1.7188,true,,,2511
2,2027-10-08,GRASP_VNS,3,1.7188,true,,,2511
2,2027-10-08,GRASP_VNS,4,1.7188,true,,,2511
2,2027-10-08,GRASP_VNS,5,1.7188,true,,,2511
2,2027-10-08,GRASP_VNS,1,1.7875,true,,,2511
2,2027-10-08,GRASP_VNS,2,1.7875,true,,,2511
2,2027-10-08,GRASP_VNS,3,1.7875,true,,,2511
2,2027-10-08,GRASP_VNS,4,1.7875,true,,,2511
2,2027-10-08,GRASP_VNS,5,1.7875,false,73.5460,337.4716,2511
2,2027-10-08,GRASP_VNS,1,1.8875,true,,,2511
2,2027-10-08,GRASP_VNS,2,1.8875,false,74.3964,351.6638,2511
2,2027-10-08,GRASP_VNS,3,1.8875,true,,,2511
2,2027-10-08,GRASP_VNS,4,1.8875,false,72.1109,341.2555,2511
2,2027-10-08,GRASP_VNS,5,1.8875,true,,,2511
2,2027-07-10,ACS,1,2.0000,true,,,2286
2,2027-07-10,ACS,2,2.0000,true,,,2286
2,2027-07-10,ACS,3,2.0000,true,,,2286
2,2027-07-10,ACS,4,2.0000,true,,,2286
2,2027-07-10,ACS,5,2.0000,true,,,2286
2,2027-07-10,ACS,1,1.5000,false,46.9145,207.1743,2286
2,2027-07-10,ACS,2,1.5000,false,47.3678,204.3647,2286
2,2027-07-10,ACS,3,1.5000,false,45.9554,200.6720,2286
2,2027-07-10,ACS,4,1.5000,false,47.6026,202.4197,2286
2,2027-07-10,ACS,5,1.5000,true,,,2286
2,2027-07-10,ACS,1,1.2500,false,41.2580,183.8257,2286
2,2027-07-10,ACS,2,1.2500,false,40.4438,183.3578,2286
2,2027-07-10,ACS,3,1.2500,false,41.4931,188.7294,2286
2,2027-07-10,ACS,4,1.2500,false,41.1867,185.1261,2286
2,2027-07-10,ACS,5,1.2500,false,41.7807,188.4427,2286
2,2027-07-10,ACS,1,1.3750,true,,,2286
2,2027-07-10,ACS,2,1.3750,true,,,2286
2,2027-07-10,ACS,3,1.3750,false,47.3025,201.2729,2286
2,2027-07-10,ACS,4,1.3750,true,,,2286
2,2027-07-10,ACS,5,1.3750,false,47.3035,198.5138,2286
2,2027-07-10,ACS,1,1.3125,false,42.6872,189.2546,2286
2,2027-07-10,ACS,2,1.3125,false,41.5758,185.7431,2286
2,2027-07-10,ACS,3,1.3125,false,42.5918,190.4817,2286
2,2027-07-10,ACS,4,1.3125,false,43.0674,187.7821,2286
2,2027-07-10,ACS,5,1.3125,false,43.9201,192.0069,2286
2,2027-07-10,ACS,1,1.3438,true,,,2286
2,2027-07-10,ACS,2,1.3438,true,,,2286
2,2027-07-10,ACS,3,1.3438,false,47.3025,201.2729,2286
2,2027-07-10,ACS,4,1.3438,true,,,2286
2,2027-07-10,ACS,5,1.3438,false,47.3035,198.5138,2286
2,2027-07-10,ACS,1,1.4125,true,,,2286
2,2027-07-10,ACS,2,1.4125,true,,,2286
2,2027-07-10,ACS,3,1.4125,false,45.0769,197.2913,2286
2,2027-07-10,ACS,4,1.4125,false,45.9401,201.1812,2286
2,2027-07-10,ACS,5,1.4125,true,,,2286
2,2027-07-10,ACS,1,1.5125,true,,,2286
2,2027-07-10,ACS,2,1.5125,false,49.3398,212.7661,2286
2,2027-07-10,ACS,3,1.5125,false,49.4138,210.6835,2286
2,2027-07-10,ACS,4,1.5125,true,,,2286
2,2027-07-10,ACS,5,1.5125,true,,,2286
2,2027-07-10,GRASP_VNS,1,2.0000,false,61.3906,325.6216,2286
2,2027-07-10,GRASP_VNS,2,2.0000,false,65.3976,331.5940,2286
2,2027-07-10,GRASP_VNS,3,2.0000,false,60.0698,320.2431,2286
2,2027-07-10,GRASP_VNS,4,2.0000,false,62.9278,322.7615,2286
2,2027-07-10,GRASP_VNS,5,2.0000,false,61.4845,325.6606,2286
2,2027-07-10,GRASP_VNS,1,4.0000,true,,,2286
2,2027-07-10,GRASP_VNS,2,4.0000,true,,,2286
2,2027-07-10,GRASP_VNS,3,4.0000,true,,,2286
2,2027-07-10,GRASP_VNS,4,4.0000,true,,,2286
2,2027-07-10,GRASP_VNS,5,4.0000,true,,,2286
2,2027-07-10,GRASP_VNS,1,3.0000,true,,,2286
2,2027-07-10,GRASP_VNS,2,3.0000,true,,,2286
2,2027-07-10,GRASP_VNS,3,3.0000,true,,,2286
2,2027-07-10,GRASP_VNS,4,3.0000,true,,,2286
2,2027-07-10,GRASP_VNS,5,3.0000,true,,,2286
2,2027-07-10,GRASP_VNS,1,2.5000,true,,,2286
2,2027-07-10,GRASP_VNS,2,2.5000,true,,,2286
2,2027-07-10,GRASP_VNS,3,2.5000,true,,,2286
2,2027-07-10,GRASP_VNS,4,2.5000,true,,,2286
2,2027-07-10,GRASP_VNS,5,2.5000,true,,,2286
2,2027-07-10,GRASP_VNS,1,2.2500,true,,,2286
2,2027-07-10,GRASP_VNS,2,2.2500,true,,,2286
2,2027-07-10,GRASP_VNS,3,2.2500,true,,,2286
2,2027-07-10,GRASP_VNS,4,2.2500,true,,,2286
2,2027-07-10,GRASP_VNS,5,2.2500,true,,,2286
2,2027-07-10,GRASP_VNS,1,2.1250,true,,,2286
2,2027-07-10,GRASP_VNS,2,2.1250,true,,,2286
2,2027-07-10,GRASP_VNS,3,2.1250,true,,,2286
2,2027-07-10,GRASP_VNS,4,2.1250,true,,,2286
2,2027-07-10,GRASP_VNS,5,2.1250,true,,,2286
2,2027-07-10,GRASP_VNS,1,2.0625,true,,,2286
2,2027-07-10,GRASP_VNS,2,2.0625,true,,,2286
2,2027-07-10,GRASP_VNS,3,2.0625,true,,,2286
2,2027-07-10,GRASP_VNS,4,2.0625,true,,,2286
2,2027-07-10,GRASP_VNS,5,2.0625,true,,,2286
2,2027-07-10,GRASP_VNS,1,2.0313,true,,,2286
2,2027-07-10,GRASP_VNS,2,2.0313,true,,,2286
2,2027-07-10,GRASP_VNS,3,2.0313,true,,,2286
2,2027-07-10,GRASP_VNS,4,2.0313,true,,,2286
2,2027-07-10,GRASP_VNS,5,2.0313,true,,,2286
2,2027-07-10,GRASP_VNS,1,2.1000,true,,,2286
2,2027-07-10,GRASP_VNS,2,2.1000,true,,,2286
2,2027-07-10,GRASP_VNS,3,2.1000,true,,,2286
2,2027-07-10,GRASP_VNS,4,2.1000,true,,,2286
2,2027-07-10,GRASP_VNS,5,2.1000,true,,,2286
2,2027-07-10,GRASP_VNS,1,2.2000,true,,,2286
2,2027-07-10,GRASP_VNS,2,2.2000,true,,,2286
2,2027-07-10,GRASP_VNS,3,2.2000,true,,,2286
2,2027-07-10,GRASP_VNS,4,2.2000,true,,,2286
2,2027-07-10,GRASP_VNS,5,2.2000,true,,,2286
2,2027-08-04,ACS,1,2.0000,true,,,2443
2,2027-08-04,ACS,2,2.0000,true,,,2443
2,2027-08-04,ACS,3,2.0000,true,,,2443
2,2027-08-04,ACS,4,2.0000,true,,,2443
2,2027-08-04,ACS,5,2.0000,true,,,2443
2,2027-08-04,ACS,1,1.5000,true,,,2443
2,2027-08-04,ACS,2,1.5000,false,53.1735,223.3318,2443
2,2027-08-04,ACS,3,1.5000,false,51.4780,223.4677,2443
2,2027-08-04,ACS,4,1.5000,false,50.1990,221.8180,2443
2,2027-08-04,ACS,5,1.5000,true,,,2443
2,2027-08-04,ACS,1,1.2500,false,43.9227,198.9608,2443
2,2027-08-04,ACS,2,1.2500,false,45.5301,199.3502,2443
2,2027-08-04,ACS,3,1.2500,false,45.5042,199.5691,2443
2,2027-08-04,ACS,4,1.2500,false,42.4430,197.8433,2443
2,2027-08-04,ACS,5,1.2500,true,,,2443
2,2027-08-04,ACS,1,1.1250,false,42.3272,187.3779,2443
2,2027-08-04,ACS,2,1.1250,false,41.9798,188.1820,2443
2,2027-08-04,ACS,3,1.1250,false,41.5325,190.9032,2443
2,2027-08-04,ACS,4,1.1250,false,41.9358,187.0991,2443
2,2027-08-04,ACS,5,1.1250,false,41.5786,187.4124,2443
2,2027-08-04,ACS,1,1.1875,false,41.2028,192.6567,2443
2,2027-08-04,ACS,2,1.1875,false,42.2099,193.4562,2443
2,2027-08-04,ACS,3,1.1875,false,43.3146,192.0806,2443
2,2027-08-04,ACS,4,1.1875,false,43.6418,194.8664,2443
2,2027-08-04,ACS,5,1.1875,false,42.4569,196.9309,2443
2,2027-08-04,ACS,1,1.2188,false,45.1173,196.8802,2443
2,2027-08-04,ACS,2,1.2188,false,45.6116,196.8664,2443
2,2027-08-04,ACS,3,1.2188,false,42.7890,197.5829,2443
2,2027-08-04,ACS,4,1.2188,false,43.9432,195.3088,2443
2,2027-08-04,ACS,5,1.2188,false,46.0179,199.2650,2443
2,2027-08-04,ACS,1,1.3188,false,48.5211,205.5484,2443
2,2027-08-04,ACS,2,1.3188,false,44.2926,205.6406,2443
2,2027-08-04,ACS,3,1.3188,false,46.8270,207.1359,2443
2,2027-08-04,ACS,4,1.3188,false,46.7443,207.5253,2443
2,2027-08-04,ACS,5,1.3188,false,46.0231,205.7028,2443
2,2027-08-04,ACS,1,1.4188,false,51.7540,220.7926,2443
2,2027-08-04,ACS,2,1.4188,false,51.3186,221.0023,2443
2,2027-08-04,ACS,3,1.4188,false,49.7976,213.2650,2443
2,2027-08-04,ACS,4,1.4188,true,,,2443
2,2027-08-04,ACS,5,1.4188,false,49.1841,219.0853,2443
2,2027-08-04,GRASP_VNS,1,2.0000,false,73.0884,353.8364,2443
2,2027-08-04,GRASP_VNS,2,2.0000,false,75.0358,353.2051,2443
2,2027-08-04,GRASP_VNS,3,2.0000,false,73.0885,348.9793,2443
2,2027-08-04,GRASP_VNS,4,2.0000,false,72.2209,352.8779,2443
2,2027-08-04,GRASP_VNS,5,2.0000,false,73.7365,355.2419,2443
2,2027-08-04,GRASP_VNS,1,4.0000,true,,,2443
2,2027-08-04,GRASP_VNS,2,4.0000,true,,,2443
2,2027-08-04,GRASP_VNS,3,4.0000,true,,,2443
2,2027-08-04,GRASP_VNS,4,4.0000,true,,,2443
2,2027-08-04,GRASP_VNS,5,4.0000,true,,,2443
2,2027-08-04,GRASP_VNS,1,3.0000,true,,,2443
2,2027-08-04,GRASP_VNS,2,3.0000,true,,,2443
2,2027-08-04,GRASP_VNS,3,3.0000,true,,,2443
2,2027-08-04,GRASP_VNS,4,3.0000,true,,,2443
2,2027-08-04,GRASP_VNS,5,3.0000,true,,,2443
2,2027-08-04,GRASP_VNS,1,2.5000,true,,,2443
2,2027-08-04,GRASP_VNS,2,2.5000,true,,,2443
2,2027-08-04,GRASP_VNS,3,2.5000,true,,,2443
2,2027-08-04,GRASP_VNS,4,2.5000,true,,,2443
2,2027-08-04,GRASP_VNS,5,2.5000,true,,,2443
2,2027-08-04,GRASP_VNS,1,2.2500,true,,,2443
2,2027-08-04,GRASP_VNS,2,2.2500,true,,,2443
2,2027-08-04,GRASP_VNS,3,2.2500,true,,,2443
2,2027-08-04,GRASP_VNS,4,2.2500,true,,,2443
2,2027-08-04,GRASP_VNS,5,2.2500,true,,,2443
2,2027-08-04,GRASP_VNS,1,2.1250,true,,,2443
2,2027-08-04,GRASP_VNS,2,2.1250,true,,,2443
2,2027-08-04,GRASP_VNS,3,2.1250,true,,,2443
2,2027-08-04,GRASP_VNS,4,2.1250,true,,,2443
2,2027-08-04,GRASP_VNS,5,2.1250,true,,,2443
2,2027-08-04,GRASP_VNS,1,2.0625,true,,,2443
2,2027-08-04,GRASP_VNS,2,2.0625,true,,,2443
2,2027-08-04,GRASP_VNS,3,2.0625,true,,,2443
2,2027-08-04,GRASP_VNS,4,2.0625,true,,,2443
2,2027-08-04,GRASP_VNS,5,2.0625,true,,,2443
2,2027-08-04,GRASP_VNS,1,2.0313,true,,,2443
2,2027-08-04,GRASP_VNS,2,2.0313,true,,,2443
2,2027-08-04,GRASP_VNS,3,2.0313,true,,,2443
2,2027-08-04,GRASP_VNS,4,2.0313,true,,,2443
2,2027-08-04,GRASP_VNS,5,2.0313,true,,,2443
2,2027-08-04,GRASP_VNS,1,2.1000,true,,,2443
2,2027-08-04,GRASP_VNS,2,2.1000,true,,,2443
2,2027-08-04,GRASP_VNS,3,2.1000,true,,,2443
2,2027-08-04,GRASP_VNS,4,2.1000,true,,,2443
2,2027-08-04,GRASP_VNS,5,2.1000,true,,,2443
2,2027-08-04,GRASP_VNS,1,2.2000,true,,,2443
2,2027-08-04,GRASP_VNS,2,2.2000,true,,,2443
2,2027-08-04,GRASP_VNS,3,2.2000,true,,,2443
2,2027-08-04,GRASP_VNS,4,2.2000,true,,,2443
2,2027-08-04,GRASP_VNS,5,2.2000,true,,,2443
2,2027-06-03,ACS,1,2.0000,true,,,2377
2,2027-06-03,ACS,2,2.0000,true,,,2377
2,2027-06-03,ACS,3,2.0000,true,,,2377
2,2027-06-03,ACS,4,2.0000,true,,,2377
2,2027-06-03,ACS,5,2.0000,true,,,2377
2,2027-06-03,ACS,1,1.5000,true,,,2377
2,2027-06-03,ACS,2,1.5000,true,,,2377
2,2027-06-03,ACS,3,1.5000,true,,,2377
2,2027-06-03,ACS,4,1.5000,true,,,2377
2,2027-06-03,ACS,5,1.5000,true,,,2377
2,2027-06-03,ACS,1,1.2500,false,39.9798,190.1449,2377
2,2027-06-03,ACS,2,1.2500,true,,,2377
2,2027-06-03,ACS,3,1.2500,true,,,2377
2,2027-06-03,ACS,4,1.2500,false,41.9969,191.3995,2377
2,2027-06-03,ACS,5,1.2500,false,41.8810,191.9136,2377
2,2027-06-03,ACS,1,1.1250,false,37.9327,181.2196,2377
2,2027-06-03,ACS,2,1.1250,false,38.4522,182.4089,2377
2,2027-06-03,ACS,3,1.1250,false,39.9838,186.4486,2377
2,2027-06-03,ACS,4,1.1250,false,37.3540,180.0561,2377
2,2027-06-03,ACS,5,1.1250,false,38.0673,182.5514,2377
2,2027-06-03,ACS,1,1.1875,false,40.4874,189.3131,2377
2,2027-06-03,ACS,2,1.1875,false,40.2758,186.1495,2377
2,2027-06-03,ACS,3,1.1875,false,39.8199,188.7056,2377
2,2027-06-03,ACS,4,1.1875,false,40.9815,186.3902,2377
2,2027-06-03,ACS,5,1.1875,false,40.7780,184.7593,2377
2,2027-06-03,ACS,1,1.2188,false,39.5109,190.0164,2377
2,2027-06-03,ACS,2,1.2188,true,,,2377
2,2027-06-03,ACS,3,1.2188,false,39.6625,186.0374,2377
2,2027-06-03,ACS,4,1.2188,false,40.8848,188.0070,2377
2,2027-06-03,ACS,5,1.2188,false,42.1384,186.9907,2377
2,2027-06-03,ACS,1,1.2875,true,,,2377
2,2027-06-03,ACS,2,1.2875,true,,,2377
2,2027-06-03,ACS,3,1.2875,true,,,2377
2,2027-06-03,ACS,4,1.2875,true,,,2377
2,2027-06-03,ACS,5,1.2875,false,43.3616,200.2500,2377
2,2027-06-03,ACS,1,1.3875,false,46.6713,206.0210,2377
2,2027-06-03,ACS,2,1.3875,false,45.8526,200.4346,2377
2,2027-06-03,ACS,3,1.3875,true,,,2377
2,2027-06-03,ACS,4,1.3875,false,48.2583,207.4159,2377
2,2027-06-03,ACS,5,1.3875,true,,,2377
2,2027-06-03,GRASP_VNS,1,2.0000,false,66.9955,343.0818,2377
2,2027-06-03,GRASP_VNS,2,2.0000,false,65.3629,341.3785,2377
2,2027-06-03,GRASP_VNS,3,2.0000,false,66.7277,340.6893,2377
2,2027-06-03,GRASP_VNS,4,2.0000,false,67.8477,348.2173,2377
2,2027-06-03,GRASP_VNS,5,2.0000,false,64.5552,332.9790,2377
2,2027-06-03,GRASP_VNS,1,4.0000,true,,,2377
2,2027-06-03,GRASP_VNS,2,4.0000,true,,,2377
2,2027-06-03,GRASP_VNS,3,4.0000,true,,,2377
2,2027-06-03,GRASP_VNS,4,4.0000,true,,,2377
2,2027-06-03,GRASP_VNS,5,4.0000,true,,,2377
2,2027-06-03,GRASP_VNS,1,3.0000,true,,,2377
2,2027-06-03,GRASP_VNS,2,3.0000,true,,,2377
2,2027-06-03,GRASP_VNS,3,3.0000,true,,,2377
2,2027-06-03,GRASP_VNS,4,3.0000,true,,,2377
2,2027-06-03,GRASP_VNS,5,3.0000,true,,,2377
2,2027-06-03,GRASP_VNS,1,2.5000,true,,,2377
2,2027-06-03,GRASP_VNS,2,2.5000,true,,,2377
2,2027-06-03,GRASP_VNS,3,2.5000,true,,,2377
2,2027-06-03,GRASP_VNS,4,2.5000,true,,,2377
2,2027-06-03,GRASP_VNS,5,2.5000,true,,,2377
2,2027-06-03,GRASP_VNS,1,2.2500,true,,,2377
2,2027-06-03,GRASP_VNS,2,2.2500,true,,,2377
2,2027-06-03,GRASP_VNS,3,2.2500,true,,,2377
2,2027-06-03,GRASP_VNS,4,2.2500,true,,,2377
2,2027-06-03,GRASP_VNS,5,2.2500,true,,,2377
2,2027-06-03,GRASP_VNS,1,2.1250,true,,,2377
2,2027-06-03,GRASP_VNS,2,2.1250,true,,,2377
2,2027-06-03,GRASP_VNS,3,2.1250,true,,,2377
2,2027-06-03,GRASP_VNS,4,2.1250,true,,,2377
2,2027-06-03,GRASP_VNS,5,2.1250,true,,,2377
2,2027-06-03,GRASP_VNS,1,2.0625,true,,,2377
2,2027-06-03,GRASP_VNS,2,2.0625,true,,,2377
2,2027-06-03,GRASP_VNS,3,2.0625,true,,,2377
2,2027-06-03,GRASP_VNS,4,2.0625,true,,,2377
2,2027-06-03,GRASP_VNS,5,2.0625,true,,,2377
2,2027-06-03,GRASP_VNS,1,2.0313,true,,,2377
2,2027-06-03,GRASP_VNS,2,2.0313,true,,,2377
2,2027-06-03,GRASP_VNS,3,2.0313,true,,,2377
2,2027-06-03,GRASP_VNS,4,2.0313,true,,,2377
2,2027-06-03,GRASP_VNS,5,2.0313,true,,,2377
2,2027-06-03,GRASP_VNS,1,2.1000,true,,,2377
2,2027-06-03,GRASP_VNS,2,2.1000,true,,,2377
2,2027-06-03,GRASP_VNS,3,2.1000,true,,,2377
2,2027-06-03,GRASP_VNS,4,2.1000,true,,,2377
2,2027-06-03,GRASP_VNS,5,2.1000,true,,,2377
2,2027-06-03,GRASP_VNS,1,2.2000,true,,,2377
2,2027-06-03,GRASP_VNS,2,2.2000,true,,,2377
2,2027-06-03,GRASP_VNS,3,2.2000,true,,,2377
2,2027-06-03,GRASP_VNS,4,2.2000,true,,,2377
2,2027-06-03,GRASP_VNS,5,2.2000,true,,,2377
2,2027-07-06,ACS,1,2.0000,true,,,2354
2,2027-07-06,ACS,2,2.0000,true,,,2354
2,2027-07-06,ACS,3,2.0000,false,53.9888,247.4665,2354
2,2027-07-06,ACS,4,2.0000,true,,,2354
2,2027-07-06,ACS,5,2.0000,true,,,2354
2,2027-07-06,ACS,1,1.5000,false,47.0267,208.8158,2354
2,2027-07-06,ACS,2,1.5000,false,45.6190,206.9880,2354
2,2027-07-06,ACS,3,1.5000,false,49.1277,213.4809,2354
2,2027-07-06,ACS,4,1.5000,false,50.1866,210.7440,2354
2,2027-07-06,ACS,5,1.5000,false,49.0489,209.8038,2354
2,2027-07-06,ACS,1,1.7500,false,56.0815,235.1890,2354
2,2027-07-06,ACS,2,1.7500,true,,,2354
2,2027-07-06,ACS,3,1.7500,true,,,2354
2,2027-07-06,ACS,4,1.7500,true,,,2354
2,2027-07-06,ACS,5,1.7500,true,,,2354
2,2027-07-06,ACS,1,1.6250,true,,,2354
2,2027-07-06,ACS,2,1.6250,true,,,2354
2,2027-07-06,ACS,3,1.6250,true,,,2354
2,2027-07-06,ACS,4,1.6250,true,,,2354
2,2027-07-06,ACS,5,1.6250,true,,,2354
2,2027-07-06,ACS,1,1.5625,false,48.7824,218.8206,2354
2,2027-07-06,ACS,2,1.5625,false,50.4766,222.1459,2354
2,2027-07-06,ACS,3,1.5625,false,52.3340,225.7201,2354
2,2027-07-06,ACS,4,1.5625,false,50.5908,222.9856,2354
2,2027-07-06,ACS,5,1.5625,false,50.9266,223.5694,2354
2,2027-07-06,ACS,1,1.5938,false,50.2064,223.6699,2354
2,2027-07-06,ACS,2,1.5938,true,,,2354
2,2027-07-06,ACS,3,1.5938,true,,,2354
2,2027-07-06,ACS,4,1.5938,true,,,2354
2,2027-07-06,ACS,5,1.5938,true,,,2354
2,2027-07-06,ACS,1,1.6625,false,53.2053,226.2033,2354
2,2027-07-06,ACS,2,1.6625,true,,,2354
2,2027-07-06,ACS,3,1.6625,true,,,2354
2,2027-07-06,ACS,4,1.6625,true,,,2354
2,2027-07-06,ACS,5,1.6625,false,49.4941,223.2847,2354
2,2027-07-06,ACS,1,1.7625,false,56.1392,237.2225,2354
2,2027-07-06,ACS,2,1.7625,true,,,2354
2,2027-07-06,ACS,3,1.7625,true,,,2354
2,2027-07-06,ACS,4,1.7625,true,,,2354
2,2027-07-06,ACS,5,1.7625,false,53.7485,238.1029,2354
2,2027-07-06,GRASP_VNS,1,2.0000,false,71.6341,342.6555,2354
2,2027-07-06,GRASP_VNS,2,2.0000,false,67.9928,347.6818,2354
2,2027-07-06,GRASP_VNS,3,2.0000,false,66.3322,347.6172,2354
2,2027-07-06,GRASP_VNS,4,2.0000,false,66.4439,338.4306,2354
2,2027-07-06,GRASP_VNS,5,2.0000,false,65.5490,340.1292,2354
2,2027-07-06,GRASP_VNS,1,4.0000,true,,,2354
2,2027-07-06,GRASP_VNS,2,4.0000,true,,,2354
2,2027-07-06,GRASP_VNS,3,4.0000,true,,,2354
2,2027-07-06,GRASP_VNS,4,4.0000,true,,,2354
2,2027-07-06,GRASP_VNS,5,4.0000,true,,,2354
2,2027-07-06,GRASP_VNS,1,3.0000,true,,,2354
2,2027-07-06,GRASP_VNS,2,3.0000,true,,,2354
2,2027-07-06,GRASP_VNS,3,3.0000,true,,,2354
2,2027-07-06,GRASP_VNS,4,3.0000,true,,,2354
2,2027-07-06,GRASP_VNS,5,3.0000,true,,,2354
2,2027-07-06,GRASP_VNS,1,2.5000,true,,,2354
2,2027-07-06,GRASP_VNS,2,2.5000,true,,,2354
2,2027-07-06,GRASP_VNS,3,2.5000,true,,,2354
2,2027-07-06,GRASP_VNS,4,2.5000,true,,,2354
2,2027-07-06,GRASP_VNS,5,2.5000,true,,,2354
2,2027-07-06,GRASP_VNS,1,2.2500,true,,,2354
2,2027-07-06,GRASP_VNS,2,2.2500,true,,,2354
2,2027-07-06,GRASP_VNS,3,2.2500,true,,,2354
2,2027-07-06,GRASP_VNS,4,2.2500,true,,,2354
2,2027-07-06,GRASP_VNS,5,2.2500,true,,,2354
2,2027-07-06,GRASP_VNS,1,2.1250,true,,,2354
2,2027-07-06,GRASP_VNS,2,2.1250,true,,,2354
2,2027-07-06,GRASP_VNS,3,2.1250,true,,,2354
2,2027-07-06,GRASP_VNS,4,2.1250,true,,,2354
2,2027-07-06,GRASP_VNS,5,2.1250,true,,,2354
2,2027-07-06,GRASP_VNS,1,2.0625,true,,,2354
2,2027-07-06,GRASP_VNS,2,2.0625,true,,,2354
2,2027-07-06,GRASP_VNS,3,2.0625,true,,,2354
2,2027-07-06,GRASP_VNS,4,2.0625,true,,,2354
2,2027-07-06,GRASP_VNS,5,2.0625,true,,,2354
2,2027-07-06,GRASP_VNS,1,2.0313,true,,,2354
2,2027-07-06,GRASP_VNS,2,2.0313,true,,,2354
2,2027-07-06,GRASP_VNS,3,2.0313,true,,,2354
2,2027-07-06,GRASP_VNS,4,2.0313,true,,,2354
2,2027-07-06,GRASP_VNS,5,2.0313,true,,,2354
2,2027-07-06,GRASP_VNS,1,2.1000,true,,,2354
2,2027-07-06,GRASP_VNS,2,2.1000,true,,,2354
2,2027-07-06,GRASP_VNS,3,2.1000,true,,,2354
2,2027-07-06,GRASP_VNS,4,2.1000,true,,,2354
2,2027-07-06,GRASP_VNS,5,2.1000,true,,,2354
2,2027-07-06,GRASP_VNS,1,2.2000,true,,,2354
2,2027-07-06,GRASP_VNS,2,2.2000,true,,,2354
2,2027-07-06,GRASP_VNS,3,2.2000,true,,,2354
2,2027-07-06,GRASP_VNS,4,2.2000,true,,,2354
2,2027-07-06,GRASP_VNS,5,2.2000,true,,,2354
2,2027-10-02,ACS,1,2.0000,true,,,2315
2,2027-10-02,ACS,2,2.0000,true,,,2315
2,2027-10-02,ACS,3,2.0000,true,,,2315
2,2027-10-02,ACS,4,2.0000,true,,,2315
2,2027-10-02,ACS,5,2.0000,true,,,2315
2,2027-10-02,ACS,1,1.5000,false,46.8143,216.6829,2315
2,2027-10-02,ACS,2,1.5000,true,,,2315
2,2027-10-02,ACS,3,1.5000,true,,,2315
2,2027-10-02,ACS,4,1.5000,false,46.6732,213.4829,2315
2,2027-10-02,ACS,5,1.5000,true,,,2315
2,2027-10-02,ACS,1,1.2500,false,39.2743,193.8902,2315
2,2027-10-02,ACS,2,1.2500,false,40.1899,192.5585,2315
2,2027-10-02,ACS,3,1.2500,false,39.6249,195.4463,2315
2,2027-10-02,ACS,4,1.2500,false,40.3934,190.2732,2315
2,2027-10-02,ACS,5,1.2500,false,41.2014,192.6024,2315
2,2027-10-02,ACS,1,1.3750,false,44.6594,208.2756,2315
2,2027-10-02,ACS,2,1.3750,false,46.3777,206.3756,2315
2,2027-10-02,ACS,3,1.3750,false,45.2010,205.4659,2315
2,2027-10-02,ACS,4,1.3750,false,45.5303,207.8073,2315
2,2027-10-02,ACS,5,1.3750,false,46.5503,211.6488,2315
2,2027-10-02,ACS,1,1.4375,true,,,2315
2,2027-10-02,ACS,2,1.4375,true,,,2315
2,2027-10-02,ACS,3,1.4375,false,44.9363,213.0585,2315
2,2027-10-02,ACS,4,1.4375,false,45.7419,215.0683,2315
2,2027-10-02,ACS,5,1.4375,false,46.7283,213.7683,2315
2,2027-10-02,ACS,1,1.4063,false,46.2729,213.4122,2315
2,2027-10-02,ACS,2,1.4063,false,47.8321,208.8610,2315
2,2027-10-02,ACS,3,1.4063,false,45.4420,211.1024,2315
2,2027-10-02,ACS,4,1.4063,false,46.0247,208.1805,2315
2,2027-10-02,ACS,5,1.4063,false,44.9308,210.1829,2315
2,2027-10-02,ACS,1,1.5063,false,45.6005,227.5366,2315
2,2027-10-02,ACS,2,1.5063,false,46.8408,224.0463,2315
2,2027-10-02,ACS,3,1.5063,false,49.5110,227.1317,2315
2,2027-10-02,ACS,4,1.5063,true,,,2315
2,2027-10-02,ACS,5,1.5063,false,49.1435,225.2878,2315
2,2027-10-02,ACS,1,1.6063,true,,,2315
2,2027-10-02,ACS,2,1.6063,true,,,2315
2,2027-10-02,ACS,3,1.6063,true,,,2315
2,2027-10-02,ACS,4,1.6063,false,51.0376,227.8073,2315
2,2027-10-02,ACS,5,1.6063,false,50.0693,231.6098,2315
2,2027-10-02,GRASP_VNS,1,2.0000,false,65.6922,347.0268,2315
2,2027-10-02,GRASP_VNS,2,2.0000,false,63.8923,348.0561,2315
2,2027-10-02,GRASP_VNS,3,2.0000,false,60.8988,343.3220,2315
2,2027-10-02,GRASP_VNS,4,2.0000,false,64.9867,344.4512,2315
2,2027-10-02,GRASP_VNS,5,2.0000,false,64.9427,340.4439,2315
2,2027-10-02,GRASP_VNS,1,4.0000,true,,,2315
2,2027-10-02,GRASP_VNS,2,4.0000,true,,,2315
2,2027-10-02,GRASP_VNS,3,4.0000,true,,,2315
2,2027-10-02,GRASP_VNS,4,4.0000,true,,,2315
2,2027-10-02,GRASP_VNS,5,4.0000,true,,,2315
2,2027-10-02,GRASP_VNS,1,3.0000,true,,,2315
2,2027-10-02,GRASP_VNS,2,3.0000,true,,,2315
2,2027-10-02,GRASP_VNS,3,3.0000,true,,,2315
2,2027-10-02,GRASP_VNS,4,3.0000,true,,,2315
2,2027-10-02,GRASP_VNS,5,3.0000,true,,,2315
2,2027-10-02,GRASP_VNS,1,2.5000,true,,,2315
2,2027-10-02,GRASP_VNS,2,2.5000,true,,,2315
2,2027-10-02,GRASP_VNS,3,2.5000,true,,,2315
2,2027-10-02,GRASP_VNS,4,2.5000,true,,,2315
2,2027-10-02,GRASP_VNS,5,2.5000,true,,,2315
2,2027-10-02,GRASP_VNS,1,2.2500,true,,,2315
2,2027-10-02,GRASP_VNS,2,2.2500,true,,,2315
2,2027-10-02,GRASP_VNS,3,2.2500,true,,,2315
2,2027-10-02,GRASP_VNS,4,2.2500,true,,,2315
2,2027-10-02,GRASP_VNS,5,2.2500,true,,,2315
2,2027-10-02,GRASP_VNS,1,2.1250,true,,,2315
2,2027-10-02,GRASP_VNS,2,2.1250,true,,,2315
2,2027-10-02,GRASP_VNS,3,2.1250,true,,,2315
2,2027-10-02,GRASP_VNS,4,2.1250,true,,,2315
2,2027-10-02,GRASP_VNS,5,2.1250,true,,,2315
2,2027-10-02,GRASP_VNS,1,2.0625,true,,,2315
2,2027-10-02,GRASP_VNS,2,2.0625,true,,,2315
2,2027-10-02,GRASP_VNS,3,2.0625,true,,,2315
2,2027-10-02,GRASP_VNS,4,2.0625,true,,,2315
2,2027-10-02,GRASP_VNS,5,2.0625,true,,,2315
2,2027-10-02,GRASP_VNS,1,2.0313,true,,,2315
2,2027-10-02,GRASP_VNS,2,2.0313,true,,,2315
2,2027-10-02,GRASP_VNS,3,2.0313,true,,,2315
2,2027-10-02,GRASP_VNS,4,2.0313,true,,,2315
2,2027-10-02,GRASP_VNS,5,2.0313,true,,,2315
2,2027-10-02,GRASP_VNS,1,2.1000,true,,,2315
2,2027-10-02,GRASP_VNS,2,2.1000,true,,,2315
2,2027-10-02,GRASP_VNS,3,2.1000,true,,,2315
2,2027-10-02,GRASP_VNS,4,2.1000,true,,,2315
2,2027-10-02,GRASP_VNS,5,2.1000,true,,,2315
2,2027-10-02,GRASP_VNS,1,2.2000,true,,,2315
2,2027-10-02,GRASP_VNS,2,2.2000,true,,,2315
2,2027-10-02,GRASP_VNS,3,2.2000,true,,,2315
2,2027-10-02,GRASP_VNS,4,2.2000,true,,,2315
2,2027-10-02,GRASP_VNS,5,2.2000,true,,,2315
2,2027-05-01,ACS,1,2.0000,true,,,2263
2,2027-05-01,ACS,2,2.0000,true,,,2263
2,2027-05-01,ACS,3,2.0000,true,,,2263
2,2027-05-01,ACS,4,2.0000,true,,,2263
2,2027-05-01,ACS,5,2.0000,true,,,2263
2,2027-05-01,ACS,1,1.5000,false,46.5646,218.0489,2263
2,2027-05-01,ACS,2,1.5000,false,46.8454,218.1638,2263
2,2027-05-01,ACS,3,1.5000,false,46.4371,221.6699,2263
2,2027-05-01,ACS,4,1.5000,false,46.4742,216.0269,2263
2,2027-05-01,ACS,5,1.5000,false,46.2177,216.5355,2263
2,2027-05-01,ACS,1,1.7500,false,55.2460,241.4768,2263
2,2027-05-01,ACS,2,1.7500,true,,,2263
2,2027-05-01,ACS,3,1.7500,false,51.1573,241.0367,2263
2,2027-05-01,ACS,4,1.7500,true,,,2263
2,2027-05-01,ACS,5,1.7500,false,54.3184,243.0709,2263
2,2027-05-01,ACS,1,1.6250,false,50.1538,231.8606,2263
2,2027-05-01,ACS,2,1.6250,true,,,2263
2,2027-05-01,ACS,3,1.6250,false,53.9594,236.4548,2263
2,2027-05-01,ACS,4,1.6250,false,54.6150,235.2910,2263
2,2027-05-01,ACS,5,1.6250,true,,,2263
2,2027-05-01,ACS,1,1.5625,false,48.8902,231.1198,2263
2,2027-05-01,ACS,2,1.5625,false,46.1142,221.2543,2263
2,2027-05-01,ACS,3,1.5625,true,,,2263
2,2027-05-01,ACS,4,1.5625,false,48.2589,226.3594,2263
2,2027-05-01,ACS,5,1.5625,false,50.3412,227.0416,2263
2,2027-05-01,ACS,1,1.5313,false,45.8518,224.6699,2263
2,2027-05-01,ACS,2,1.5313,false,47.0943,228.6015,2263
2,2027-05-01,ACS,3,1.5313,false,46.1924,224.7848,2263
2,2027-05-01,ACS,4,1.5313,false,48.2762,229.1858,2263
2,2027-05-01,ACS,5,1.5313,false,46.9741,224.8826,2263
2,2027-05-01,ACS,1,1.6313,false,52.5829,232.6235,2263
2,2027-05-01,ACS,2,1.6313,true,,,2263
2,2027-05-01,ACS,3,1.6313,true,,,2263
2,2027-05-01,ACS,4,1.6313,true,,,2263
2,2027-05-01,ACS,5,1.6313,false,51.6298,232.7579,2263
2,2027-05-01,ACS,1,1.7313,false,55.2460,241.4768,2263
2,2027-05-01,ACS,2,1.7313,true,,,2263
2,2027-05-01,ACS,3,1.7313,false,51.1573,241.0367,2263
2,2027-05-01,ACS,4,1.7313,true,,,2263
2,2027-05-01,ACS,5,1.7313,false,54.3184,243.0709,2263
2,2027-05-01,GRASP_VNS,1,2.0000,false,63.4966,340.2665,2263
2,2027-05-01,GRASP_VNS,2,2.0000,false,62.4645,348.9340,2263
2,2027-05-01,GRASP_VNS,3,2.0000,false,64.9295,347.1614,2263
2,2027-05-01,GRASP_VNS,4,2.0000,false,66.0326,352.1100,2263
2,2027-05-01,GRASP_VNS,5,2.0000,false,63.5749,338.1907,2263
2,2027-05-01,GRASP_VNS,1,4.0000,true,,,2263
2,2027-05-01,GRASP_VNS,2,4.0000,true,,,2263
2,2027-05-01,GRASP_VNS,3,4.0000,true,,,2263
2,2027-05-01,GRASP_VNS,4,4.0000,true,,,2263
2,2027-05-01,GRASP_VNS,5,4.0000,true,,,2263
2,2027-05-01,GRASP_VNS,1,3.0000,true,,,2263
2,2027-05-01,GRASP_VNS,2,3.0000,true,,,2263
2,2027-05-01,GRASP_VNS,3,3.0000,true,,,2263
2,2027-05-01,GRASP_VNS,4,3.0000,true,,,2263
2,2027-05-01,GRASP_VNS,5,3.0000,true,,,2263
2,2027-05-01,GRASP_VNS,1,2.5000,true,,,2263
2,2027-05-01,GRASP_VNS,2,2.5000,true,,,2263
2,2027-05-01,GRASP_VNS,3,2.5000,true,,,2263
2,2027-05-01,GRASP_VNS,4,2.5000,true,,,2263
2,2027-05-01,GRASP_VNS,5,2.5000,true,,,2263
2,2027-05-01,GRASP_VNS,1,2.2500,true,,,2263
2,2027-05-01,GRASP_VNS,2,2.2500,true,,,2263
2,2027-05-01,GRASP_VNS,3,2.2500,true,,,2263
2,2027-05-01,GRASP_VNS,4,2.2500,true,,,2263
2,2027-05-01,GRASP_VNS,5,2.2500,true,,,2263
2,2027-05-01,GRASP_VNS,1,2.1250,true,,,2263
2,2027-05-01,GRASP_VNS,2,2.1250,true,,,2263
2,2027-05-01,GRASP_VNS,3,2.1250,true,,,2263
2,2027-05-01,GRASP_VNS,4,2.1250,true,,,2263
2,2027-05-01,GRASP_VNS,5,2.1250,false,76.9559,377.4401,2263
2,2027-05-01,GRASP_VNS,1,2.0625,true,,,2263
2,2027-05-01,GRASP_VNS,2,2.0625,true,,,2263
2,2027-05-01,GRASP_VNS,3,2.0625,true,,,2263
2,2027-05-01,GRASP_VNS,4,2.0625,true,,,2263
2,2027-05-01,GRASP_VNS,5,2.0625,true,,,2263
2,2027-05-01,GRASP_VNS,1,2.0313,true,,,2263
2,2027-05-01,GRASP_VNS,2,2.0313,true,,,2263
2,2027-05-01,GRASP_VNS,3,2.0313,true,,,2263
2,2027-05-01,GRASP_VNS,4,2.0313,true,,,2263
2,2027-05-01,GRASP_VNS,5,2.0313,true,,,2263
2,2027-05-01,GRASP_VNS,1,2.1000,true,,,2263
2,2027-05-01,GRASP_VNS,2,2.1000,true,,,2263
2,2027-05-01,GRASP_VNS,3,2.1000,true,,,2263
2,2027-05-01,GRASP_VNS,4,2.1000,true,,,2263
2,2027-05-01,GRASP_VNS,5,2.1000,true,,,2263
2,2027-05-01,GRASP_VNS,1,2.2000,true,,,2263
2,2027-05-01,GRASP_VNS,2,2.2000,true,,,2263
2,2027-05-01,GRASP_VNS,3,2.2000,true,,,2263
2,2027-05-01,GRASP_VNS,4,2.2000,true,,,2263
2,2027-05-01,GRASP_VNS,5,2.2000,true,,,2263
2,2027-09-10,ACS,1,2.0000,true,,,2198
2,2027-09-10,ACS,2,2.0000,true,,,2198
2,2027-09-10,ACS,3,2.0000,true,,,2198
2,2027-09-10,ACS,4,2.0000,true,,,2198
2,2027-09-10,ACS,5,2.0000,true,,,2198
2,2027-09-10,ACS,1,1.5000,false,40.7464,212.6980,2198
2,2027-09-10,ACS,2,1.5000,false,41.1238,209.4901,2198
2,2027-09-10,ACS,3,1.5000,false,40.7000,211.9084,2198
2,2027-09-10,ACS,4,1.5000,false,41.7812,210.1040,2198
2,2027-09-10,ACS,5,1.5000,false,42.4440,208.6485,2198
2,2027-09-10,ACS,1,1.7500,false,46.5896,232.9307,2198
2,2027-09-10,ACS,2,1.7500,true,,,2198
2,2027-09-10,ACS,3,1.7500,true,,,2198
2,2027-09-10,ACS,4,1.7500,true,,,2198
2,2027-09-10,ACS,5,1.7500,true,,,2198
2,2027-09-10,ACS,1,1.6250,false,44.5041,225.3391,2198
2,2027-09-10,ACS,2,1.6250,true,,,2198
2,2027-09-10,ACS,3,1.6250,false,44.7285,223.9530,2198
2,2027-09-10,ACS,4,1.6250,true,,,2198
2,2027-09-10,ACS,5,1.6250,false,48.8037,229.7525,2198
2,2027-09-10,ACS,1,1.5625,false,44.5859,222.3168,2198
2,2027-09-10,ACS,2,1.5625,true,,,2198
2,2027-09-10,ACS,3,1.5625,false,41.2548,221.1287,2198
2,2027-09-10,ACS,4,1.5625,false,45.1458,222.7302,2198
2,2027-09-10,ACS,5,1.5625,false,41.9515,220.2574,2198
2,2027-09-10,ACS,1,1.5313,true,,,2198
2,2027-09-10,ACS,2,1.5313,false,44.6404,220.9134,2198
2,2027-09-10,ACS,3,1.5313,false,45.2331,223.3985,2198
2,2027-09-10,ACS,4,1.5313,true,,,2198
2,2027-09-10,ACS,5,1.5313,false,43.5269,221.3193,2198
2,2027-09-10,ACS,1,1.6000,false,43.3979,221.5322,2198
2,2027-09-10,ACS,2,1.6000,true,,,2198
2,2027-09-10,ACS,3,1.6000,false,44.0469,221.2153,2198
2,2027-09-10,ACS,4,1.6000,false,45.5430,221.2748,2198
2,2027-09-10,ACS,5,1.6000,false,41.7778,219.3762,2198
2,2027-09-10,ACS,1,1.7000,true,,,2198
2,2027-09-10,ACS,2,1.7000,true,,,2198
2,2027-09-10,ACS,3,1.7000,false,43.7478,227.0594,2198
2,2027-09-10,ACS,4,1.7000,true,,,2198
2,2027-09-10,ACS,5,1.7000,false,47.1015,229.7401,2198
2,2027-09-10,GRASP_VNS,1,2.0000,false,58.0652,335.1708,2198
2,2027-09-10,GRASP_VNS,2,2.0000,false,57.9794,337.5050,2198
2,2027-09-10,GRASP_VNS,3,2.0000,false,58.1277,332.7376,2198
2,2027-09-10,GRASP_VNS,4,2.0000,false,61.0850,349.9307,2198
2,2027-09-10,GRASP_VNS,5,2.0000,false,56.4246,331.0619,2198
2,2027-09-10,GRASP_VNS,1,4.0000,true,,,2198
2,2027-09-10,GRASP_VNS,2,4.0000,true,,,2198
2,2027-09-10,GRASP_VNS,3,4.0000,true,,,2198
2,2027-09-10,GRASP_VNS,4,4.0000,true,,,2198
2,2027-09-10,GRASP_VNS,5,4.0000,true,,,2198
2,2027-09-10,GRASP_VNS,1,3.0000,true,,,2198
2,2027-09-10,GRASP_VNS,2,3.0000,true,,,2198
2,2027-09-10,GRASP_VNS,3,3.0000,true,,,2198
2,2027-09-10,GRASP_VNS,4,3.0000,true,,,2198
2,2027-09-10,GRASP_VNS,5,3.0000,true,,,2198
2,2027-09-10,GRASP_VNS,1,2.5000,true,,,2198
2,2027-09-10,GRASP_VNS,2,2.5000,true,,,2198
2,2027-09-10,GRASP_VNS,3,2.5000,true,,,2198
2,2027-09-10,GRASP_VNS,4,2.5000,true,,,2198
2,2027-09-10,GRASP_VNS,5,2.5000,true,,,2198
2,2027-09-10,GRASP_VNS,1,2.2500,true,,,2198
2,2027-09-10,GRASP_VNS,2,2.2500,true,,,2198
2,2027-09-10,GRASP_VNS,3,2.2500,true,,,2198
2,2027-09-10,GRASP_VNS,4,2.2500,true,,,2198
2,2027-09-10,GRASP_VNS,5,2.2500,true,,,2198
2,2027-09-10,GRASP_VNS,1,2.1250,true,,,2198
2,2027-09-10,GRASP_VNS,2,2.1250,true,,,2198
2,2027-09-10,GRASP_VNS,3,2.1250,false,72.5388,377.7500,2198
2,2027-09-10,GRASP_VNS,4,2.1250,true,,,2198
2,2027-09-10,GRASP_VNS,5,2.1250,true,,,2198
2,2027-09-10,GRASP_VNS,1,2.0625,true,,,2198
2,2027-09-10,GRASP_VNS,2,2.0625,false,71.4897,374.6609,2198
2,2027-09-10,GRASP_VNS,3,2.0625,true,,,2198
2,2027-09-10,GRASP_VNS,4,2.0625,false,72.7735,373.0025,2198
2,2027-09-10,GRASP_VNS,5,2.0625,false,72.4017,371.8391,2198
2,2027-09-10,GRASP_VNS,1,2.0313,true,,,2198
2,2027-09-10,GRASP_VNS,2,2.0313,false,71.4897,374.6609,2198
2,2027-09-10,GRASP_VNS,3,2.0313,true,,,2198
2,2027-09-10,GRASP_VNS,4,2.0313,false,72.7735,373.0025,2198
2,2027-09-10,GRASP_VNS,5,2.0313,false,72.4017,371.8391,2198
2,2027-09-10,GRASP_VNS,1,2.1000,true,,,2198
2,2027-09-10,GRASP_VNS,2,2.1000,false,71.4897,374.6609,2198
2,2027-09-10,GRASP_VNS,3,2.1000,true,,,2198
2,2027-09-10,GRASP_VNS,4,2.1000,false,72.7735,373.0025,2198
2,2027-09-10,GRASP_VNS,5,2.1000,false,72.4017,371.8391,2198
2,2027-09-10,GRASP_VNS,1,2.2000,true,,,2198
2,2027-09-10,GRASP_VNS,2,2.2000,true,,,2198
2,2027-09-10,GRASP_VNS,3,2.2000,true,,,2198
2,2027-09-10,GRASP_VNS,4,2.2000,true,,,2198
2,2027-09-10,GRASP_VNS,5,2.2000,true,,,2198
2,2027-05-03,ACS,1,2.0000,true,,,2259
2,2027-05-03,ACS,2,2.0000,true,,,2259
2,2027-05-03,ACS,3,2.0000,false,50.8916,253.2531,2259
2,2027-05-03,ACS,4,2.0000,false,50.8316,252.6154,2259
2,2027-05-03,ACS,5,2.0000,true,,,2259
2,2027-05-03,ACS,1,1.5000,false,43.3643,214.3970,2259
2,2027-05-03,ACS,2,1.5000,false,43.7315,216.1960,2259
2,2027-05-03,ACS,3,1.5000,true,,,2259
2,2027-05-03,ACS,4,1.5000,false,43.5860,216.2878,2259
2,2027-05-03,ACS,5,1.5000,false,43.8402,214.9504,2259
2,2027-05-03,ACS,1,1.2500,false,38.2531,195.4194,2259
2,2027-05-03,ACS,2,1.2500,false,37.0153,194.6352,2259
2,2027-05-03,ACS,3,1.2500,false,37.8130,197.8958,2259
2,2027-05-03,ACS,4,1.2500,false,37.9955,195.2060,2259
2,2027-05-03,ACS,5,1.2500,false,37.7313,195.2754,2259
2,2027-05-03,ACS,1,1.3750,false,42.5670,205.7543,2259
2,2027-05-03,ACS,2,1.3750,false,42.3200,209.6600,2259
2,2027-05-03,ACS,3,1.3750,false,41.4102,208.7866,2259
2,2027-05-03,ACS,4,1.3750,false,41.7821,205.7270,2259
2,2027-05-03,ACS,5,1.3750,false,42.1797,206.1638,2259
2,2027-05-03,ACS,1,1.4375,false,43.4809,213.7519,2259
2,2027-05-03,ACS,2,1.4375,true,,,2259
2,2027-05-03,ACS,3,1.4375,false,42.6321,212.0347,2259
2,2027-05-03,ACS,4,1.4375,true,,,2259
2,2027-05-03,ACS,5,1.4375,true,,,2259
2,2027-05-03,ACS,1,1.4063,false,43.3401,214.3226,2259
2,2027-05-03,ACS,2,1.4063,true,,,2259
2,2027-05-03,ACS,3,1.4063,false,41.6770,206.7643,2259
2,2027-05-03,ACS,4,1.4063,false,43.6887,210.0273,2259
2,2027-05-03,ACS,5,1.4063,true,,,2259
2,2027-05-03,ACS,1,1.4750,false,43.3643,214.3970,2259
2,2027-05-03,ACS,2,1.4750,false,43.7315,216.1960,2259
2,2027-05-03,ACS,3,1.4750,true,,,2259
2,2027-05-03,ACS,4,1.4750,false,43.5860,216.2878,2259
2,2027-05-03,ACS,5,1.4750,false,43.8402,214.9504,2259
2,2027-05-03,ACS,1,1.5750,false,45.6213,227.3896,2259
2,2027-05-03,ACS,2,1.5750,true,,,2259
2,2027-05-03,ACS,3,1.5750,false,43.6972,225.8983,2259
2,2027-05-03,ACS,4,1.5750,true,,,2259
2,2027-05-03,ACS,5,1.5750,true,,,2259
2,2027-05-03,GRASP_VNS,1,2.0000,false,63.1670,352.9801,2259
2,2027-05-03,GRASP_VNS,2,2.0000,false,61.0112,345.9355,2259
2,2027-05-03,GRASP_VNS,3,2.0000,false,61.5086,356.0372,2259
2,2027-05-03,GRASP_VNS,4,2.0000,false,58.7479,341.3375,2259
2,2027-05-03,GRASP_VNS,5,2.0000,false,63.6018,354.2779,2259
2,2027-05-03,GRASP_VNS,1,4.0000,true,,,2259
2,2027-05-03,GRASP_VNS,2,4.0000,true,,,2259
2,2027-05-03,GRASP_VNS,3,4.0000,true,,,2259
2,2027-05-03,GRASP_VNS,4,4.0000,true,,,2259
2,2027-05-03,GRASP_VNS,5,4.0000,true,,,2259
2,2027-05-03,GRASP_VNS,1,3.0000,true,,,2259
2,2027-05-03,GRASP_VNS,2,3.0000,true,,,2259
2,2027-05-03,GRASP_VNS,3,3.0000,true,,,2259
2,2027-05-03,GRASP_VNS,4,3.0000,true,,,2259
2,2027-05-03,GRASP_VNS,5,3.0000,true,,,2259
2,2027-05-03,GRASP_VNS,1,2.5000,true,,,2259
2,2027-05-03,GRASP_VNS,2,2.5000,true,,,2259
2,2027-05-03,GRASP_VNS,3,2.5000,true,,,2259
2,2027-05-03,GRASP_VNS,4,2.5000,true,,,2259
2,2027-05-03,GRASP_VNS,5,2.5000,true,,,2259
2,2027-05-03,GRASP_VNS,1,2.2500,false,74.0165,391.1514,2259
2,2027-05-03,GRASP_VNS,2,2.2500,false,75.8447,386.6749,2259
2,2027-05-03,GRASP_VNS,3,2.2500,true,,,2259
2,2027-05-03,GRASP_VNS,4,2.2500,true,,,2259
2,2027-05-03,GRASP_VNS,5,2.2500,true,,,2259
2,2027-05-03,GRASP_VNS,1,2.1250,false,72.8006,380.3375,2259
2,2027-05-03,GRASP_VNS,2,2.1250,false,75.6509,388.6526,2259
2,2027-05-03,GRASP_VNS,3,2.1250,false,71.9733,388.2854,2259
2,2027-05-03,GRASP_VNS,4,2.1250,true,,,2259
2,2027-05-03,GRASP_VNS,5,2.1250,false,74.6562,390.7419,2259
2,2027-05-03,GRASP_VNS,1,2.0625,false,72.8655,376.4591,2259
2,2027-05-03,GRASP_VNS,2,2.0625,false,72.6318,389.3945,2259
2,2027-05-03,GRASP_VNS,3,2.0625,false,72.2403,379.8189,2259
2,2027-05-03,GRASP_VNS,4,2.0625,false,74.0399,388.8164,2259
2,2027-05-03,GRASP_VNS,5,2.0625,false,74.5652,386.3151,2259
2,2027-05-03,GRASP_VNS,1,2.0938,false,72.8655,376.4591,2259
2,2027-05-03,GRASP_VNS,2,2.0938,false,72.6318,389.3945,2259
2,2027-05-03,GRASP_VNS,3,2.0938,false,72.2403,379.8189,2259
2,2027-05-03,GRASP_VNS,4,2.0938,false,74.0399,388.8164,2259
2,2027-05-03,GRASP_VNS,5,2.0938,false,74.5652,386.3151,2259
2,2027-05-03,GRASP_VNS,1,2.1938,false,73.3260,390.7618,2259
2,2027-05-03,GRASP_VNS,2,2.1938,true,,,2259
2,2027-05-03,GRASP_VNS,3,2.1938,true,,,2259
2,2027-05-03,GRASP_VNS,4,2.1938,false,74.9508,393.4243,2259
2,2027-05-03,GRASP_VNS,5,2.1938,false,74.6026,392.2084,2259
2,2027-05-03,GRASP_VNS,1,2.2938,true,,,2259
2,2027-05-03,GRASP_VNS,2,2.2938,true,,,2259
2,2027-05-03,GRASP_VNS,3,2.2938,true,,,2259
2,2027-05-03,GRASP_VNS,4,2.2938,true,,,2259
2,2027-05-03,GRASP_VNS,5,2.2938,true,,,2259
2,2027-05-05,ACS,1,2.0000,true,,,2254
2,2027-05-05,ACS,2,2.0000,true,,,2254
2,2027-05-05,ACS,3,2.0000,true,,,2254
2,2027-05-05,ACS,4,2.0000,true,,,2254
2,2027-05-05,ACS,5,2.0000,true,,,2254
2,2027-05-05,ACS,1,1.5000,false,44.9788,218.3125,2254
2,2027-05-05,ACS,2,1.5000,false,45.4817,219.7000,2254
2,2027-05-05,ACS,3,1.5000,false,44.4442,222.1075,2254
2,2027-05-05,ACS,4,1.5000,false,45.1658,223.2300,2254
2,2027-05-05,ACS,5,1.5000,false,43.9378,221.4600,2254
2,2027-05-05,ACS,1,1.7500,true,,,2254
2,2027-05-05,ACS,2,1.7500,true,,,2254
2,2027-05-05,ACS,3,1.7500,true,,,2254
2,2027-05-05,ACS,4,1.7500,true,,,2254
2,2027-05-05,ACS,5,1.7500,false,50.6597,243.8000,2254
2,2027-05-05,ACS,1,1.6250,true,,,2254
2,2027-05-05,ACS,2,1.6250,true,,,2254
2,2027-05-05,ACS,3,1.6250,true,,,2254
2,2027-05-05,ACS,4,1.6250,true,,,2254
2,2027-05-05,ACS,5,1.6250,true,,,2254
2,2027-05-05,ACS,1,1.5625,false,48.1182,235.1325,2254
2,2027-05-05,ACS,2,1.5625,false,45.6539,232.7175,2254
2,2027-05-05,ACS,3,1.5625,false,47.0790,229.9475,2254
2,2027-05-05,ACS,4,1.5625,false,47.9468,229.8675,2254
2,2027-05-05,ACS,5,1.5625,false,45.4311,229.5675,2254
2,2027-05-05,ACS,1,1.5938,false,45.2822,230.4200,2254
2,2027-05-05,ACS,2,1.5938,true,,,2254
2,2027-05-05,ACS,3,1.5938,true,,,2254
2,2027-05-05,ACS,4,1.5938,true,,,2254
2,2027-05-05,ACS,5,1.5938,false,47.8101,234.4100,2254
2,2027-05-05,ACS,1,1.6625,true,,,2254
2,2027-05-05,ACS,2,1.6625,true,,,2254
2,2027-05-05,ACS,3,1.6625,true,,,2254
2,2027-05-05,ACS,4,1.6625,true,,,2254
2,2027-05-05,ACS,5,1.6625,false,48.5483,236.5125,2254
2,2027-05-05,ACS,1,1.7625,true,,,2254
2,2027-05-05,ACS,2,1.7625,true,,,2254
2,2027-05-05,ACS,3,1.7625,true,,,2254
2,2027-05-05,ACS,4,1.7625,true,,,2254
2,2027-05-05,ACS,5,1.7625,true,,,2254
2,2027-05-05,GRASP_VNS,1,2.0000,false,65.7631,349.8275,2254
2,2027-05-05,GRASP_VNS,2,2.0000,false,64.6837,348.6875,2254
2,2027-05-05,GRASP_VNS,3,2.0000,false,61.3510,336.9425,2254
2,2027-05-05,GRASP_VNS,4,2.0000,false,61.5507,354.1850,2254
2,2027-05-05,GRASP_VNS,5,2.0000,false,61.7401,342.9475,2254
2,2027-05-05,GRASP_VNS,1,4.0000,true,,,2254
2,2027-05-05,GRASP_VNS,2,4.0000,true,,,2254
2,2027-05-05,GRASP_VNS,3,4.0000,true,,,2254
2,2027-05-05,GRASP_VNS,4,4.0000,true,,,2254
2,2027-05-05,GRASP_VNS,5,4.0000,true,,,2254
2,2027-05-05,GRASP_VNS,1,3.0000,true,,,2254
2,2027-05-05,GRASP_VNS,2,3.0000,true,,,2254
2,2027-05-05,GRASP_VNS,3,3.0000,true,,,2254
2,2027-05-05,GRASP_VNS,4,3.0000,true,,,2254
2,2027-05-05,GRASP_VNS,5,3.0000,true,,,2254
2,2027-05-05,GRASP_VNS,1,2.5000,true,,,2254
2,2027-05-05,GRASP_VNS,2,2.5000,true,,,2254
2,2027-05-05,GRASP_VNS,3,2.5000,true,,,2254
2,2027-05-05,GRASP_VNS,4,2.5000,true,,,2254
2,2027-05-05,GRASP_VNS,5,2.5000,true,,,2254
2,2027-05-05,GRASP_VNS,1,2.2500,true,,,2254
2,2027-05-05,GRASP_VNS,2,2.2500,true,,,2254
2,2027-05-05,GRASP_VNS,3,2.2500,true,,,2254
2,2027-05-05,GRASP_VNS,4,2.2500,true,,,2254
2,2027-05-05,GRASP_VNS,5,2.2500,true,,,2254
2,2027-05-05,GRASP_VNS,1,2.1250,true,,,2254
2,2027-05-05,GRASP_VNS,2,2.1250,true,,,2254
2,2027-05-05,GRASP_VNS,3,2.1250,true,,,2254
2,2027-05-05,GRASP_VNS,4,2.1250,true,,,2254
2,2027-05-05,GRASP_VNS,5,2.1250,true,,,2254
2,2027-05-05,GRASP_VNS,1,2.0625,true,,,2254
2,2027-05-05,GRASP_VNS,2,2.0625,true,,,2254
2,2027-05-05,GRASP_VNS,3,2.0625,true,,,2254
2,2027-05-05,GRASP_VNS,4,2.0625,false,75.0927,384.3975,2254
2,2027-05-05,GRASP_VNS,5,2.0625,true,,,2254
2,2027-05-05,GRASP_VNS,1,2.0313,true,,,2254
2,2027-05-05,GRASP_VNS,2,2.0313,true,,,2254
2,2027-05-05,GRASP_VNS,3,2.0313,true,,,2254
2,2027-05-05,GRASP_VNS,4,2.0313,false,75.0927,384.3975,2254
2,2027-05-05,GRASP_VNS,5,2.0313,true,,,2254
2,2027-05-05,GRASP_VNS,1,2.1000,true,,,2254
2,2027-05-05,GRASP_VNS,2,2.1000,true,,,2254
2,2027-05-05,GRASP_VNS,3,2.1000,true,,,2254
2,2027-05-05,GRASP_VNS,4,2.1000,false,75.0927,384.3975,2254
2,2027-05-05,GRASP_VNS,5,2.1000,true,,,2254
2,2027-05-05,GRASP_VNS,1,2.2000,true,,,2254
2,2027-05-05,GRASP_VNS,2,2.2000,true,,,2254
2,2027-05-05,GRASP_VNS,3,2.2000,true,,,2254
2,2027-05-05,GRASP_VNS,4,2.2000,true,,,2254
2,2027-05-05,GRASP_VNS,5,2.2000,true,,,2254
